{
    "blog_posts_all_en-US_page_0": 1715882916.311831,
    "blog_posts_battle-royale_en-US_page_0": 1715882936.7235873,
    "blog_posts_battle-royale_en-US_page_1": 1715882942.046364,
    "blog_posts_creative_en-US_page_0": 1715882957.5810575,
    "blog_posts_creative_en-US_page_1": 1715882962.8367727,
    "blog_posts_creative_en-US_page_3": 1715882973.1706223,
    "blog_posts_fortnite-festival_en-US_page_0": 1715882978.4398303,
    "blog_posts_fortnite-festival_en-US_page_2": 1715882988.7652614,
    "blog_posts_fortnite-festival_en-US_page_3": 1715882994.0295815,
    "blog_posts_lego-fortnite_en-US_page_2": 1715883009.4343193,
    "blog_posts_save-the-world_en-US_page_0": 1715883060.261221,
    "blog_posts_save-the-world_en-US_page_1": 1715883066.492916,
    "blog_posts_save-the-world_en-US_page_2": 1715883071.7342927,
    "blog_posts_save-the-world_en-US_page_3": 1715883076.9772205,
    "blog_posts_all_es-MX_page_0": 1715883102.8571367,
    "blog_posts_all_es-MX_page_2": 1715883113.4701135,
    "blog_posts_all_es-MX_page_3": 1715883118.750621,
    "blog_posts_battle-royale_es-MX_page_0": 1715883123.9705913,
    "blog_posts_battle-royale_es-MX_page_3": 1715883139.3748095,
    "blog_posts_creative_es-MX_page_2": 1715883154.768363,
    "blog_posts_creative_es-MX_page_3": 1715883160.0217044,
    "blog_posts_fortnite-festival_es-MX_page_0": 1715883165.3421934,
    "blog_posts_fortnite-festival_es-MX_page_1": 1715883170.584559,
    "blog_posts_fortnite-festival_es-MX_page_3": 1715883180.8961036,
    "blog_posts_lego-fortnite_es-MX_page_1": 1715883191.2124228,
    "blog_posts_lego-fortnite_es-MX_page_2": 1715883196.4554696,
    "blog_posts_rocket-racing_es-MX_page_2": 1715883237.2151632,
    "blog_posts_rocket-racing_es-MX_page_3": 1715883242.474223,
    "blog_posts_save-the-world_es-MX_page_1": 1715883252.8101203,
    "blog_posts_team-rumble_es-MX_page_1": 1715883273.2800667,
    "blog_posts_team-rumble_es-MX_page_2": 1715883278.5323658,
    "blog_posts_team-rumble_es-MX_page_3": 1715883283.7914429,
    "blog_posts_all_es-ES_page_1": 1715883294.221526,
    "blog_posts_battle-royale_es-ES_page_0": 1715883309.559272,
    "blog_posts_battle-royale_es-ES_page_1": 1715883314.818417,
    "blog_posts_battle-royale_es-ES_page_2": 1715883320.0980449,
    "blog_posts_creative_es-ES_page_1": 1715883335.5030398,
    "blog_posts_creative_es-ES_page_2": 1715883340.7698328,
    "blog_posts_fortnite-festival_es-ES_page_0": 1715883351.131923,
    "blog_posts_fortnite-festival_es-ES_page_2": 1715883361.442737,
    "blog_posts_lego-fortnite_es-ES_page_1": 1715883376.8591695,
    "blog_posts_lego-fortnite_es-ES_page_2": 1715883382.1304245,
    "blog_posts_lego-fortnite_es-ES_page_3": 1715883387.3899882,
    "blog_posts_ranked_es-ES_page_2": 1715883402.789331,
    "blog_posts_rocket-racing_es-ES_page_2": 1715883423.239171,
    "blog_posts_rocket-racing_es-ES_page_3": 1715883428.483157,
    "blog_posts_save-the-world_es-ES_page_0": 1715883433.7059474,
    "blog_posts_save-the-world_es-ES_page_1": 1715883438.947826,
    "blog_posts_save-the-world_es-ES_page_2": 1715883444.2043884,
    "blog_posts_save-the-world_es-ES_page_3": 1715883449.4547656,
    "blog_posts_team-rumble_es-ES_page_0": 1715883454.757175,
    "blog_posts_team-rumble_es-ES_page_1": 1715883459.9942992,
    "blog_posts_team-rumble_es-ES_page_2": 1715883465.2560213,
    "blog_posts_all_ar_page_0": 1715883475.625554,
    "blog_posts_all_ar_page_2": 1715883485.884185,
    "blog_posts_all_ar_page_3": 1715883491.1083145,
    "blog_posts_battle-royale_ar_page_0": 1715883496.3125837,
    "blog_posts_battle-royale_ar_page_1": 1715883501.5822043,
    "blog_posts_battle-royale_ar_page_2": 1715883506.8659658,
    "blog_posts_battle-royale_ar_page_3": 1715883512.1249511,
    "blog_posts_creative_ar_page_1": 1715883522.4375281,
    "blog_posts_lego-fortnite_ar_page_1": 1715883563.245438,
    "blog_posts_ranked_ar_page_0": 1715883578.7414222,
    "blog_posts_ranked_ar_page_1": 1715883583.9772196,
    "blog_posts_rocket-racing_ar_page_0": 1715883604.4450405,
    "blog_posts_save-the-world_ar_page_0": 1715883624.9845989,
    "blog_posts_save-the-world_ar_page_1": 1715883630.2293785,
    "blog_posts_save-the-world_ar_page_2": 1715883635.4835424,
    "blog_posts_team-rumble_ar_page_0": 1715883645.8532763,
    "blog_posts_all_de_page_1": 1715883671.489737,
    "blog_posts_all_de_page_2": 1715883676.781705,
    "blog_posts_battle-royale_de_page_0": 1715883687.092546,
    "blog_posts_battle-royale_de_page_3": 1715883702.459053,
    "blog_posts_creative_de_page_0": 1715883707.779898,
    "blog_posts_creative_de_page_1": 1715883713.0590158,
    "blog_posts_creative_de_page_3": 1715883723.395859,
    "blog_posts_fortnite-festival_de_page_0": 1715883728.7137544,
    "blog_posts_fortnite-festival_de_page_3": 1715883744.1015606,
    "blog_posts_lego-fortnite_de_page_0": 1715883749.3171856,
    "blog_posts_lego-fortnite_de_page_1": 1715883754.5616925,
    "blog_posts_lego-fortnite_de_page_2": 1715883759.8000655,
    "blog_posts_ranked_de_page_0": 1715883770.3922553,
    "blog_posts_ranked_de_page_1": 1715883775.6446776,
    "blog_posts_ranked_de_page_2": 1715883780.8972178,
    "blog_posts_ranked_de_page_3": 1715883786.1586218,
    "blog_posts_rocket-racing_de_page_0": 1715883791.464563,
    "blog_posts_rocket-racing_de_page_3": 1715883806.8568501,
    "blog_posts_save-the-world_de_page_1": 1715883817.1774313,
    "blog_posts_save-the-world_de_page_2": 1715883822.640335,
    "blog_posts_team-rumble_de_page_0": 1715883832.92593,
    "blog_posts_all_fr_page_0": 1715883853.3504264,
    "blog_posts_all_fr_page_1": 1715883858.70695,
    "blog_posts_all_fr_page_3": 1715883869.0665352,
    "blog_posts_battle-royale_fr_page_0": 1715883874.257001,
    "blog_posts_creative_fr_page_0": 1715883894.7738414,
    "blog_posts_creative_fr_page_1": 1715883900.025217,
    "blog_posts_creative_fr_page_2": 1715883905.278706,
    "blog_posts_fortnite-festival_fr_page_0": 1715883915.6834164,
    "blog_posts_fortnite-festival_fr_page_3": 1715883931.0849605,
    "blog_posts_lego-fortnite_fr_page_0": 1715883936.3245432,
    "blog_posts_lego-fortnite_fr_page_2": 1715883946.6752777,
    "blog_posts_ranked_fr_page_1": 1715883962.0773938,
    "blog_posts_ranked_fr_page_2": 1715883967.332762,
    "blog_posts_ranked_fr_page_3": 1715883972.6405568,
    "blog_posts_rocket-racing_fr_page_0": 1715883977.9546688,
    "blog_posts_rocket-racing_fr_page_2": 1715883988.2703247,
    "blog_posts_save-the-world_fr_page_1": 1715884003.6430714,
    "blog_posts_save-the-world_fr_page_2": 1715884008.9056442,
    "blog_posts_save-the-world_fr_page_3": 1715884014.1636078,
    "blog_posts_team-rumble_fr_page_2": 1715884029.591276,
    "blog_posts_team-rumble_fr_page_3": 1715884034.8660066,
    "blog_posts_all_it_page_0": 1715884040.3828,
    "blog_posts_all_it_page_3": 1715884055.814208,
    "blog_posts_battle-royale_it_page_0": 1715884061.0086231,
    "blog_posts_battle-royale_it_page_2": 1715884071.3317714,
    "blog_posts_creative_it_page_0": 1715884081.587324,
    "blog_posts_creative_it_page_2": 1715884091.9428337,
    "blog_posts_creative_it_page_3": 1715884097.2185056,
    "blog_posts_fortnite-festival_it_page_0": 1715884102.4207616,
    "blog_posts_fortnite-festival_it_page_1": 1715884107.6774504,
    "blog_posts_fortnite-festival_it_page_3": 1715884118.022259,
    "blog_posts_lego-fortnite_it_page_0": 1715884123.3516552,
    "blog_posts_lego-fortnite_it_page_1": 1715884128.583109,
    "blog_posts_ranked_it_page_0": 1715884144.049962,
    "blog_posts_ranked_it_page_1": 1715884149.330039,
    "blog_posts_rocket-racing_it_page_0": 1715884164.872648,
    "blog_posts_rocket-racing_it_page_1": 1715884170.134354,
    "blog_posts_rocket-racing_it_page_2": 1715884175.384151,
    "blog_posts_rocket-racing_it_page_3": 1715884180.6305285,
    "blog_posts_save-the-world_it_page_1": 1715884190.9443283,
    "blog_posts_save-the-world_it_page_2": 1715884196.2057862,