{
    "en-US": 1718050521.9585915,
    "ar": 1718050538.3966804,
    "de": 1718050554.471408,
    "es-ES": 1718050570.2363725,
    "es-MX": 1718050585.5763211,
    "fr": 1718050600.7050269,
    "it": 1718050615.8293574,
    "ja": 1718050630.9550626,
    "ko": 1718050646.0980842,
    "pl": 1718050661.246678,
    "pt-BR": 1718050676.4022222,
    "ru": 1718050691.5311978,
    "tr": 1718050706.6778734
}