{
    "en-US": 1716581641.9853263,
    "ar": 1716581660.9323926,
    "de": 1716581676.7044086,
    "es-ES": 1716581692.5368347,
    "es-MX": 1716581708.4952705,
    "fr": 1716581724.4918075,
    "it": 1716581740.4447737,
    "ja": 1716581758.3570242,
    "ko": 1716581775.542774,
    "pl": 1716581791.5039148,
    "pt-BR": 1716581807.450367,
    "ru": 1716581823.739276,
    "tr": 1716581839.42095
}