{
    "en-US": 1717146921.737146,
    "ar": 1717146937.7044358,
    "de": 1717146953.4460242,
    "es-ES": 1717146969.1746595,
    "es-MX": 1717146985.2385857,
    "fr": 1717147001.1305692,
    "it": 1717147017.0186362,
    "ja": 1717147034.1688657,
    "ko": 1717147051.2020185,
    "pl": 1717147067.1627848,
    "pt-BR": 1717147083.0745115,
    "ru": 1717147098.7827432,
    "tr": 1717147114.680932
}