{
    "en-US": 1715505124.1188772,
    "ar": 1715505140.1246789,
    "de": 1715505155.8134491,
    "es-ES": 1715505171.4692256,
    "es-MX": 1715505187.2694144,
    "fr": 1715505203.3144028,
    "it": 1715505219.0424693,
    "ja": 1715505235.351221,
    "ko": 1715505251.5617468,
    "pl": 1715505267.2916896,
    "pt-BR": 1715505283.059637,
    "ru": 1715505298.793205,
    "tr": 1715505314.8316877
}