{
    "en-US": 1718330386.915256,
    "ar": 1718330402.0807145,
    "de": 1718330417.2521145,
    "es-ES": 1718330432.4273958,
    "es-MX": 1718330447.595842,
    "fr": 1718330462.7539897,
    "it": 1718330477.9429843,
    "ja": 1718330493.1009815,
    "ko": 1718330508.286718,
    "pl": 1718330523.4436793,
    "pt-BR": 1718330538.6156487,
    "ru": 1718330553.781096,
    "tr": 1718330568.9600165
}