{
    "en-US": 1716621134.0252547,
    "ar": 1716621149.811339,
    "de": 1716621165.405545,
    "es-ES": 1716621180.908647,
    "es-MX": 1716621196.6294873,
    "fr": 1716621212.13599,
    "it": 1716621227.8651557,
    "ja": 1716621245.3392253,
    "ko": 1716621262.5020247,
    "pl": 1716621278.2105906,
    "pt-BR": 1716621294.0416837,
    "ru": 1716621309.5406196,
    "tr": 1716621325.3107078
}