{
    "en-US": 1714774352.5773902,
    "ar": 1714774368.800087,
    "de": 1714774384.383253,
    "es-ES": 1714774399.7183483,
    "es-MX": 1714774415.1097593,
    "fr": 1714774430.7308068,
    "it": 1714774446.447784,
    "ja": 1714774465.7755454,
    "ko": 1714774483.3117504,
    "pl": 1714774499.0780816,
    "pt-BR": 1714774514.674558,
    "ru": 1714774530.5379379,
    "tr": 1714774546.269297
}