{
    "en-US": 1719971990.989019,
    "ar": 1719972006.1733985,
    "de": 1719972021.4169817,
    "es-ES": 1719972036.5964751,
    "es-MX": 1719972051.784777,
    "fr": 1719972066.9571805,
    "it": 1719972082.1789703,
    "ja": 1719972097.3713892,
    "ko": 1719972112.5519028,
    "pl": 1719972127.7255654,
    "pt-BR": 1719972142.9178686,
    "ru": 1719972158.1004188,
    "tr": 1719972173.297949
}