{
    "en-US": 1719369267.5075147,
    "ar": 1719369282.709649,
    "de": 1719369297.9205093,
    "es-ES": 1719369313.1039078,
    "es-MX": 1719369328.3139572,
    "fr": 1719369343.500293,
    "it": 1719369358.7306309,
    "ja": 1719369373.9043088,
    "ko": 1719369389.0843306,
    "pl": 1719369404.2619605,
    "pt-BR": 1719369419.455984,
    "ru": 1719369434.6393204,
    "tr": 1719369449.8402827
}