{
    "en-US": 1716354902.1781194,
    "ar": 1716354918.2137835,
    "de": 1716354933.8194616,
    "es-ES": 1716354949.3369758,
    "es-MX": 1716354965.0402417,
    "fr": 1716354980.444488,
    "it": 1716354996.1286829,
    "ja": 1716355013.7646797,
    "ko": 1716355030.7397652,
    "pl": 1716355046.1242452,
    "pt-BR": 1716355061.7429793,
    "ru": 1716355077.560749,
    "tr": 1716355093.2837632
}