{
    "en-US": 1716829891.8478556,
    "ar": 1716829908.1334682,
    "de": 1716829923.9380875,
    "es-ES": 1716829939.4270942,
    "es-MX": 1716829955.438325,
    "fr": 1716829971.048693,
    "it": 1716829987.048478,
    "ja": 1716830003.518071,
    "ko": 1716830019.8747342,
    "pl": 1716830035.860154,
    "pt-BR": 1716830051.804105,
    "ru": 1716830067.4692557,
    "tr": 1716830083.4193552
}