{
    "en-US": 1721589061.3983767,
    "ar": 1721589076.5078564,
    "de": 1721589091.634707,
    "es-ES": 1721589106.7280977,
    "es-MX": 1721589121.8454115,
    "fr": 1721589136.9435034,
    "it": 1721589152.0601406,
    "ja": 1721589167.152508,
    "ko": 1721589182.2568488,
    "pl": 1721589197.34394,
    "pt-BR": 1721589212.4515007,
    "ru": 1721589227.5475888,
    "tr": 1721589242.6594748
}