{
    "en-US": 1720844188.9174473,
    "ar": 1720844204.0611596,
    "de": 1720844219.1716459,
    "es-ES": 1720844234.2654335,
    "es-MX": 1720844249.3577225,
    "fr": 1720844264.4487987,
    "it": 1720844279.566718,
    "ja": 1720844294.673456,
    "ko": 1720844309.7745974,
    "pl": 1720844324.8655703,
    "pt-BR": 1720844339.9658997,
    "ru": 1720844355.0609505,
    "tr": 1720844370.177888
}