{
    "en-US": 1713923558.1593328,
    "ar": 1713923574.2540655,
    "de": 1713923589.827679,
    "es-ES": 1713923605.1705503,
    "es-MX": 1713923620.7269442,
    "fr": 1713923636.284199,
    "it": 1713923651.828837,
    "ja": 1713923669.8641965,
    "ko": 1713923686.972199,
    "pl": 1713923702.7413304,
    "pt-BR": 1713923718.3646262,
    "ru": 1713923734.0429716,
    "tr": 1713923749.6944811
}