{
    "en-US": 1720538017.4552581,
    "ar": 1720538032.622289,
    "de": 1720538047.8016586,
    "es-ES": 1720538062.9606426,
    "es-MX": 1720538078.1534438,
    "fr": 1720538093.3082647,
    "it": 1720538108.5000656,
    "ja": 1720538123.6634157,
    "ko": 1720538138.8288114,
    "pl": 1720538153.9874918,
    "pt-BR": 1720538169.1991506,
    "ru": 1720538184.3731549,
    "tr": 1720538199.5301394
}