{
    "en-US": 1720811480.1078346,
    "ar": 1720811495.2764385,
    "de": 1720811510.440224,
    "es-ES": 1720811525.6032283,
    "es-MX": 1720811540.7950416,
    "fr": 1720811555.961361,
    "it": 1720811571.1263711,
    "ja": 1720811586.2861254,
    "ko": 1720811601.447947,
    "pl": 1720811616.6130934,
    "pt-BR": 1720811631.7975013,
    "ru": 1720811646.963407,
    "tr": 1720811662.127837
}