{
    "en-US": 1721337196.0268219,
    "ar": 1721337211.201949,
    "de": 1721337226.3652716,
    "es-ES": 1721337241.522899,
    "es-MX": 1721337256.7185304,
    "fr": 1721337271.8704088,
    "it": 1721337287.0426514,
    "ja": 1721337302.2057538,
    "ko": 1721337317.3702831,
    "pl": 1721337332.5272784,
    "pt-BR": 1721337347.7057402,
    "ru": 1721337362.8647556,
    "tr": 1721337378.0242136
}