{
    "en-US": 1720458781.810993,
    "ar": 1720458796.9741797,
    "de": 1720458812.1543572,
    "es-ES": 1720458827.3179023,
    "es-MX": 1720458842.5041494,
    "fr": 1720458857.6562133,
    "it": 1720458872.8231122,
    "ja": 1720458887.983847,
    "ko": 1720458903.1534028,
    "pl": 1720458918.3141537,
    "pt-BR": 1720458933.520464,
    "ru": 1720458948.6721704,
    "tr": 1720458963.852244
}