{
    "en-US": 1719227721.9488847,
    "ar": 1719227738.2361555,
    "de": 1719227754.0061836,
    "es-ES": 1719227769.1244457,
    "es-MX": 1719227784.3087676,
    "fr": 1719227799.418435,
    "it": 1719227814.5315142,
    "ja": 1719227829.6472127,
    "ko": 1719227844.7912047,
    "pl": 1719227859.9154484,
    "pt-BR": 1719227875.025149,
    "ru": 1719227890.1239297,
    "tr": 1719227905.2357056
}