{
    "en-US": 1721297704.1657407,
    "ar": 1721297719.2704053,
    "de": 1721297734.380224,
    "es-ES": 1721297749.4645004,
    "es-MX": 1721297764.598289,
    "fr": 1721297779.7061985,
    "it": 1721297794.83817,
    "ja": 1721297809.9286017,
    "ko": 1721297825.013305,
    "pl": 1721297840.102187,
    "pt-BR": 1721297855.2356124,
    "ru": 1721297870.3296263,
    "tr": 1721297885.4269814
}