{
    "en-US": 1713795174.8637743,
    "ar": 1713795190.9653618,
    "de": 1713795206.5464005,
    "es-ES": 1713795221.8921916,
    "es-MX": 1713795237.5195038,
    "fr": 1713795253.1591938,
    "it": 1713795268.8237631,
    "ja": 1713795287.2627134,
    "ko": 1713795304.8463094,
    "pl": 1713795320.6351445,
    "pt-BR": 1713795336.2367938,
    "ru": 1713795352.033883,
    "tr": 1713795367.7726452
}