{
    "en-US": 1722053745.427118,
    "ar": 1722053760.5241587,
    "de": 1722053775.6277683,
    "es-ES": 1722053790.7183895,
    "es-MX": 1722053805.8316438,
    "fr": 1722053820.9405653,
    "it": 1722053836.0511994,
    "ja": 1722053851.1392493,
    "ko": 1722053866.2311122,
    "pl": 1722053881.3373048,
    "pt-BR": 1722053896.4367125,
    "ru": 1722053911.5461302,
    "tr": 1722053926.653717
}