{
    "en-US": 1715364928.0586846,
    "ar": 1715364944.1137135,
    "de": 1715364959.9447947,
    "es-ES": 1715364975.4320738,
    "es-MX": 1715364991.143137,
    "fr": 1715365006.9646294,
    "it": 1715365022.7424822,
    "ja": 1715365039.055823,
    "ko": 1715365055.4219067,
    "pl": 1715365071.3523111,
    "pt-BR": 1715365086.9174154,
    "ru": 1715365102.7133315,
    "tr": 1715365118.626692
}