{
    "en-US": 1717053238.1011906,
    "ar": 1717053253.965089,
    "de": 1717053269.6149678,
    "es-ES": 1717053285.2321756,
    "es-MX": 1717053300.7330012,
    "fr": 1717053316.2328346,
    "it": 1717053332.2144504,
    "ja": 1717053349.7938428,
    "ko": 1717053366.8816705,
    "pl": 1717053382.6149075,
    "pt-BR": 1717053398.4038758,
    "ru": 1717053413.9527678,
    "tr": 1717053429.9908922
}