{
    "en-US": 1713697823.1392932,
    "ar": 1713697839.1654193,
    "de": 1713697854.8522966,
    "es-ES": 1713697870.3495176,
    "es-MX": 1713697885.7501402,
    "fr": 1713697901.4061794,
    "it": 1713697916.9595864,
    "ja": 1713697936.7134495,
    "ko": 1713697953.7795131,
    "pl": 1713697969.3881614,
    "pt-BR": 1713697984.970303,
    "ru": 1713698000.8474398,
    "tr": 1713698016.5271447
}