{
    "en-US": 1715116327.9110928,
    "ar": 1715116344.3307788,
    "de": 1715116360.1122668,
    "es-ES": 1715116375.8804183,
    "es-MX": 1715116391.900787,
    "fr": 1715116407.4334574,
    "it": 1715116423.2035997,
    "ja": 1715116441.0311356,
    "ko": 1715116458.4296741,
    "pl": 1715116474.2501214,
    "pt-BR": 1715116490.0836256,
    "ru": 1715116506.0456119,
    "tr": 1715116522.1767774
}