{
    "en-US": 1715091122.1138153,
    "ar": 1715091138.437363,
    "de": 1715091154.2254539,
    "es-ES": 1715091170.1006782,
    "es-MX": 1715091185.8819654,
    "fr": 1715091201.6138813,
    "it": 1715091217.602533,
    "ja": 1715091235.9705737,
    "ko": 1715091251.231635,
    "pl": 1715091266.454526,
    "pt-BR": 1715091281.6815848,
    "ru": 1715091297.5635664,
    "tr": 1715091313.5643444
}