{
    "en-US": 1714216245.8279684,
    "ar": 1714216261.8375018,
    "de": 1714216277.4074829,
    "es-ES": 1714216292.9051049,
    "es-MX": 1714216308.489901,
    "fr": 1714216323.832716,
    "it": 1714216339.4075491,
    "ja": 1714216357.638161,
    "ko": 1714216374.8759542,
    "pl": 1714216390.6687748,
    "pt-BR": 1714216406.255349,
    "ru": 1714216421.910244,
    "tr": 1714216437.6003346
}