{
    "en-US": 1718511336.291056,
    "ar": 1718511352.4574597,
    "de": 1718511368.4958155,
    "es-ES": 1718511384.6442056,
    "es-MX": 1718511399.8396547,
    "fr": 1718511415.0019715,
    "it": 1718511430.190388,
    "ja": 1718511445.3555708,
    "ko": 1718511460.5180607,
    "pl": 1718511475.7058263,
    "pt-BR": 1718511490.8787332,
    "ru": 1718511506.0464284,
    "tr": 1718511521.2456996
}