{
    "en-US": 1722294814.546484,
    "ar": 1722294829.7166748,
    "de": 1722294844.9145234,
    "es-ES": 1722294860.0778093,
    "es-MX": 1722294875.2553205,
    "fr": 1722294890.4121275,
    "it": 1722294905.5865676,
    "ja": 1722294920.7515981,
    "ko": 1722294935.9632041,
    "pl": 1722294951.1204698,
    "pt-BR": 1722294966.279875,
    "ru": 1722294981.4547822,
    "tr": 1722294996.6210682
}