{
    "en-US": 1718201665.534956,
    "ar": 1718201681.8911347,
    "de": 1718201697.3264668,
    "es-ES": 1718201712.5033088,
    "es-MX": 1718201727.654071,
    "fr": 1718201742.7816956,
    "it": 1718201757.8929665,
    "ja": 1718201773.0155768,
    "ko": 1718201788.1323926,
    "pl": 1718201803.3327615,
    "pt-BR": 1718201818.4515686,
    "ru": 1718201833.5860062,
    "tr": 1718201848.7259538
}