{
    "en-US": 1715911033.5439653,
    "ar": 1715911049.7149737,
    "de": 1715911065.3040965,
    "es-ES": 1715911080.9118052,
    "es-MX": 1715911096.48786,
    "fr": 1715911111.88952,
    "it": 1715911127.5937598,
    "ja": 1715911145.5015776,
    "ko": 1715911162.6151958,
    "pl": 1715911178.4471953,
    "pt-BR": 1715911194.1372056,
    "ru": 1715911209.7940254,
    "tr": 1715911225.584036
}