{
    "en-US": 1720754181.6394243,
    "ar": 1720754196.8198423,
    "de": 1720754211.9886167,
    "es-ES": 1720754227.1441047,
    "es-MX": 1720754242.3306282,
    "fr": 1720754257.48317,
    "it": 1720754272.7037153,
    "ja": 1720754287.862198,
    "ko": 1720754303.0260687,
    "pl": 1720754318.1973667,
    "pt-BR": 1720754333.3711462,
    "ru": 1720754348.5270514,
    "tr": 1720754363.7091255
}