{
    "en-US": 1719389832.3052716,
    "ar": 1719389847.4193075,
    "de": 1719389862.5575235,
    "es-ES": 1719389877.6634598,
    "es-MX": 1719389892.777504,
    "fr": 1719389907.8970776,
    "it": 1719389923.0243907,
    "ja": 1719389938.125688,
    "ko": 1719389953.2351108,
    "pl": 1719389968.3429174,
    "pt-BR": 1719389983.460284,
    "ru": 1719389998.5939102,
    "tr": 1719390013.7014399
}