{
    "en-US": 1717920946.1499848,
    "ar": 1717920962.2451735,
    "de": 1717920978.1494431,
    "es-ES": 1717920993.2724562,
    "es-MX": 1717921008.373231,
    "fr": 1717921023.476632,
    "it": 1717921038.5786598,
    "ja": 1717921053.6882343,
    "ko": 1717921068.8088484,
    "pl": 1717921083.9074216,
    "pt-BR": 1717921099.0187232,
    "ru": 1717921114.1277292,
    "tr": 1717921129.2292693
}