{
    "en-US": 1721852060.1335723,
    "ar": 1721852075.306928,
    "de": 1721852090.4848022,
    "es-ES": 1721852105.6503778,
    "es-MX": 1721852120.8435938,
    "fr": 1721852136.003362,
    "it": 1721852151.1875336,
    "ja": 1721852166.3517573,
    "ko": 1721852181.5458584,
    "pl": 1721852196.7141678,
    "pt-BR": 1721852211.9181266,
    "ru": 1721852227.0813622,
    "tr": 1721852242.2606003
}