{
    "en-US": 1714209086.957609,
    "ar": 1714209103.041447,
    "de": 1714209118.6750803,
    "es-ES": 1714209134.1585736,
    "es-MX": 1714209149.8082902,
    "fr": 1714209165.491771,
    "it": 1714209181.1856198,
    "ja": 1714209198.2466695,
    "ko": 1714209215.113499,
    "pl": 1714209230.843629,
    "pt-BR": 1714209246.401833,
    "ru": 1714209262.4384353,
    "tr": 1714209278.3743722
}