{
    "en-US": 1716339180.5227678,
    "ar": 1716339196.797751,
    "de": 1716339212.5464838,
    "es-ES": 1716339228.048026,
    "es-MX": 1716339243.871107,
    "fr": 1716339259.731854,
    "it": 1716339275.285725,
    "ja": 1716339292.5681567,
    "ko": 1716339309.3913507,
    "pl": 1716339324.9402084,
    "pt-BR": 1716339340.7783232,
    "ru": 1716339356.6808336,
    "tr": 1716339372.516872
}