{
    "en-US": 1718183676.7463562,
    "ar": 1718183693.3310966,
    "de": 1718183709.408996,
    "es-ES": 1718183725.167079,
    "es-MX": 1718183740.3792896,
    "fr": 1718183755.5867865,
    "it": 1718183770.7722962,
    "ja": 1718183785.999826,
    "ko": 1718183801.1815262,
    "pl": 1718183816.3793666,
    "pt-BR": 1718183831.558993,
    "ru": 1718183846.7297757,
    "tr": 1718183861.9013662
}