{
    "en-US": 1714976214.7330613,
    "ar": 1714976230.8004587,
    "de": 1714976246.4725769,
    "es-ES": 1714976262.1608782,
    "es-MX": 1714976277.9117632,
    "fr": 1714976293.697433,
    "it": 1714976309.4634085,
    "ja": 1714976326.0603151,
    "ko": 1714976342.3964348,
    "pl": 1714976358.124722,
    "pt-BR": 1714976373.9177253,
    "ru": 1714976389.7250934,
    "tr": 1714976405.4894297
}