{
    "en-US": 1720073980.3958683,
    "ar": 1720073995.5190163,
    "de": 1720074010.6307771,
    "es-ES": 1720074025.7343132,
    "es-MX": 1720074040.8514256,
    "fr": 1720074055.955565,
    "it": 1720074071.11157,
    "ja": 1720074086.225153,
    "ko": 1720074101.3262815,
    "pl": 1720074116.4325597,
    "pt-BR": 1720074131.5548644,
    "ru": 1720074146.6629148,
    "tr": 1720074161.836656
}