{
    "en-US": 1716117101.6406667,
    "ar": 1716117117.5872946,
    "de": 1716117133.208184,
    "es-ES": 1716117148.8886902,
    "es-MX": 1716117164.4623191,
    "fr": 1716117180.0593462,
    "it": 1716117195.6514432,
    "ja": 1716117212.4725358,
    "ko": 1716117229.279126,
    "pl": 1716117244.6836762,
    "pt-BR": 1716117260.3154042,
    "ru": 1716117275.7753801,
    "tr": 1716117291.475623
}