{
    "en-US": 1720714616.6392393,
    "ar": 1720714631.8403413,
    "de": 1720714647.024113,
    "es-ES": 1720714662.1812696,
    "es-MX": 1720714677.3792405,
    "fr": 1720714692.5339427,
    "it": 1720714707.7374003,
    "ja": 1720714722.8994749,
    "ko": 1720714738.0706878,
    "pl": 1720714753.2334354,
    "pt-BR": 1720714768.414501,
    "ru": 1720714783.5854838,
    "tr": 1720714798.7707431
}