{
    "en-US": 1717236870.2749593,
    "ar": 1717236886.2704225,
    "de": 1717236902.0765235,
    "es-ES": 1717236917.7958975,
    "es-MX": 1717236933.6352677,
    "fr": 1717236949.484352,
    "it": 1717236965.3395407,
    "ja": 1717236981.6608503,
    "ko": 1717236997.836605,
    "pl": 1717237013.6914887,
    "pt-BR": 1717237029.5267112,
    "ru": 1717237045.0272074,
    "tr": 1717237060.8938603
}