{
    "en-US": 1714853635.1629233,
    "ar": 1714853650.3984456,
    "de": 1714853666.2849586,
    "es-ES": 1714853681.486916,
    "es-MX": 1714853696.6692066,
    "fr": 1714853712.5369203,
    "it": 1714853728.032032,
    "ja": 1714853743.236394,
    "ko": 1714853760.166347,
    "pl": 1714853775.376552,
    "pt-BR": 1714853790.5564222,
    "ru": 1714853805.718515,
    "tr": 1714853820.904995
}