{
    "en-US": 1717337477.930276,
    "ar": 1717337493.8954086,
    "de": 1717337509.556732,
    "es-ES": 1717337525.2762668,
    "es-MX": 1717337541.1190226,
    "fr": 1717337556.7585368,
    "it": 1717337572.5576277,
    "ja": 1717337590.023969,
    "ko": 1717337606.6302242,
    "pl": 1717337622.131979,
    "pt-BR": 1717337637.8538783,
    "ru": 1717337653.6637332,
    "tr": 1717337669.444452
}