{
    "en-US": 1715494594.34504,
    "ar": 1715494610.1645355,
    "de": 1715494625.7207735,
    "es-ES": 1715494641.317586,
    "es-MX": 1715494656.9017372,
    "fr": 1715494672.3159032,
    "it": 1715494687.9418185,
    "ja": 1715494705.5846124,
    "ko": 1715494722.6251686,
    "pl": 1715494738.2159617,
    "pt-BR": 1715494753.804372,
    "ru": 1715494769.5091798,
    "tr": 1715494785.2085116
}