{
    "en-US": 1718399651.1803367,
    "ar": 1718399667.4865627,
    "de": 1718399683.5006144,
    "es-ES": 1718399698.6360579,
    "es-MX": 1718399713.8432338,
    "fr": 1718399728.9690683,
    "it": 1718399744.0797875,
    "ja": 1718399759.2225308,
    "ko": 1718399774.357368,
    "pl": 1718399789.4727314,
    "pt-BR": 1718399804.6300974,
    "ru": 1718399819.752014,
    "tr": 1718399834.8934693
}