{
    "en-US": 1718305885.9362142,
    "ar": 1718305902.385931,
    "de": 1718305918.2776785,
    "es-ES": 1718305933.4811676,
    "es-MX": 1718305948.7049508,
    "fr": 1718305963.885667,
    "it": 1718305979.0804155,
    "ja": 1718305994.2514045,
    "ko": 1718306009.445369,
    "pl": 1718306024.618315,
    "pt-BR": 1718306039.8098485,
    "ru": 1718306055.0231194,
    "tr": 1718306070.2114372
}