{
    "en-US": 1714068922.9521766,
    "ar": 1714068939.1425366,
    "de": 1714068954.8370407,
    "es-ES": 1714068970.7630813,
    "es-MX": 1714068986.6613803,
    "fr": 1714069002.4520018,
    "it": 1714069018.238019,
    "ja": 1714069035.950389,
    "ko": 1714069053.285088,
    "pl": 1714069069.2424822,
    "pt-BR": 1714069084.9804084,
    "ru": 1714069101.021121,
    "tr": 1714069117.0055788
}