{
    "en-US": 1721848328.3927288,
    "ar": 1721848343.5521572,
    "de": 1721848358.717014,
    "es-ES": 1721848373.8743358,
    "es-MX": 1721848389.0553362,
    "fr": 1721848404.2133555,
    "it": 1721848419.3899944,
    "ja": 1721848434.5516295,
    "ko": 1721848449.7111871,
    "pl": 1721848464.8677194,
    "pt-BR": 1721848480.0505345,
    "ru": 1721848495.2186995,
    "tr": 1721848510.3905094
}