{
    "en-US": 1718889350.037263,
    "ar": 1718889366.3984046,
    "de": 1718889382.7629979,
    "es-ES": 1718889398.7045562,
    "es-MX": 1718889413.911954,
    "fr": 1718889429.104864,
    "it": 1718889444.2886388,
    "ja": 1718889459.4650242,
    "ko": 1718889474.6437564,
    "pl": 1718889489.8369398,
    "pt-BR": 1718889505.023812,
    "ru": 1718889520.2001944,
    "tr": 1718889535.3872128
}