{
    "en-US": 1714745553.176621,
    "ar": 1714745569.346269,
    "de": 1714745584.979774,
    "es-ES": 1714745600.5960963,
    "es-MX": 1714745616.5606167,
    "fr": 1714745632.2759352,
    "it": 1714745647.935107,
    "ja": 1714745666.3100126,
    "ko": 1714745683.3950493,
    "pl": 1714745699.0919669,
    "pt-BR": 1714745714.732255,
    "ru": 1714745730.5346375,
    "tr": 1714745746.4340665
}