{
    "en-US": 1717763087.6168783,
    "ar": 1717763103.8152394,
    "de": 1717763119.5989957,
    "es-ES": 1717763134.7994003,
    "es-MX": 1717763149.9826732,
    "fr": 1717763165.150729,
    "it": 1717763180.3327236,
    "ja": 1717763195.5139568,
    "ko": 1717763210.680789,
    "pl": 1717763225.847457,
    "pt-BR": 1717763241.0253763,
    "ru": 1717763256.197291,
    "tr": 1717763271.3838086
}