{
    "en-US": 1713726705.0297995,
    "ar": 1713726721.221718,
    "de": 1713726736.898956,
    "es-ES": 1713726752.3773377,
    "es-MX": 1713726767.916792,
    "fr": 1713726783.613313,
    "it": 1713726799.313314,
    "ja": 1713726817.256915,
    "ko": 1713726834.3184447,
    "pl": 1713726850.065359,
    "pt-BR": 1713726865.7946475,
    "ru": 1713726881.5969737,
    "tr": 1713726897.4356916
}