{
    "en-US": 1721556810.3140597,
    "ar": 1721556825.4074886,
    "de": 1721556840.5081642,
    "es-ES": 1721556855.5981226,
    "es-MX": 1721556870.6790779,
    "fr": 1721556885.777239,
    "it": 1721556900.876155,
    "ja": 1721556915.9694512,
    "ko": 1721556931.0551705,
    "pl": 1721556946.1597686,
    "pt-BR": 1721556961.2553284,
    "ru": 1721556976.3686512,
    "tr": 1721556991.458847
}