{
    "en-US": 1717182725.471261,
    "ar": 1717182741.2614298,
    "de": 1717182756.9472952,
    "es-ES": 1717182772.5678234,
    "es-MX": 1717182788.3479726,
    "fr": 1717182804.0447583,
    "it": 1717182820.0101593,
    "ja": 1717182837.5874221,
    "ko": 1717182854.892018,
    "pl": 1717182870.6759593,
    "pt-BR": 1717182886.4172144,
    "ru": 1717182902.295425,
    "tr": 1717182918.1510987
}