{
    "en-US": 1714355603.173503,
    "ar": 1714355619.3814137,
    "de": 1714355635.0642922,
    "es-ES": 1714355650.8494277,
    "es-MX": 1714355666.6094844,
    "fr": 1714355682.357083,
    "it": 1714355698.2994444,
    "ja": 1714355714.7952125,
    "ko": 1714355730.9403825,
    "pl": 1714355746.698457,
    "pt-BR": 1714355762.4249961,
    "ru": 1714355778.1821685,
    "tr": 1714355794.2209852
}