{
    "en-US": 1717902917.702714,
    "ar": 1717902933.6253788,
    "de": 1717902949.6909006,
    "es-ES": 1717902965.4704797,
    "es-MX": 1717902980.6726937,
    "fr": 1717902995.8368828,
    "it": 1717903011.0224137,
    "ja": 1717903026.2045667,
    "ko": 1717903041.3837783,
    "pl": 1717903056.565621,
    "pt-BR": 1717903071.745238,
    "ru": 1717903086.9096096,
    "tr": 1717903102.0868711
}