{
    "en-US": 1720566924.8315735,
    "ar": 1720566939.991071,
    "de": 1720566955.1670008,
    "es-ES": 1720566970.319324,
    "es-MX": 1720566985.4777973,
    "fr": 1720567000.6597378,
    "it": 1720567015.8347178,
    "ja": 1720567030.9848115,
    "ko": 1720567046.1551077,
    "pl": 1720567061.3143306,
    "pt-BR": 1720567076.4850457,
    "ru": 1720567091.6633625,
    "tr": 1720567106.832076
}