{
    "en-US": 1717841670.7421608,
    "ar": 1717841688.873455,
    "de": 1717841704.5028074,
    "es-ES": 1717841719.6164114,
    "es-MX": 1717841734.7314715,
    "fr": 1717841749.8255715,
    "it": 1717841764.919738,
    "ja": 1717841780.0147603,
    "ko": 1717841795.1352713,
    "pl": 1717841810.2319489,
    "pt-BR": 1717841825.3337805,
    "ru": 1717841840.4247942,
    "tr": 1717841855.531911
}