{
    "en-US": 1714703117.9741428,
    "ar": 1714703134.0662434,
    "de": 1714703149.8076363,
    "es-ES": 1714703165.3273861,
    "es-MX": 1714703180.8731585,
    "fr": 1714703196.6783018,
    "it": 1714703212.5335186,
    "ja": 1714703228.9730904,
    "ko": 1714703245.2219124,
    "pl": 1714703261.006541,
    "pt-BR": 1714703276.820729,
    "ru": 1714703292.6414506,
    "tr": 1714703308.4328773
}