{
    "en-US": 1718676050.7945154,
    "ar": 1718676067.156316,
    "de": 1718676083.0728123,
    "es-ES": 1718676098.2732055,
    "es-MX": 1718676113.4551344,
    "fr": 1718676128.6303198,
    "it": 1718676143.8151617,
    "ja": 1718676158.9804885,
    "ko": 1718676174.1770556,
    "pl": 1718676189.353295,
    "pt-BR": 1718676204.528346,
    "ru": 1718676219.7020547,
    "tr": 1718676234.880344
}