{
    "en-US": 1714697634.3558798,
    "ar": 1714697650.7004192,
    "de": 1714697666.359264,
    "es-ES": 1714697682.1851068,
    "es-MX": 1714697697.9737399,
    "fr": 1714697713.7866235,
    "it": 1714697729.5430593,
    "ja": 1714697746.1042025,
    "ko": 1714697762.5069582,
    "pl": 1714697778.3085513,
    "pt-BR": 1714697794.0404305,
    "ru": 1714697809.8455024,
    "tr": 1714697825.6417422
}