{
    "en-US": 1721654236.0825233,
    "ar": 1721654251.2484913,
    "de": 1721654266.4271798,
    "es-ES": 1721654281.6062372,
    "es-MX": 1721654296.785107,
    "fr": 1721654311.954662,
    "it": 1721654327.1280234,
    "ja": 1721654342.2902443,
    "ko": 1721654357.4544315,
    "pl": 1721654372.6264732,
    "pt-BR": 1721654387.8050067,
    "ru": 1721654402.9870546,
    "tr": 1721654418.1561227
}