{
    "en-US": 1716873246.6418138,
    "ar": 1716873262.5502067,
    "de": 1716873278.1562643,
    "es-ES": 1716873293.757396,
    "es-MX": 1716873309.512125,
    "fr": 1716873325.2091012,
    "it": 1716873340.9732866,
    "ja": 1716873358.848452,
    "ko": 1716873375.9839046,
    "pl": 1716873391.6958427,
    "pt-BR": 1716873407.652704,
    "ru": 1716873423.1639576,
    "tr": 1716873439.1325414
}