{
    "en-US": 1716950016.3811426,
    "ar": 1716950032.3247566,
    "de": 1716950047.822818,
    "es-ES": 1716950063.3327143,
    "es-MX": 1716950078.9765005,
    "fr": 1716950094.5894718,
    "it": 1716950110.210471,
    "ja": 1716950127.4801576,
    "ko": 1716950144.1213524,
    "pl": 1716950159.7651148,
    "pt-BR": 1716950175.396502,
    "ru": 1716950191.09361,
    "tr": 1716950206.7600543
}