{
    "en-US": 1718680584.647419,
    "ar": 1718680600.5343864,
    "de": 1718680616.2162843,
    "es-ES": 1718680631.3438203,
    "es-MX": 1718680646.45671,
    "fr": 1718680661.5567753,
    "it": 1718680676.6869512,
    "ja": 1718680691.7899168,
    "ko": 1718680706.9123015,
    "pl": 1718680722.0154176,
    "pt-BR": 1718680737.1428897,
    "ru": 1718680752.2575517,
    "tr": 1718680767.4076416
}