{
    "en-US": 1715940803.6573272,
    "ar": 1715940819.664772,
    "de": 1715940835.4374528,
    "es-ES": 1715940851.2150164,
    "es-MX": 1715940867.0872824,
    "fr": 1715940882.8693843,
    "it": 1715940898.660448,
    "ja": 1715940915.0151083,
    "ko": 1715940931.2236643,
    "pl": 1715940946.9971464,
    "pt-BR": 1715940962.7696767,
    "ru": 1715940978.6421874,
    "tr": 1715940994.4327033
}