{
    "en-US": 1719767537.450018,
    "ar": 1719767552.6728647,
    "de": 1719767567.8725138,
    "es-ES": 1719767583.0682926,
    "es-MX": 1719767598.2678287,
    "fr": 1719767613.4555922,
    "it": 1719767628.6630714,
    "ja": 1719767643.890086,
    "ko": 1719767659.1017437,
    "pl": 1719767674.2982016,
    "pt-BR": 1719767689.4986656,
    "ru": 1719767704.696043,
    "tr": 1719767719.8886852
}