{
    "en-US": 1717668879.135417,
    "ar": 1717668895.2933724,
    "de": 1717668911.0269437,
    "es-ES": 1717668926.1540802,
    "es-MX": 1717668941.268356,
    "fr": 1717668956.3778741,
    "it": 1717668971.5055501,
    "ja": 1717668986.606228,
    "ko": 1717669001.731194,
    "pl": 1717669016.826902,
    "pt-BR": 1717669031.9403446,
    "ru": 1717669047.0783281,
    "tr": 1717669062.191299
}