{
    "en-US": 1720876495.610709,
    "ar": 1720876510.767384,
    "de": 1720876525.93957,
    "es-ES": 1720876541.1041784,
    "es-MX": 1720876556.2761898,
    "fr": 1720876571.4415412,
    "it": 1720876586.6025786,
    "ja": 1720876601.7577496,
    "ko": 1720876616.9177027,
    "pl": 1720876632.0750966,
    "pt-BR": 1720876647.2666798,
    "ru": 1720876662.428048,
    "tr": 1720876677.5807383
}