{
    "en-US": 1721949297.3454368,
    "ar": 1721949312.5145004,
    "de": 1721949327.6863441,
    "es-ES": 1721949342.8512948,
    "es-MX": 1721949358.0168972,
    "fr": 1721949373.1686525,
    "it": 1721949388.363594,
    "ja": 1721949403.521333,
    "ko": 1721949418.6927528,
    "pl": 1721949433.8422458,
    "pt-BR": 1721949449.0194309,
    "ru": 1721949464.1760745,
    "tr": 1721949479.373332
}