{
    "en-US": 1720912361.693686,
    "ar": 1720912376.8716443,
    "de": 1720912392.0366592,
    "es-ES": 1720912407.190988,
    "es-MX": 1720912422.3546245,
    "fr": 1720912437.5063663,
    "it": 1720912452.7030466,
    "ja": 1720912467.8573272,
    "ko": 1720912483.013394,
    "pl": 1720912498.1687,
    "pt-BR": 1720912513.335704,
    "ru": 1720912528.4936924,
    "tr": 1720912543.6618345
}