{
    "en-US": 1720106070.2538235,
    "ar": 1720106085.4317553,
    "de": 1720106100.612743,
    "es-ES": 1720106115.789347,
    "es-MX": 1720106130.9789002,
    "fr": 1720106146.1635642,
    "it": 1720106161.3547702,
    "ja": 1720106176.5357506,
    "ko": 1720106191.7087276,
    "pl": 1720106206.877186,
    "pt-BR": 1720106222.058483,
    "ru": 1720106237.2470827,
    "tr": 1720106252.425182
}