{
    "en-US": 1714155328.6468103,
    "ar": 1714155344.693355,
    "de": 1714155360.0878868,
    "es-ES": 1714155375.468379,
    "es-MX": 1714155390.9193194,
    "fr": 1714155406.5619466,
    "it": 1714155422.0260549,
    "ja": 1714155440.9919744,
    "ko": 1714155458.5550942,
    "pl": 1714155474.2146742,
    "pt-BR": 1714155489.6461267,
    "ru": 1714155505.171144,
    "tr": 1714155520.704895
}