{
    "en-US": 1717398817.6797085,
    "ar": 1717398833.7156625,
    "de": 1717398849.3572342,
    "es-ES": 1717398864.9466732,
    "es-MX": 1717398880.6840496,
    "fr": 1717398896.4264157,
    "it": 1717398912.167266,
    "ja": 1717398930.5512264,
    "ko": 1717398947.721454,
    "pl": 1717398963.429386,
    "pt-BR": 1717398979.4925985,
    "ru": 1717398995.28246,
    "tr": 1717399011.1738532
}