{
    "en-US": 1713820263.3730419,
    "ar": 1713820281.8597355,
    "de": 1713820297.8200543,
    "es-ES": 1713820313.2341259,
    "es-MX": 1713820328.930734,
    "fr": 1713820344.6486778,
    "it": 1713820360.3714926,
    "ja": 1713820378.032019,
    "ko": 1713820394.8173993,
    "pl": 1713820410.720623,
    "pt-BR": 1713820426.542958,
    "ru": 1713820442.4792924,
    "tr": 1713820458.335129
}