{
    "en-US": 1720790230.3394482,
    "ar": 1720790245.5208645,
    "de": 1720790260.684867,
    "es-ES": 1720790275.8425713,
    "es-MX": 1720790291.022615,
    "fr": 1720790306.177956,
    "it": 1720790321.351787,
    "ja": 1720790336.5042634,
    "ko": 1720790351.6643229,
    "pl": 1720790366.8327277,
    "pt-BR": 1720790382.062442,
    "ru": 1720790397.215747,
    "tr": 1720790412.3792093
}