{
    "en-US": 1719789278.80166,
    "ar": 1719789293.9255052,
    "de": 1719789309.067057,
    "es-ES": 1719789324.168417,
    "es-MX": 1719789339.2870061,
    "fr": 1719789354.3947725,
    "it": 1719789369.5374792,
    "ja": 1719789384.643582,
    "ko": 1719789399.7502458,
    "pl": 1719789414.8688824,
    "pt-BR": 1719789429.997216,
    "ru": 1719789445.1081185,
    "tr": 1719789460.2408364
}