{
    "en-US": 1716342942.3320372,
    "ar": 1716342958.4000392,
    "de": 1716342974.2624018,
    "es-ES": 1716342990.008619,
    "es-MX": 1716343005.7953773,
    "fr": 1716343021.3288386,
    "it": 1716343037.1665444,
    "ja": 1716343053.5804584,
    "ko": 1716343069.8704634,
    "pl": 1716343085.4161735,
    "pt-BR": 1716343101.2473154,
    "ru": 1716343117.096228,
    "tr": 1716343132.9100487
}