{
    "en-US": 1721819531.7755044,
    "ar": 1721819546.9582613,
    "de": 1721819562.1219206,
    "es-ES": 1721819577.2710283,
    "es-MX": 1721819592.4424515,
    "fr": 1721819607.5931237,
    "it": 1721819622.7670348,
    "ja": 1721819637.9171882,
    "ko": 1721819653.0754018,
    "pl": 1721819668.2317207,
    "pt-BR": 1721819683.4158194,
    "ru": 1721819698.5848262,
    "tr": 1721819713.7425184
}