{
    "en-US": 1716947977.1783214,
    "ar": 1716947992.9498694,
    "de": 1716948008.7743592,
    "es-ES": 1716948024.4186695,
    "es-MX": 1716948040.1737337,
    "fr": 1716948055.6675558,
    "it": 1716948071.6806593,
    "ja": 1716948089.1356204,
    "ko": 1716948105.8395185,
    "pl": 1716948121.3207724,
    "pt-BR": 1716948137.2367535,
    "ru": 1716948153.082122,
    "tr": 1716948168.9287515
}