{
    "en-US": 1717690619.0648656,
    "ar": 1717690635.0350738,
    "de": 1717690650.745842,
    "es-ES": 1717690665.8769822,
    "es-MX": 1717690681.0059354,
    "fr": 1717690696.1140943,
    "it": 1717690711.2528932,
    "ja": 1717690726.3695931,
    "ko": 1717690741.5455356,
    "pl": 1717690756.6572978,
    "pt-BR": 1717690771.773707,
    "ru": 1717690786.9013648,
    "tr": 1717690802.0473526
}