{
    "en-US": 1721549748.3620167,
    "ar": 1721549763.5485184,
    "de": 1721549778.7142942,
    "es-ES": 1721549793.885932,
    "es-MX": 1721549809.0843983,
    "fr": 1721549824.2472444,
    "it": 1721549839.4130602,
    "ja": 1721549854.5821958,
    "ko": 1721549869.7419503,
    "pl": 1721549884.8998067,
    "pt-BR": 1721549900.090064,
    "ru": 1721549915.2505865,
    "tr": 1721549930.4160032
}