{
    "en-US": 1721786667.3320048,
    "ar": 1721786682.438735,
    "de": 1721786697.551753,
    "es-ES": 1721786712.6505978,
    "es-MX": 1721786727.7816706,
    "fr": 1721786742.8685765,
    "it": 1721786757.9994526,
    "ja": 1721786773.0916612,
    "ko": 1721786788.190766,
    "pl": 1721786803.2882173,
    "pt-BR": 1721786818.4028442,
    "ru": 1721786833.50074,
    "tr": 1721786848.6166914
}