{
    "en-US": 1720163611.665956,
    "ar": 1720163626.7828124,
    "de": 1720163641.893575,
    "es-ES": 1720163656.9962006,
    "es-MX": 1720163672.1233833,
    "fr": 1720163687.2778368,
    "it": 1720163702.4081738,
    "ja": 1720163717.5078957,
    "ko": 1720163732.617047,
    "pl": 1720163747.7170382,
    "pt-BR": 1720163762.85801,
    "ru": 1720163777.9926434,
    "tr": 1720163793.1114898
}