{
    "en-US": 1715447514.3586118,
    "ar": 1715447530.4306095,
    "de": 1715447546.1402857,
    "es-ES": 1715447561.9018087,
    "es-MX": 1715447577.619843,
    "fr": 1715447593.5865395,
    "it": 1715447609.381622,
    "ja": 1715447625.8477738,
    "ko": 1715447642.0569024,
    "pl": 1715447657.823534,
    "pt-BR": 1715447673.6148012,
    "ru": 1715447689.4622002,
    "tr": 1715447705.2267406
}