{
    "en-US": 1717650881.7443295,
    "ar": 1717650897.8766813,
    "de": 1717650913.6304908,
    "es-ES": 1717650928.761749,
    "es-MX": 1717650943.9162688,
    "fr": 1717650959.0314758,
    "it": 1717650974.1685946,
    "ja": 1717650989.2809188,
    "ko": 1717651004.4161382,
    "pl": 1717651019.5249426,
    "pt-BR": 1717651034.6543753,
    "ru": 1717651049.7636623,
    "tr": 1717651064.8947825
}