{
    "en-US": 1715969808.6301012,
    "ar": 1715969824.758286,
    "de": 1715969840.2737818,
    "es-ES": 1715969855.9780378,
    "es-MX": 1715969871.772596,
    "fr": 1715969887.3954275,
    "it": 1715969903.2149334,
    "ja": 1715969920.6163561,
    "ko": 1715969937.643899,
    "pl": 1715969953.3735063,
    "pt-BR": 1715969969.177611,
    "ru": 1715969984.64736,
    "tr": 1715970000.4200997
}