{
    "en-US": 1717002811.574165,
    "ar": 1717002827.76736,
    "de": 1717002843.440966,
    "es-ES": 1717002859.0754075,
    "es-MX": 1717002874.5531313,
    "fr": 1717002890.041246,
    "it": 1717002905.840291,
    "ja": 1717002924.0353658,
    "ko": 1717002941.29661,
    "pl": 1717002956.791656,
    "pt-BR": 1717002972.6441908,
    "ru": 1717002988.1850736,
    "tr": 1717003004.2500017
}