{
    "en-US": 1715516498.9665647,
    "ar": 1715516515.1347044,
    "de": 1715516530.938663,
    "es-ES": 1715516546.615339,
    "es-MX": 1715516562.397067,
    "fr": 1715516578.135254,
    "it": 1715516593.8931978,
    "ja": 1715516611.5670714,
    "ko": 1715516628.5223227,
    "pl": 1715516644.324212,
    "pt-BR": 1715516660.0623798,
    "ru": 1715516675.7242358,
    "tr": 1715516691.7577035
}