{
    "en-US": 1719652526.4508994,
    "ar": 1719652541.621341,
    "de": 1719652556.7916996,
    "es-ES": 1719652571.954664,
    "es-MX": 1719652587.154953,
    "fr": 1719652602.3154569,
    "it": 1719652617.4903834,
    "ja": 1719652632.665208,
    "ko": 1719652647.8328054,
    "pl": 1719652663.024972,
    "pt-BR": 1719652678.2475562,
    "ru": 1719652693.4196813,
    "tr": 1719652708.5951006
}