{
    "en-US": 1720433726.6432335,
    "ar": 1720433741.8017023,
    "de": 1720433756.9731462,
    "es-ES": 1720433772.1306212,
    "es-MX": 1720433787.3046017,
    "fr": 1720433802.4615088,
    "it": 1720433817.621135,
    "ja": 1720433832.7793267,
    "ko": 1720433847.93466,
    "pl": 1720433863.090188,
    "pt-BR": 1720433878.2804413,
    "ru": 1720433893.4473112,
    "tr": 1720433908.6057618
}