{
    "en-US": 1713957078.9480314,
    "ar": 1713957094.8459897,
    "de": 1713957110.5181167,
    "es-ES": 1713957126.1832328,
    "es-MX": 1713957141.8745396,
    "fr": 1713957157.6054323,
    "it": 1713957173.2923694,
    "ja": 1713957190.0157456,
    "ko": 1713957206.2068222,
    "pl": 1713957221.9779003,
    "pt-BR": 1713957237.669358,
    "ru": 1713957253.3785338,
    "tr": 1713957269.0319743
}