{
    "en-US": 1718240096.4027483,
    "ar": 1718240112.5800421,
    "de": 1718240128.0556235,
    "es-ES": 1718240143.1918416,
    "es-MX": 1718240158.365724,
    "fr": 1718240173.4927902,
    "it": 1718240188.6281376,
    "ja": 1718240203.747099,
    "ko": 1718240218.9280353,
    "pl": 1718240234.0505517,
    "pt-BR": 1718240249.188561,
    "ru": 1718240264.3032682,
    "tr": 1718240279.431222
}