{
    "en-US": 1721711662.7048144,
    "ar": 1721711677.8201487,
    "de": 1721711692.944799,
    "es-ES": 1721711708.034538,
    "es-MX": 1721711723.149882,
    "fr": 1721711738.2681234,
    "it": 1721711753.3763556,
    "ja": 1721711768.4621525,
    "ko": 1721711783.5568054,
    "pl": 1721711798.6486917,
    "pt-BR": 1721711813.7461936,
    "ru": 1721711828.8579469,
    "tr": 1721711843.9491713
}