{
    "en-US": 1719202618.5736525,
    "ar": 1719202634.9702332,
    "de": 1719202650.6902227,
    "es-ES": 1719202665.82299,
    "es-MX": 1719202680.9963763,
    "fr": 1719202696.1042488,
    "it": 1719202711.2328136,
    "ja": 1719202726.35208,
    "ko": 1719202741.4999309,
    "pl": 1719202756.6187932,
    "pt-BR": 1719202771.7517874,
    "ru": 1719202786.864429,
    "tr": 1719202802.003623
}