{
    "en-US": 1718043464.5041332,
    "ar": 1718043480.7558174,
    "de": 1718043496.6809154,
    "es-ES": 1718043512.344838,
    "es-MX": 1718043528.2280731,
    "fr": 1718043543.3659391,
    "it": 1718043558.4900067,
    "ja": 1718043573.595677,
    "ko": 1718043588.7295458,
    "pl": 1718043603.8438535,
    "pt-BR": 1718043619.0086405,
    "ru": 1718043634.1347687,
    "tr": 1718043649.2454848
}