{
    "en-US": 1715886661.7687032,
    "ar": 1715886677.9457214,
    "de": 1715886693.758656,
    "es-ES": 1715886709.4712846,
    "es-MX": 1715886725.595798,
    "fr": 1715886741.4274793,
    "it": 1715886757.2285516,
    "ja": 1715886774.9746153,
    "ko": 1715886792.1058545,
    "pl": 1715886807.9475248,
    "pt-BR": 1715886823.5080545,
    "ru": 1715886839.5083892,
    "tr": 1715886855.3939252
}