{
    "en-US": 1718057656.2513824,
    "ar": 1718057674.1546462,
    "de": 1718057689.8794012,
    "es-ES": 1718057705.013538,
    "es-MX": 1718057720.1295109,
    "fr": 1718057735.2480488,
    "it": 1718057750.4124968,
    "ja": 1718057765.5202174,
    "ko": 1718057780.6393132,
    "pl": 1718057795.7506807,
    "pt-BR": 1718057810.9111645,
    "ru": 1718057826.0099008,
    "tr": 1718057841.1501546
}