{
    "en-US": 1717733801.4084253,
    "ar": 1717733816.6032336,
    "de": 1717733831.782377,
    "es-ES": 1717733846.94233,
    "es-MX": 1717733862.112776,
    "fr": 1717733877.2792332,
    "it": 1717733892.4730244,
    "ja": 1717733907.633524,
    "ko": 1717733922.7994714,
    "pl": 1717733937.9569907,
    "pt-BR": 1717733953.1240947,
    "ru": 1717733968.299883,
    "tr": 1717733983.495366
}