{
    "en-US": 1717751674.559031,
    "ar": 1717751690.3998272,
    "de": 1717751706.3139558,
    "es-ES": 1717751721.952058,
    "es-MX": 1717751737.0992901,
    "fr": 1717751752.1995802,
    "it": 1717751767.3100507,
    "ja": 1717751782.410988,
    "ko": 1717751797.5175858,
    "pl": 1717751812.6372678,
    "pt-BR": 1717751827.748923,
    "ru": 1717751842.8503678,
    "tr": 1717751857.956651
}