{
    "en-US": 1719699279.6337285,
    "ar": 1719699294.936323,
    "de": 1719699310.1114826,
    "es-ES": 1719699325.2781634,
    "es-MX": 1719699340.4595149,
    "fr": 1719699355.6208155,
    "it": 1719699370.8050308,
    "ja": 1719699385.974826,
    "ko": 1719699401.139647,
    "pl": 1719699416.3089013,
    "pt-BR": 1719699431.4926116,
    "ru": 1719699446.660441,
    "tr": 1719699461.8434975
}