{
    "en-US": 1719159326.743979,
    "ar": 1719159342.952926,
    "de": 1719159358.7115393,
    "es-ES": 1719159373.85098,
    "es-MX": 1719159388.9970815,
    "fr": 1719159404.1031754,
    "it": 1719159419.224284,
    "ja": 1719159434.3350782,
    "ko": 1719159449.485114,
    "pl": 1719159464.5915794,
    "pt-BR": 1719159479.7078083,
    "ru": 1719159494.808658,
    "tr": 1719159509.9136689
}