{
    "en-US": 1714803315.070817,
    "ar": 1714803330.2842283,
    "de": 1714803345.5122821,
    "es-ES": 1714803360.7249796,
    "es-MX": 1714803375.9430966,
    "fr": 1714803391.151065,
    "it": 1714803407.717684,
    "ja": 1714803424.0878875,
    "ko": 1714803440.3248656,
    "pl": 1714803455.9971251,
    "pt-BR": 1714803471.7362356,
    "ru": 1714803487.5409443,
    "tr": 1714803503.3205948
}