{
    "en-US": 1717542888.0820775,
    "ar": 1717542904.2450943,
    "de": 1717542919.9508789,
    "es-ES": 1717542935.309925,
    "es-MX": 1717542950.8197608,
    "fr": 1717542966.6276917,
    "it": 1717542982.533532,
    "ja": 1717542999.6814232,
    "ko": 1717543016.3538945,
    "pl": 1717543032.1736145,
    "pt-BR": 1717543048.3217957,
    "ru": 1717543064.0285668,
    "tr": 1717543079.648499
}