{
    "en-US": 1713723317.8376288,
    "ar": 1713723333.8037784,
    "de": 1713723349.353057,
    "es-ES": 1713723364.8944204,
    "es-MX": 1713723380.3156195,
    "fr": 1713723395.8838854,
    "it": 1713723411.5781605,
    "ja": 1713723428.8050485,
    "ko": 1713723445.7622173,
    "pl": 1713723461.3422973,
    "pt-BR": 1713723476.94179,
    "ru": 1713723492.641079,
    "tr": 1713723508.3045657
}