{
    "en-US": 1716610482.0007937,
    "ar": 1716610497.8952234,
    "de": 1716610513.7094944,
    "es-ES": 1716610529.3838134,
    "es-MX": 1716610545.2717755,
    "fr": 1716610561.101988,
    "it": 1716610576.9769669,
    "ja": 1716610593.5289054,
    "ko": 1716610609.8203187,
    "pl": 1716610625.4379323,
    "pt-BR": 1716610641.536322,
    "ru": 1716610657.1921537,
    "tr": 1716610673.0581946
}