{
    "en-US": 1716750672.8082845,
    "ar": 1716750688.629442,
    "de": 1716750704.2953944,
    "es-ES": 1716750719.8902385,
    "es-MX": 1716750735.6764326,
    "fr": 1716750751.152468,
    "it": 1716750766.9251716,
    "ja": 1716750784.1440327,
    "ko": 1716750801.1822004,
    "pl": 1716750816.86123,
    "pt-BR": 1716750832.6436367,
    "ru": 1716750848.4184248,
    "tr": 1716750864.2551904
}