{
    "en-US": 1718432165.5847998,
    "ar": 1718432181.835124,
    "de": 1718432197.6765552,
    "es-ES": 1718432212.8690052,
    "es-MX": 1718432228.0491328,
    "fr": 1718432243.2120326,
    "it": 1718432258.3901327,
    "ja": 1718432273.5531785,
    "ko": 1718432288.7393558,
    "pl": 1718432303.9019642,
    "pt-BR": 1718432319.093851,
    "ru": 1718432334.2711632,
    "tr": 1718432349.4521885
}