{
    "en-US": 1713885153.665267,
    "ar": 1713885169.9568732,
    "de": 1713885185.567655,
    "es-ES": 1713885201.2133765,
    "es-MX": 1713885216.8885736,
    "fr": 1713885232.5183716,
    "it": 1713885248.114484,
    "ja": 1713885266.0877175,
    "ko": 1713885283.345953,
    "pl": 1713885298.989361,
    "pt-BR": 1713885314.6206634,
    "ru": 1713885330.5051868,
    "tr": 1713885346.2312489
}