{
    "en-US": 1717641058.7475727,
    "ar": 1717641075.0427186,
    "de": 1717641090.7227137,
    "es-ES": 1717641105.8567734,
    "es-MX": 1717641120.9909453,
    "fr": 1717641136.093281,
    "it": 1717641151.2052004,
    "ja": 1717641166.326247,
    "ko": 1717641181.4665704,
    "pl": 1717641196.5654054,
    "pt-BR": 1717641211.6756186,
    "ru": 1717641226.7743855,
    "tr": 1717641241.9179502
}