{
    "en-US": 1716840805.8284662,
    "ar": 1716840822.0240273,
    "de": 1716840837.6932619,
    "es-ES": 1716840853.1221406,
    "es-MX": 1716840868.880399,
    "fr": 1716840884.383936,
    "it": 1716840900.1907837,
    "ja": 1716840917.7418525,
    "ko": 1716840934.9514086,
    "pl": 1716840950.7354033,
    "pt-BR": 1716840966.499157,
    "ru": 1716840982.268456,
    "tr": 1716840998.1279593
}