{
    "en-US": 1715997215.5982952,
    "ar": 1715997231.4765954,
    "de": 1715997247.150348,
    "es-ES": 1715997262.7266853,
    "es-MX": 1715997278.147439,
    "fr": 1715997293.7832031,
    "it": 1715997309.4752958,
    "ja": 1715997327.7743485,
    "ko": 1715997345.0992777,
    "pl": 1715997360.7843182,
    "pt-BR": 1715997376.194592,
    "ru": 1715997391.9440708,
    "tr": 1715997407.6828299
}