{
    "en-US": 1717866738.9662528,
    "ar": 1717866754.8606029,
    "de": 1717866770.7894497,
    "es-ES": 1717866786.7289286,
    "es-MX": 1717866801.8659146,
    "fr": 1717866816.9704955,
    "it": 1717866832.1066873,
    "ja": 1717866847.2097173,
    "ko": 1717866862.3198922,
    "pl": 1717866877.4463656,
    "pt-BR": 1717866892.5568206,
    "ru": 1717866907.6616476,
    "tr": 1717866922.8204818
}