{
    "en-US": 1717456484.4425032,
    "ar": 1717456499.6559289,
    "de": 1717456515.9393883,
    "es-ES": 1717456531.1496892,
    "es-MX": 1717456547.3468714,
    "fr": 1717456562.9088378,
    "it": 1717456578.7743626,
    "ja": 1717456596.1631792,
    "ko": 1717456613.1785102,
    "pl": 1717456629.1511738,
    "pt-BR": 1717456645.0429978,
    "ru": 1717456660.951465,
    "tr": 1717456676.9574728
}