{
    "en-US": 1714265711.2064638,
    "ar": 1714265727.365189,
    "de": 1714265742.9250705,
    "es-ES": 1714265758.2769911,
    "es-MX": 1714265773.7903352,
    "fr": 1714265789.4148908,
    "it": 1714265805.0333338,
    "ja": 1714265824.0156138,
    "ko": 1714265841.2217357,
    "pl": 1714265857.3262362,
    "pt-BR": 1714265872.9271042,
    "ru": 1714265888.8182664,
    "tr": 1714265904.5496163
}