{
    "en-US": 1719974046.6419923,
    "ar": 1719974061.8463507,
    "de": 1719974077.0590978,
    "es-ES": 1719974092.2599769,
    "es-MX": 1719974107.4740748,
    "fr": 1719974122.6814058,
    "it": 1719974137.9133966,
    "ja": 1719974153.108293,
    "ko": 1719974168.328437,
    "pl": 1719974183.5263758,
    "pt-BR": 1719974198.7503254,
    "ru": 1719974213.9577706,
    "tr": 1719974229.1793284
}