{
    "en-US": 1717787652.4051695,
    "ar": 1717787668.7974777,
    "de": 1717787684.8662877,
    "es-ES": 1717787700.9823804,
    "es-MX": 1717787716.1789548,
    "fr": 1717787731.3611064,
    "it": 1717787746.5505152,
    "ja": 1717787761.7189097,
    "ko": 1717787776.8889697,
    "pl": 1717787792.0564857,
    "pt-BR": 1717787807.2280955,
    "ru": 1717787822.407546,
    "tr": 1717787837.6054685
}