{
    "en-US": 1721560320.0879357,
    "ar": 1721560335.2066383,
    "de": 1721560350.316825,
    "es-ES": 1721560365.4032185,
    "es-MX": 1721560380.5387876,
    "fr": 1721560395.6265178,
    "it": 1721560410.7231803,
    "ja": 1721560425.8096669,
    "ko": 1721560440.9041376,
    "pl": 1721560455.9987473,
    "pt-BR": 1721560471.134326,
    "ru": 1721560486.2444448,
    "tr": 1721560501.356506
}