{
    "en-US": 1720952111.5025043,
    "ar": 1720952126.6698492,
    "de": 1720952141.831482,
    "es-ES": 1720952157.002621,
    "es-MX": 1720952172.1846035,
    "fr": 1720952187.339123,
    "it": 1720952202.518031,
    "ja": 1720952217.6766732,
    "ko": 1720952232.8391778,
    "pl": 1720952248.0023253,
    "pt-BR": 1720952263.1715899,
    "ru": 1720952278.3319633,
    "tr": 1720952293.5158765
}