{
    "en-US": 1721827156.8490741,
    "ar": 1721827171.9815862,
    "de": 1721827187.1081505,
    "es-ES": 1721827202.221109,
    "es-MX": 1721827217.3231156,
    "fr": 1721827232.4403133,
    "it": 1721827247.5650892,
    "ja": 1721827262.6780427,
    "ko": 1721827277.8018172,
    "pl": 1721827292.9212842,
    "pt-BR": 1721827308.015506,
    "ru": 1721827323.1254635,
    "tr": 1721827338.2614684
}