{
    "en-US": 1713769966.6271572,
    "ar": 1713769982.7373888,
    "de": 1713769998.288048,
    "es-ES": 1713770013.7997682,
    "es-MX": 1713770029.1839843,
    "fr": 1713770044.7579782,
    "it": 1713770060.3229418,
    "ja": 1713770078.1869817,
    "ko": 1713770096.1171958,
    "pl": 1713770111.7409327,
    "pt-BR": 1713770127.120764,
    "ru": 1713770142.9416819,
    "tr": 1713770158.746658
}