{
    "en-US": 1720278829.888391,
    "ar": 1720278844.9938047,
    "de": 1720278860.139971,
    "es-ES": 1720278875.2523255,
    "es-MX": 1720278890.3782768,
    "fr": 1720278905.484543,
    "it": 1720278920.6265793,
    "ja": 1720278935.7267582,
    "ko": 1720278950.840433,
    "pl": 1720278965.943727,
    "pt-BR": 1720278981.0684276,
    "ru": 1720278996.1690423,
    "tr": 1720279011.2969756
}