{
    "en-US": 1720858527.197532,
    "ar": 1720858542.3031862,
    "de": 1720858557.4191585,
    "es-ES": 1720858572.5087838,
    "es-MX": 1720858587.6111832,
    "fr": 1720858602.6916404,
    "it": 1720858617.8043888,
    "ja": 1720858632.9046242,
    "ko": 1720858647.9974773,
    "pl": 1720858663.0843668,
    "pt-BR": 1720858678.1812992,
    "ru": 1720858693.2695959,
    "tr": 1720858708.39409
}