{
    "en-US": 1717913825.9234018,
    "ar": 1717913842.0553432,
    "de": 1717913857.9195015,
    "es-ES": 1717913873.0454533,
    "es-MX": 1717913888.1734385,
    "fr": 1717913903.2681987,
    "it": 1717913918.380523,
    "ja": 1717913933.487242,
    "ko": 1717913948.6131148,
    "pl": 1717913963.7084768,
    "pt-BR": 1717913978.8169777,
    "ru": 1717913993.9144082,
    "tr": 1717914009.019245
}