{
    "en-US": 1717604235.5786524,
    "ar": 1717604252.0210698,
    "de": 1717604267.8676856,
    "es-ES": 1717604283.0194228,
    "es-MX": 1717604298.18252,
    "fr": 1717604313.321961,
    "it": 1717604328.4439712,
    "ja": 1717604343.5710738,
    "ko": 1717604358.7208817,
    "pl": 1717604373.864238,
    "pt-BR": 1717604388.9945753,
    "ru": 1717604404.1705124,
    "tr": 1717604419.32198
}