{
    "en-US": 1716718390.0075138,
    "ar": 1716718405.7773533,
    "de": 1716718421.4895725,
    "es-ES": 1716718437.179868,
    "es-MX": 1716718452.8840873,
    "fr": 1716718468.7200131,
    "it": 1716718484.7803395,
    "ja": 1716718500.9442682,
    "ko": 1716718517.1581738,
    "pl": 1716718532.9468002,
    "pt-BR": 1716718548.823752,
    "ru": 1716718564.4591808,
    "tr": 1716718580.4764018
}