{
    "en-US": 1716639689.4040632,
    "ar": 1716639705.270204,
    "de": 1716639720.8669627,
    "es-ES": 1716639736.5281343,
    "es-MX": 1716639751.9967904,
    "fr": 1716639767.4727066,
    "it": 1716639783.0897589,
    "ja": 1716639802.3447998,
    "ko": 1716639819.8356488,
    "pl": 1716639835.5456665,
    "pt-BR": 1716639851.2876382,
    "ru": 1716639866.857703,
    "tr": 1716639882.635888
}