{
    "en-US": 1715565428.187073,
    "ar": 1715565444.2513049,
    "de": 1715565459.995871,
    "es-ES": 1715565475.4957123,
    "es-MX": 1715565491.0483174,
    "fr": 1715565506.6141477,
    "it": 1715565522.3899815,
    "ja": 1715565538.8509743,
    "ko": 1715565554.8822625,
    "pl": 1715565570.681075,
    "pt-BR": 1715565586.5623188,
    "ru": 1715565602.5474465,
    "tr": 1715565618.3784146
}