{
    "en-US": 1718990097.344496,
    "ar": 1718990112.5462432,
    "de": 1718990127.7378595,
    "es-ES": 1718990142.8921247,
    "es-MX": 1718990158.072543,
    "fr": 1718990173.2506816,
    "it": 1718990188.4439142,
    "ja": 1718990203.6258178,
    "ko": 1718990218.7874057,
    "pl": 1718990233.9623609,
    "pt-BR": 1718990249.135665,
    "ru": 1718990264.3076797,
    "tr": 1718990279.5080812
}