{
    "en-US": 1715371998.172402,
    "ar": 1715372014.6026654,
    "de": 1715372030.2476592,
    "es-ES": 1715372045.9633312,
    "es-MX": 1715372061.6684067,
    "fr": 1715372077.4525883,
    "it": 1715372093.1979349,
    "ja": 1715372112.8904457,
    "ko": 1715372131.0359452,
    "pl": 1715372146.714141,
    "pt-BR": 1715372162.5787568,
    "ru": 1715372178.4394066,
    "tr": 1715372194.3459954
}