{
    "en-US": 1718758541.2045608,
    "ar": 1718758557.4873323,
    "de": 1718758573.2627463,
    "es-ES": 1718758588.3920467,
    "es-MX": 1718758603.5145466,
    "fr": 1718758618.603137,
    "it": 1718758633.717969,
    "ja": 1718758648.8200223,
    "ko": 1718758663.943523,
    "pl": 1718758679.0384808,
    "pt-BR": 1718758694.1532362,
    "ru": 1718758709.2621336,
    "tr": 1718758724.3804607
}