{
    "en-US": 1719508528.0255857,
    "ar": 1719508543.2173233,
    "de": 1719508558.42701,
    "es-ES": 1719508573.6198037,
    "es-MX": 1719508588.807219,
    "fr": 1719508603.99475,
    "it": 1719508619.1760843,
    "ja": 1719508634.3523762,
    "ko": 1719508649.5338678,
    "pl": 1719508664.7212467,
    "pt-BR": 1719508679.9134765,
    "ru": 1719508695.0820572,
    "tr": 1719508710.2684038
}