{
    "en-US": 1718658800.987351,
    "ar": 1718658817.4748645,
    "de": 1718658833.6182284,
    "es-ES": 1718658849.2154953,
    "es-MX": 1718658864.4214149,
    "fr": 1718658879.6192374,
    "it": 1718658894.7924635,
    "ja": 1718658909.9667988,
    "ko": 1718658925.1330557,
    "pl": 1718658940.3240788,
    "pt-BR": 1718658955.5017066,
    "ru": 1718658970.6760826,
    "tr": 1718658985.8559945
}