{
    "en-US": 1722032032.2361267,
    "ar": 1722032047.4014938,
    "de": 1722032062.5586913,
    "es-ES": 1722032077.7412577,
    "es-MX": 1722032092.9118145,
    "fr": 1722032108.058659,
    "it": 1722032123.2166264,
    "ja": 1722032138.3635986,
    "ko": 1722032153.5119843,
    "pl": 1722032168.65654,
    "pt-BR": 1722032183.84316,
    "ru": 1722032198.9901154,
    "tr": 1722032214.1378603
}