{
    "en-US": 1721506432.1878686,
    "ar": 1721506447.349617,
    "de": 1721506462.5198193,
    "es-ES": 1721506477.6704068,
    "es-MX": 1721506492.8553574,
    "fr": 1721506508.0089905,
    "it": 1721506523.1721804,
    "ja": 1721506538.3299358,
    "ko": 1721506553.4845538,
    "pl": 1721506568.6352105,
    "pt-BR": 1721506583.8133843,
    "ru": 1721506598.9722922,
    "tr": 1721506614.1292858
}