{
    "en-US": 1722218871.7997015,
    "ar": 1722218886.896318,
    "de": 1722218902.004569,
    "es-ES": 1722218917.0890641,
    "es-MX": 1722218932.2132356,
    "fr": 1722218947.3161702,
    "it": 1722218962.416506,
    "ja": 1722218977.500457,
    "ko": 1722218992.5923438,
    "pl": 1722219007.709985,
    "pt-BR": 1722219022.8144033,
    "ru": 1722219038.0526233,
    "tr": 1722219053.1442719
}