{
    "en-US": 1715944349.6937172,
    "ar": 1715944365.773891,
    "de": 1715944381.3329186,
    "es-ES": 1715944396.9175074,
    "es-MX": 1715944412.5777943,
    "fr": 1715944427.9563346,
    "it": 1715944443.648353,
    "ja": 1715944461.255054,
    "ko": 1715944478.4291577,
    "pl": 1715944494.0684733,
    "pt-BR": 1715944509.4976454,
    "ru": 1715944525.1457913,
    "tr": 1715944540.8079095
}