{
    "en-US": 1714821033.1822789,
    "ar": 1714821049.22684,
    "de": 1714821064.8990574,
    "es-ES": 1714821080.4096165,
    "es-MX": 1714821095.9852922,
    "fr": 1714821111.603213,
    "it": 1714821127.2156088,
    "ja": 1714821144.8746297,
    "ko": 1714821161.8127332,
    "pl": 1714821177.5860684,
    "pt-BR": 1714821193.2102947,
    "ru": 1714821208.8883274,
    "tr": 1714821224.7478464
}