{
    "en-US": 1718288088.5907664,
    "ar": 1718288105.1103623,
    "de": 1718288121.2853146,
    "es-ES": 1718288136.4345803,
    "es-MX": 1718288151.5789802,
    "fr": 1718288166.7146692,
    "it": 1718288181.867983,
    "ja": 1718288196.9934342,
    "ko": 1718288212.1843219,
    "pl": 1718288227.2956462,
    "pt-BR": 1718288242.456645,
    "ru": 1718288257.5766325,
    "tr": 1718288272.7181802
}