{
    "en-US": 1716261290.303106,
    "ar": 1716261306.5019653,
    "de": 1716261322.2603796,
    "es-ES": 1716261338.0002387,
    "es-MX": 1716261353.9631808,
    "fr": 1716261369.5358102,
    "it": 1716261385.3655708,
    "ja": 1716261401.8276782,
    "ko": 1716261418.1267715,
    "pl": 1716261433.9533725,
    "pt-BR": 1716261449.8327456,
    "ru": 1716261465.6424801,
    "tr": 1716261481.48471
}