{
    "en-US": 1718764622.957601,
    "ar": 1718764639.199653,
    "de": 1718764655.0498114,
    "es-ES": 1718764670.1900342,
    "es-MX": 1718764685.3658319,
    "fr": 1718764700.4751115,
    "it": 1718764715.5870414,
    "ja": 1718764730.6927197,
    "ko": 1718764745.84893,
    "pl": 1718764760.95355,
    "pt-BR": 1718764776.0634751,
    "ru": 1718764791.1722977,
    "tr": 1718764806.2946193
}