{
    "en-US": 1715740265.821479,
    "ar": 1715740281.9347022,
    "de": 1715740297.763056,
    "es-ES": 1715740313.4907413,
    "es-MX": 1715740329.5068994,
    "fr": 1715740345.047167,
    "it": 1715740360.8943605,
    "ja": 1715740377.4208808,
    "ko": 1715740393.6478884,
    "pl": 1715740409.474493,
    "pt-BR": 1715740425.3138916,
    "ru": 1715740440.8597095,
    "tr": 1715740456.7537687
}