{
    "en-US": 1720977520.8397224,
    "ar": 1720977535.9992003,
    "de": 1720977551.1579316,
    "es-ES": 1720977566.3240356,
    "es-MX": 1720977581.5091825,
    "fr": 1720977596.656129,
    "it": 1720977611.8206165,
    "ja": 1720977626.9811172,
    "ko": 1720977642.1402931,
    "pl": 1720977657.29052,
    "pt-BR": 1720977672.463109,
    "ru": 1720977687.6216083,
    "tr": 1720977702.7819517
}