{
    "en-US": 1717427719.5974772,
    "ar": 1717427735.8553138,
    "de": 1717427751.6443448,
    "es-ES": 1717427767.3790755,
    "es-MX": 1717427783.2696278,
    "fr": 1717427799.3689008,
    "it": 1717427815.2956133,
    "ja": 1717427837.8698013,
    "ko": 1717427854.8180263,
    "pl": 1717427870.7087593,
    "pt-BR": 1717427886.6067877,
    "ru": 1717427902.577856,
    "tr": 1717427918.1076627
}