{
    "en-US": 1719825453.4772825,
    "ar": 1719825468.5927541,
    "de": 1719825483.7064233,
    "es-ES": 1719825498.8158562,
    "es-MX": 1719825513.934058,
    "fr": 1719825529.0569692,
    "it": 1719825544.1955247,
    "ja": 1719825559.3016043,
    "ko": 1719825574.4014325,
    "pl": 1719825589.4970684,
    "pt-BR": 1719825604.6196766,
    "ru": 1719825619.7394118,
    "tr": 1719825634.8495305
}