{
    "en-US": 1713961612.0098004,
    "ar": 1713961628.2359016,
    "de": 1713961643.883235,
    "es-ES": 1713961659.5382454,
    "es-MX": 1713961675.2817523,
    "fr": 1713961690.9755604,
    "it": 1713961706.8014772,
    "ja": 1713961725.330738,
    "ko": 1713961743.000489,
    "pl": 1713961758.7634702,
    "pt-BR": 1713961774.527819,
    "ru": 1713961790.563688,
    "tr": 1713961806.5473154
}