{
    "en-US": 1714960494.7587354,
    "ar": 1714960511.0287514,
    "de": 1714960526.5277116,
    "es-ES": 1714960542.2119005,
    "es-MX": 1714960557.9524298,
    "fr": 1714960573.8122118,
    "it": 1714960589.549333,
    "ja": 1714960606.8591213,
    "ko": 1714960623.6517463,
    "pl": 1714960639.443612,
    "pt-BR": 1714960655.4557586,
    "ru": 1714960671.4953895,
    "tr": 1714960687.4056551
}