{
    "en-US": 1714918313.4398332,
    "ar": 1714918329.6399012,
    "de": 1714918345.251484,
    "es-ES": 1714918360.7227738,
    "es-MX": 1714918376.481602,
    "fr": 1714918391.7473714,
    "it": 1714918406.9663107,
    "ja": 1714918422.1691878,
    "ko": 1714918437.374477,
    "pl": 1714918452.5854802,
    "pt-BR": 1714918467.8036706,
    "ru": 1714918483.0302248,
    "tr": 1714918498.2495723
}