{
    "en-US": 1716268419.7223825,
    "ar": 1716268435.5117922,
    "de": 1716268451.2990396,
    "es-ES": 1716268467.1059415,
    "es-MX": 1716268482.9076045,
    "fr": 1716268498.4665005,
    "it": 1716268514.2689486,
    "ja": 1716268530.7124245,
    "ko": 1716268546.9724622,
    "pl": 1716268562.5372436,
    "pt-BR": 1716268578.3239713,
    "ru": 1716268593.8832004,
    "tr": 1716268609.7871594
}