{
    "en-US": 1713737538.2314909,
    "ar": 1713737554.2387998,
    "de": 1713737569.7596016,
    "es-ES": 1713737585.3029926,
    "es-MX": 1713737600.874271,
    "fr": 1713737616.4769304,
    "it": 1713737632.086197,
    "ja": 1713737650.4077468,
    "ko": 1713737667.7498267,
    "pl": 1713737683.3683233,
    "pt-BR": 1713737698.9167988,
    "ru": 1713737714.620653,
    "tr": 1713737730.4254835
}