{
    "en-US": 1715069727.8860338,
    "ar": 1715069744.0822656,
    "de": 1715069759.5606995,
    "es-ES": 1715069775.2352705,
    "es-MX": 1715069790.9350994,
    "fr": 1715069806.714414,
    "it": 1715069822.463879,
    "ja": 1715069840.1871738,
    "ko": 1715069857.2808173,
    "pl": 1715069873.2739267,
    "pt-BR": 1715069889.0388784,
    "ru": 1715069904.8412707,
    "tr": 1715069920.8695157
}