{
    "en-US": 1713925323.8733265,
    "ar": 1713925340.0815263,
    "de": 1713925355.7784052,
    "es-ES": 1713925371.429832,
    "es-MX": 1713925387.1561208,
    "fr": 1713925403.117724,
    "it": 1713925418.8875775,
    "ja": 1713925435.2578788,
    "ko": 1713925451.4069035,
    "pl": 1713925467.1179743,
    "pt-BR": 1713925482.8128462,
    "ru": 1713925498.7945018,
    "tr": 1713925514.5150223
}