{
    "en-US": 1715174152.2693498,
    "ar": 1715174168.4687037,
    "de": 1715174184.0743477,
    "es-ES": 1715174199.6677449,
    "es-MX": 1715174215.0783772,
    "fr": 1715174230.8428626,
    "it": 1715174246.6216097,
    "ja": 1715174264.7498136,
    "ko": 1715174282.3479722,
    "pl": 1715174298.13903,
    "pt-BR": 1715174313.840619,
    "ru": 1715174329.8255608,
    "tr": 1715174345.5674338
}