{
    "en-US": 1713932068.6863608,
    "ar": 1713932084.8189018,
    "de": 1713932100.3229568,
    "es-ES": 1713932115.8310273,
    "es-MX": 1713932131.4504101,
    "fr": 1713932147.0128195,
    "it": 1713932162.5457168,
    "ja": 1713932180.1357691,
    "ko": 1713932196.9412067,
    "pl": 1713932212.5312812,
    "pt-BR": 1713932228.0896854,
    "ru": 1713932243.6963224,
    "tr": 1713932259.295941
}