{
    "en-US": 1721478137.2864933,
    "ar": 1721478152.4362876,
    "de": 1721478167.5746665,
    "es-ES": 1721478182.7048738,
    "es-MX": 1721478197.8522303,
    "fr": 1721478212.9677546,
    "it": 1721478228.134409,
    "ja": 1721478243.2956967,
    "ko": 1721478258.5052538,
    "pl": 1721478273.6455169,
    "pt-BR": 1721478288.7778566,
    "ru": 1721478303.9348834,
    "tr": 1721478319.102485
}