{
    "en-US": 1717931449.844359,
    "ar": 1717931466.094378,
    "de": 1717931481.8516011,
    "es-ES": 1717931497.0471973,
    "es-MX": 1717931512.222704,
    "fr": 1717931527.4049368,
    "it": 1717931542.5910254,
    "ja": 1717931557.7592258,
    "ko": 1717931572.952369,
    "pl": 1717931588.1139536,
    "pt-BR": 1717931603.3002484,
    "ru": 1717931618.4666271,
    "tr": 1717931633.643695
}