{
    "en-US": 1720692867.6942394,
    "ar": 1720692882.7999022,
    "de": 1720692897.8995218,
    "es-ES": 1720692912.9982817,
    "es-MX": 1720692928.1127794,
    "fr": 1720692943.222936,
    "it": 1720692958.3465502,
    "ja": 1720692973.435003,
    "ko": 1720692988.5286627,
    "pl": 1720693003.6151297,
    "pt-BR": 1720693018.7255926,
    "ru": 1720693033.8119383,
    "tr": 1720693049.034889
}