{
    "en-US": 1713881491.0263557,
    "ar": 1713881507.1973403,
    "de": 1713881522.608928,
    "es-ES": 1713881538.3124359,
    "es-MX": 1713881554.1632938,
    "fr": 1713881569.8938918,
    "it": 1713881585.645447,
    "ja": 1713881602.2588882,
    "ko": 1713881618.5547264,
    "pl": 1713881634.2822497,
    "pt-BR": 1713881650.0074408,
    "ru": 1713881665.7655268,
    "tr": 1713881681.5438273
}