{
    "en-US": 1717532037.6263225,
    "ar": 1717532053.8231525,
    "de": 1717532069.6032178,
    "es-ES": 1717532085.100017,
    "es-MX": 1717532101.2763367,
    "fr": 1717532117.22446,
    "it": 1717532133.256867,
    "ja": 1717532150.629353,
    "ko": 1717532167.5400689,
    "pl": 1717532183.7162974,
    "pt-BR": 1717532199.346357,
    "ru": 1717532215.1710086,
    "tr": 1717532231.338181
}