{
    "en-US": 1715893981.9464378,
    "ar": 1715893998.2922466,
    "de": 1715894014.0890272,
    "es-ES": 1715894029.6304007,
    "es-MX": 1715894045.2688935,
    "fr": 1715894061.1073482,
    "it": 1715894077.2680342,
    "ja": 1715894095.6648,
    "ko": 1715894112.8382852,
    "pl": 1715894128.734309,
    "pt-BR": 1715894144.6121519,
    "ru": 1715894160.5977333,
    "tr": 1715894176.4766703
}