{
    "en-US": 1714274032.3932076,
    "ar": 1714274048.6721263,
    "de": 1714274064.338894,
    "es-ES": 1714274080.2883422,
    "es-MX": 1714274095.970083,
    "fr": 1714274111.9869993,
    "it": 1714274127.716935,
    "ja": 1714274145.4717138,
    "ko": 1714274162.2576675,
    "pl": 1714274177.982694,
    "pt-BR": 1714274193.6922758,
    "ru": 1714274209.5491445,
    "tr": 1714274225.444989
}