{
    "en-US": 1719400426.1190376,
    "ar": 1719400441.2313771,
    "de": 1719400456.3547137,
    "es-ES": 1719400471.4534798,
    "es-MX": 1719400486.584853,
    "fr": 1719400501.7537148,
    "it": 1719400516.8859107,
    "ja": 1719400531.9961877,
    "ko": 1719400547.1066334,
    "pl": 1719400562.2130857,
    "pt-BR": 1719400577.3422613,
    "ru": 1719400592.482823,
    "tr": 1719400607.5900772
}