{
    "en-US": 1718723684.9514997,
    "ar": 1718723701.3594162,
    "de": 1718723717.483265,
    "es-ES": 1718723733.3572564,
    "es-MX": 1718723748.562351,
    "fr": 1718723763.744313,
    "it": 1718723778.9221003,
    "ja": 1718723794.090931,
    "ko": 1718723809.2907987,
    "pl": 1718723824.4873295,
    "pt-BR": 1718723839.6668046,
    "ru": 1718723854.835327,
    "tr": 1718723870.0093393
}