{
    "en-US": 1716387163.206082,
    "ar": 1716387179.61134,
    "de": 1716387195.3473542,
    "es-ES": 1716387210.9923904,
    "es-MX": 1716387226.774602,
    "fr": 1716387242.2001078,
    "it": 1716387257.9911394,
    "ja": 1716387275.5996368,
    "ko": 1716387292.297722,
    "pl": 1716387307.7097204,
    "pt-BR": 1716387323.4777253,
    "ru": 1716387339.2493708,
    "tr": 1716387355.021973
}