{
    "en-US": 1715004776.8595023,
    "ar": 1715004793.0974793,
    "de": 1715004808.9062011,
    "es-ES": 1715004824.588375,
    "es-MX": 1715004840.3625805,
    "fr": 1715004856.0147474,
    "it": 1715004871.7736912,
    "ja": 1715004889.3503108,
    "ko": 1715004906.502901,
    "pl": 1715004922.1788602,
    "pt-BR": 1715004937.9213417,
    "ru": 1715004953.7733107,
    "tr": 1715004969.7523403
}