{
    "en-US": 1715793231.7193592,
    "ar": 1715793247.8573515,
    "de": 1715793263.6909206,
    "es-ES": 1715793279.597815,
    "es-MX": 1715793295.4656117,
    "fr": 1715793311.0375626,
    "it": 1715793327.0377226,
    "ja": 1715793343.733346,
    "ko": 1715793360.198909,
    "pl": 1715793376.0736763,
    "pt-BR": 1715793391.6350067,
    "ru": 1715793407.2107935,
    "tr": 1715793423.3073845
}