{
    "en-US": 1720628165.490422,
    "ar": 1720628180.5953803,
    "de": 1720628195.725039,
    "es-ES": 1720628210.820083,
    "es-MX": 1720628225.9340882,
    "fr": 1720628241.0436912,
    "it": 1720628256.1419525,
    "ja": 1720628271.246877,
    "ko": 1720628286.3409507,
    "pl": 1720628301.4399889,
    "pt-BR": 1720628316.550693,
    "ru": 1720628331.7026782,
    "tr": 1720628346.8159103
}