{
    "en-US": 1714269458.0270073,
    "ar": 1714269474.2755153,
    "de": 1714269489.9451015,
    "es-ES": 1714269505.5862086,
    "es-MX": 1714269521.383389,
    "fr": 1714269537.3604803,
    "it": 1714269553.170605,
    "ja": 1714269571.168306,
    "ko": 1714269586.5103726,
    "pl": 1714269601.811317,
    "pt-BR": 1714269617.1083891,
    "ru": 1714269633.2186007,
    "tr": 1714269649.0062866
}