{
    "en-US": 1722083037.571005,
    "ar": 1722083052.7335186,
    "de": 1722083067.9020257,
    "es-ES": 1722083083.0610266,
    "es-MX": 1722083098.2508965,
    "fr": 1722083113.4107342,
    "it": 1722083128.5732784,
    "ja": 1722083143.7341871,
    "ko": 1722083158.893122,
    "pl": 1722083174.048626,
    "pt-BR": 1722083189.2386088,
    "ru": 1722083204.4016945,
    "tr": 1722083219.5747023
}