{
    "en-US": 1721095464.0447755,
    "ar": 1721095479.2102785,
    "de": 1721095494.390282,
    "es-ES": 1721095509.5493407,
    "es-MX": 1721095524.7265728,
    "fr": 1721095539.8854518,
    "it": 1721095555.0657837,
    "ja": 1721095570.2399907,
    "ko": 1721095585.4062648,
    "pl": 1721095600.5874157,
    "pt-BR": 1721095615.7930348,
    "ru": 1721095630.9739401,
    "tr": 1721095646.1398554
}