{
    "en-US": 1718770628.5457737,
    "ar": 1718770644.7660613,
    "de": 1718770660.6794171,
    "es-ES": 1718770676.36069,
    "es-MX": 1718770691.4896817,
    "fr": 1718770706.5910022,
    "it": 1718770721.7030673,
    "ja": 1718770736.7954774,
    "ko": 1718770751.9111392,
    "pl": 1718770767.0400398,
    "pt-BR": 1718770782.149486,
    "ru": 1718770797.246453,
    "tr": 1718770812.3576794
}