{
    "en-US": 1720768455.9130526,
    "ar": 1720768471.078867,
    "de": 1720768486.253735,
    "es-ES": 1720768501.416961,
    "es-MX": 1720768516.617027,
    "fr": 1720768531.7708714,
    "it": 1720768546.9505768,
    "ja": 1720768562.1112456,
    "ko": 1720768577.2734535,
    "pl": 1720768592.437781,
    "pt-BR": 1720768607.6289933,
    "ru": 1720768622.7930114,
    "tr": 1720768637.9943795
}