{
    "en-US": 1719461870.9033275,
    "ar": 1719461886.0137048,
    "de": 1719461901.1433926,
    "es-ES": 1719461916.2566602,
    "es-MX": 1719461931.395391,
    "fr": 1719461946.4878592,
    "it": 1719461961.6135755,
    "ja": 1719461976.7150176,
    "ko": 1719461991.814333,
    "pl": 1719462006.9168644,
    "pt-BR": 1719462022.0439956,
    "ru": 1719462037.171058,
    "tr": 1719462052.280206
}