{
    "en-US": 1715490789.1206498,
    "ar": 1715490805.1167085,
    "de": 1715490820.8654964,
    "es-ES": 1715490836.5439637,
    "es-MX": 1715490852.3223908,
    "fr": 1715490868.0852873,
    "it": 1715490883.8461108,
    "ja": 1715490901.274155,
    "ko": 1715490918.1949973,
    "pl": 1715490933.9669921,
    "pt-BR": 1715490949.8504605,
    "ru": 1715490965.4499316,
    "tr": 1715490981.3022945
}