{
    "en-US": 1716178609.0442674,
    "ar": 1716178625.1163864,
    "de": 1716178640.7706861,
    "es-ES": 1716178656.3575277,
    "es-MX": 1716178672.0309887,
    "fr": 1716178687.5584257,
    "it": 1716178703.1814811,
    "ja": 1716178721.3697991,
    "ko": 1716178738.7440352,
    "pl": 1716178754.1501026,
    "pt-BR": 1716178769.7860067,
    "ru": 1716178785.5195582,
    "tr": 1716178801.2527232
}