{
    "en-US": 1717283697.9794335,
    "ar": 1717283714.2043598,
    "de": 1717283729.9812267,
    "es-ES": 1717283745.7396803,
    "es-MX": 1717283761.7584367,
    "fr": 1717283777.5503204,
    "it": 1717283793.4422667,
    "ja": 1717283810.918384,
    "ko": 1717283827.8948464,
    "pl": 1717283843.8553238,
    "pt-BR": 1717283859.8770254,
    "ru": 1717283875.5468028,
    "tr": 1717283891.5125213
}