{
    "en-US": 1721877321.3299415,
    "ar": 1721877336.4300292,
    "de": 1721877351.5387547,
    "es-ES": 1721877366.6275158,
    "es-MX": 1721877381.7299128,
    "fr": 1721877396.8182845,
    "it": 1721877411.9518826,
    "ja": 1721877427.039571,
    "ko": 1721877442.133887,
    "pl": 1721877457.2217405,
    "pt-BR": 1721877472.323935,
    "ru": 1721877487.4156547,
    "tr": 1721877502.532537
}