{
    "en-US": 1716207865.395194,
    "ar": 1716207881.2261188,
    "de": 1716207896.8700695,
    "es-ES": 1716207912.5158832,
    "es-MX": 1716207927.9364092,
    "fr": 1716207943.3328762,
    "it": 1716207958.9664533,
    "ja": 1716207977.2621548,
    "ko": 1716207995.083034,
    "pl": 1716208010.7794228,
    "pt-BR": 1716208026.4887602,
    "ru": 1716208041.9813018,
    "tr": 1716208057.8029082
}