{
    "en-US": 1720005127.8196867,
    "ar": 1720005142.9397376,
    "de": 1720005158.0656197,
    "es-ES": 1720005173.1877384,
    "es-MX": 1720005188.3361015,
    "fr": 1720005203.4701493,
    "it": 1720005218.596938,
    "ja": 1720005233.706736,
    "ko": 1720005248.8198254,
    "pl": 1720005263.9410403,
    "pt-BR": 1720005279.0537193,
    "ru": 1720005294.1814866,
    "tr": 1720005309.2986524
}