{
    "en-US": 1717906596.726439,
    "ar": 1717906612.897402,
    "de": 1717906628.5440638,
    "es-ES": 1717906643.6855867,
    "es-MX": 1717906658.8179288,
    "fr": 1717906673.9266944,
    "it": 1717906689.044544,
    "ja": 1717906704.1424804,
    "ko": 1717906719.2736874,
    "pl": 1717906734.3666847,
    "pt-BR": 1717906749.4786859,
    "ru": 1717906764.5681303,
    "tr": 1717906779.6817377
}