{
    "en-US": 1714554850.8186805,
    "ar": 1714554866.7940364,
    "de": 1714554882.311883,
    "es-ES": 1714554897.8446426,
    "es-MX": 1714554913.413906,
    "fr": 1714554928.9862802,
    "it": 1714554944.5697367,
    "ja": 1714554962.6709282,
    "ko": 1714554979.9609184,
    "pl": 1714554995.566197,
    "pt-BR": 1714555011.1672153,
    "ru": 1714555026.8736517,
    "tr": 1714555042.6961725
}