{
    "en-US": 1716153189.429598,
    "ar": 1716153205.5648897,
    "de": 1716153221.0410483,
    "es-ES": 1716153236.7822747,
    "es-MX": 1716153252.5746708,
    "fr": 1716153268.094634,
    "it": 1716153283.8531685,
    "ja": 1716153301.7304037,
    "ko": 1716153318.5827835,
    "pl": 1716153334.372044,
    "pt-BR": 1716153349.9371967,
    "ru": 1716153365.5526545,
    "tr": 1716153381.4187799
}