{
    "en-US": 1716110049.2657185,
    "ar": 1716110065.08271,
    "de": 1716110080.664237,
    "es-ES": 1716110096.2427044,
    "es-MX": 1716110111.8691657,
    "fr": 1716110127.2632418,
    "it": 1716110142.8666918,
    "ja": 1716110160.6128554,
    "ko": 1716110177.7629898,
    "pl": 1716110193.153317,
    "pt-BR": 1716110208.7562199,
    "ru": 1716110224.2196722,
    "tr": 1716110239.86944
}