{
    "en-US": 1716095590.1132145,
    "ar": 1716095606.1589952,
    "de": 1716095621.8487694,
    "es-ES": 1716095637.5639646,
    "es-MX": 1716095653.3045864,
    "fr": 1716095668.8502145,
    "it": 1716095684.6086187,
    "ja": 1716095700.9630022,
    "ko": 1716095717.15406,
    "pl": 1716095732.684923,
    "pt-BR": 1716095748.4429252,
    "ru": 1716095764.0247877,
    "tr": 1716095779.7828736
}