{
    "en-US": 1714374746.789945,
    "ar": 1714374762.7748766,
    "de": 1714374778.4147632,
    "es-ES": 1714374794.043417,
    "es-MX": 1714374809.7245898,
    "fr": 1714374825.6853209,
    "it": 1714374841.6615226,
    "ja": 1714374859.256729,
    "ko": 1714374876.1016994,
    "pl": 1714374892.1919842,
    "pt-BR": 1714374908.1567643,
    "ru": 1714374923.990273,
    "tr": 1714374939.7428648
}