{
    "en-US": 1718935140.9172585,
    "ar": 1718935157.2637599,
    "de": 1718935173.0812776,
    "es-ES": 1718935188.7984192,
    "es-MX": 1718935203.9501011,
    "fr": 1718935219.1107397,
    "it": 1718935234.248138,
    "ja": 1718935249.3569543,
    "ko": 1718935264.4718595,
    "pl": 1718935279.6045854,
    "pt-BR": 1718935294.7263093,
    "ru": 1718935309.8342469,
    "tr": 1718935324.9557958
}