{
    "en-US": 1720253865.200562,
    "ar": 1720253880.3439054,
    "de": 1720253895.466159,
    "es-ES": 1720253910.5709789,
    "es-MX": 1720253925.6920846,
    "fr": 1720253940.8006413,
    "it": 1720253955.912688,
    "ja": 1720253971.0381587,
    "ko": 1720253986.1436455,
    "pl": 1720254001.286078,
    "pt-BR": 1720254016.4256096,
    "ru": 1720254031.5378895,
    "tr": 1720254046.6525743
}