{
    "en-US": 1721881026.5251381,
    "ar": 1721881041.6273637,
    "de": 1721881056.7438488,
    "es-ES": 1721881071.8383794,
    "es-MX": 1721881086.9563754,
    "fr": 1721881102.0514884,
    "it": 1721881117.1793792,
    "ja": 1721881132.2714996,
    "ko": 1721881147.3710768,
    "pl": 1721881162.4638655,
    "pt-BR": 1721881177.5946293,
    "ru": 1721881192.7073421,
    "tr": 1721881207.8210237
}