{
    "en-US": 1721380485.9739313,
    "ar": 1721380501.130783,
    "de": 1721380516.2969675,
    "es-ES": 1721380531.4570189,
    "es-MX": 1721380546.6532192,
    "fr": 1721380561.8237574,
    "it": 1721380577.0029404,
    "ja": 1721380592.1602542,
    "ko": 1721380607.317046,
    "pl": 1721380622.4735332,
    "pt-BR": 1721380637.6351624,
    "ru": 1721380652.7975707,
    "tr": 1721380667.9760103
}