{
    "en-US": 1715353971.2926855,
    "ar": 1715353987.3111002,
    "de": 1715354002.9447174,
    "es-ES": 1715354018.278958,
    "es-MX": 1715354033.9723868,
    "fr": 1715354049.35379,
    "it": 1715354064.9999397,
    "ja": 1715354083.0345027,
    "ko": 1715354100.2457237,
    "pl": 1715354115.9892545,
    "pt-BR": 1715354131.61915,
    "ru": 1715354147.3827326,
    "tr": 1715354163.2105076
}