{
    "en-US": 1721219107.6084707,
    "ar": 1721219122.7734761,
    "de": 1721219137.9531229,
    "es-ES": 1721219153.1128607,
    "es-MX": 1721219168.2984703,
    "fr": 1721219183.4688559,
    "it": 1721219198.6322272,
    "ja": 1721219213.7975254,
    "ko": 1721219228.9601934,
    "pl": 1721219244.116796,
    "pt-BR": 1721219259.2954962,
    "ru": 1721219274.4545836,
    "tr": 1721219289.6142557
}