{
    "en-US": 1714616567.596795,
    "ar": 1714616583.7741892,
    "de": 1714616599.4009979,
    "es-ES": 1714616614.9614422,
    "es-MX": 1714616630.587754,
    "fr": 1714616646.4179146,
    "it": 1714616662.2181318,
    "ja": 1714616680.3198612,
    "ko": 1714616697.3451047,
    "pl": 1714616712.9408362,
    "pt-BR": 1714616728.4696205,
    "ru": 1714616744.2934036,
    "tr": 1714616759.962882
}