{
    "en-US": 1714738834.8791714,
    "ar": 1714738851.0357778,
    "de": 1714738866.5847492,
    "es-ES": 1714738882.154853,
    "es-MX": 1714738897.9499433,
    "fr": 1714738913.5489357,
    "it": 1714738929.187173,
    "ja": 1714738946.940907,
    "ko": 1714738964.123278,
    "pl": 1714738979.7190964,
    "pt-BR": 1714738995.344016,
    "ru": 1714739011.0599113,
    "tr": 1714739026.880799
}