{
    "en-US": 1722089543.4770226,
    "ar": 1722089558.650066,
    "de": 1722089573.8152041,
    "es-ES": 1722089588.9717422,
    "es-MX": 1722089604.1303797,
    "fr": 1722089619.2900589,
    "it": 1722089634.4627316,
    "ja": 1722089649.6367767,
    "ko": 1722089664.8061774,
    "pl": 1722089679.9656715,
    "pt-BR": 1722089695.13234,
    "ru": 1722089710.292354,
    "tr": 1722089725.4514525
}