{
    "en-US": 1720246619.031474,
    "ar": 1720246634.2222562,
    "de": 1720246649.4058485,
    "es-ES": 1720246664.5716898,
    "es-MX": 1720246679.7473578,
    "fr": 1720246694.9213648,
    "it": 1720246710.0984194,
    "ja": 1720246725.259685,
    "ko": 1720246740.425393,
    "pl": 1720246755.5862658,
    "pt-BR": 1720246770.7646005,
    "ru": 1720246785.9579365,
    "tr": 1720246801.123279
}