{
    "en-US": 1721769392.6000412,
    "ar": 1721769407.7725332,
    "de": 1721769422.94317,
    "es-ES": 1721769438.0991554,
    "es-MX": 1721769453.288713,
    "fr": 1721769468.4498038,
    "it": 1721769483.624168,
    "ja": 1721769498.7884498,
    "ko": 1721769513.95249,
    "pl": 1721769529.1143086,
    "pt-BR": 1721769544.310503,
    "ru": 1721769559.4826066,
    "tr": 1721769574.643563
}