{
    "en-US": 1720984373.5361688,
    "ar": 1720984388.6476681,
    "de": 1720984403.760294,
    "es-ES": 1720984418.8551493,
    "es-MX": 1720984433.9853463,
    "fr": 1720984449.1024225,
    "it": 1720984464.275932,
    "ja": 1720984479.3816319,
    "ko": 1720984494.4885337,
    "pl": 1720984509.5844796,
    "pt-BR": 1720984524.6964118,
    "ru": 1720984539.7968934,
    "tr": 1720984554.9710455
}