{
    "en-US": 1720019694.2291539,
    "ar": 1720019709.3697264,
    "de": 1720019724.4969275,
    "es-ES": 1720019739.6324086,
    "es-MX": 1720019754.7867486,
    "fr": 1720019769.8978035,
    "it": 1720019785.0688233,
    "ja": 1720019800.1930327,
    "ko": 1720019815.3067577,
    "pl": 1720019830.4203355,
    "pt-BR": 1720019845.6009295,
    "ru": 1720019860.7324977,
    "tr": 1720019875.9041886
}