{
    "en-US": 1720703879.7857213,
    "ar": 1720703894.9571502,
    "de": 1720703910.12749,
    "es-ES": 1720703925.2845137,
    "es-MX": 1720703940.4734263,
    "fr": 1720703955.628578,
    "it": 1720703970.8167377,
    "ja": 1720703986.006083,
    "ko": 1720704001.1719902,
    "pl": 1720704016.3216739,
    "pt-BR": 1720704031.4931512,
    "ru": 1720704046.6488605,
    "tr": 1720704061.854954
}