{
    "en-US": 1720782760.3526194,
    "ar": 1720782775.5143743,
    "de": 1720782790.6937346,
    "es-ES": 1720782805.8695197,
    "es-MX": 1720782821.0666375,
    "fr": 1720782836.2257416,
    "it": 1720782851.4021466,
    "ja": 1720782866.5679173,
    "ko": 1720782881.7348766,
    "pl": 1720782896.8994079,
    "pt-BR": 1720782912.0956519,
    "ru": 1720782927.2611043,
    "tr": 1720782942.416061
}