{
    "en-US": 1716344862.8489647,
    "ar": 1716344879.105735,
    "de": 1716344894.9175725,
    "es-ES": 1716344910.704634,
    "es-MX": 1716344926.5108495,
    "fr": 1716344942.0774298,
    "it": 1716344957.92394,
    "ja": 1716344975.276379,
    "ko": 1716344992.2318,
    "pl": 1716345008.0508497,
    "pt-BR": 1716345023.9291995,
    "ru": 1716345039.8883326,
    "tr": 1716345055.8089633
}