{
    "en-US": 1719270964.3891532,
    "ar": 1719270979.495478,
    "de": 1719270994.6184304,
    "es-ES": 1719271009.721788,
    "es-MX": 1719271024.8671288,
    "fr": 1719271039.9743822,
    "it": 1719271055.0951314,
    "ja": 1719271070.1978393,
    "ko": 1719271085.316529,
    "pl": 1719271100.4269762,
    "pt-BR": 1719271115.617046,
    "ru": 1719271130.7242942,
    "tr": 1719271145.8302495
}