{
    "en-US": 1721463343.3944523,
    "ar": 1721463358.6219168,
    "de": 1721463373.858491,
    "es-ES": 1721463389.0821161,
    "es-MX": 1721463404.3215098,
    "fr": 1721463419.5294871,
    "it": 1721463434.7653685,
    "ja": 1721463450.0024788,
    "ko": 1721463465.2164276,
    "pl": 1721463480.4333708,
    "pt-BR": 1721463495.6735926,
    "ru": 1721463510.8881896,
    "tr": 1721463526.115979
}