{
    "en-US": 1715678078.4096806,
    "ar": 1715678094.4016907,
    "de": 1715678109.9993892,
    "es-ES": 1715678125.678216,
    "es-MX": 1715678141.2928553,
    "fr": 1715678156.900405,
    "it": 1715678172.567573,
    "ja": 1715678191.013738,
    "ko": 1715678208.286508,
    "pl": 1715678223.7215726,
    "pt-BR": 1715678239.396517,
    "ru": 1715678254.8440754,
    "tr": 1715678270.3030999
}