{
    "en-US": 1716553381.2586384,
    "ar": 1716553397.4302225,
    "de": 1716553413.1600492,
    "es-ES": 1716553428.8328161,
    "es-MX": 1716553444.6035426,
    "fr": 1716553460.103109,
    "it": 1716553475.9596825,
    "ja": 1716553493.7639554,
    "ko": 1716553510.7428944,
    "pl": 1716553526.5656745,
    "pt-BR": 1716553542.3257403,
    "ru": 1716553558.124119,
    "tr": 1716553574.0243979
}