{
    "en-US": 1719194510.6442606,
    "ar": 1719194526.887333,
    "de": 1719194542.8081894,
    "es-ES": 1719194558.007679,
    "es-MX": 1719194573.1964936,
    "fr": 1719194588.361732,
    "it": 1719194603.5425315,
    "ja": 1719194618.708869,
    "ko": 1719194633.9015365,
    "pl": 1719194649.0743065,
    "pt-BR": 1719194664.2526605,
    "ru": 1719194679.4244528,
    "tr": 1719194694.6010122
}