{
    "en-US": 1718579739.7963955,
    "ar": 1718579754.9374785,
    "de": 1718579770.0533292,
    "es-ES": 1718579785.1502368,
    "es-MX": 1718579800.255974,
    "fr": 1718579815.3726625,
    "it": 1718579830.5141134,
    "ja": 1718579845.6318603,
    "ko": 1718579860.738838,
    "pl": 1718579875.8497622,
    "pt-BR": 1718579890.9646747,
    "ru": 1718579906.0638487,
    "tr": 1718579921.2052531
}