{
    "en-US": 1719119600.0938022,
    "ar": 1719119616.5422003,
    "de": 1719119632.1609178,
    "es-ES": 1719119647.4243798,
    "es-MX": 1719119662.6948488,
    "fr": 1719119677.9396026,
    "it": 1719119693.1869226,
    "ja": 1719119708.4097095,
    "ko": 1719119723.6865418,
    "pl": 1719119738.9090195,
    "pt-BR": 1719119754.142704,
    "ru": 1719119769.368911,
    "tr": 1719119784.6051588
}