{
    "en-US": 1717884762.210066,
    "ar": 1717884778.4264174,
    "de": 1717884794.410027,
    "es-ES": 1717884809.534846,
    "es-MX": 1717884824.6550748,
    "fr": 1717884839.774734,
    "it": 1717884854.900831,
    "ja": 1717884870.0098162,
    "ko": 1717884885.1225924,
    "pl": 1717884900.2365425,
    "pt-BR": 1717884915.3446481,
    "ru": 1717884930.4489431,
    "tr": 1717884945.5884976
}