{
    "en-US": 1714443717.1154857,
    "ar": 1714443733.1788414,
    "de": 1714443748.86161,
    "es-ES": 1714443764.5175116,
    "es-MX": 1714443780.2713401,
    "fr": 1714443795.9718957,
    "it": 1714443811.851621,
    "ja": 1714443828.342303,
    "ko": 1714443844.640958,
    "pl": 1714443860.3823855,
    "pt-BR": 1714443876.079851,
    "ru": 1714443892.0553782,
    "tr": 1714443907.8540108
}