{
    "en-US": 1717017310.2334797,
    "ar": 1717017326.7997494,
    "de": 1717017342.6116688,
    "es-ES": 1717017358.397581,
    "es-MX": 1717017373.9161985,
    "fr": 1717017389.8413339,
    "it": 1717017405.7566621,
    "ja": 1717017423.9140198,
    "ko": 1717017441.2183435,
    "pl": 1717017456.8493273,
    "pt-BR": 1717017472.8296187,
    "ru": 1717017488.5021546,
    "tr": 1717017504.4076724
}