{
    "en-US": 1722266074.216569,
    "ar": 1722266089.3894637,
    "de": 1722266104.560128,
    "es-ES": 1722266119.7250183,
    "es-MX": 1722266134.944742,
    "fr": 1722266150.106025,
    "it": 1722266165.2802508,
    "ja": 1722266180.4426477,
    "ko": 1722266195.6106644,
    "pl": 1722266210.7672665,
    "pt-BR": 1722266225.9641047,
    "ru": 1722266241.126564,
    "tr": 1722266256.2986424
}