{
    "en-US": 1718605158.9123857,
    "ar": 1718605175.153703,
    "de": 1718605191.0196846,
    "es-ES": 1718605206.6447182,
    "es-MX": 1718605221.781882,
    "fr": 1718605236.9072397,
    "it": 1718605252.016625,
    "ja": 1718605267.1289666,
    "ko": 1718605282.243698,
    "pl": 1718605297.3601408,
    "pt-BR": 1718605312.4704773,
    "ru": 1718605327.5694993,
    "tr": 1718605342.675243
}