{
    "en-US": 1719638118.9634213,
    "ar": 1719638134.075259,
    "de": 1719638149.1854334,
    "es-ES": 1719638164.2933073,
    "es-MX": 1719638179.4312615,
    "fr": 1719638194.5482523,
    "it": 1719638209.674742,
    "ja": 1719638224.7838924,
    "ko": 1719638239.888869,
    "pl": 1719638254.991527,
    "pt-BR": 1719638270.1057453,
    "ru": 1719638285.2549288,
    "tr": 1719638300.3644998
}