{
    "en-US": 1721538874.9434562,
    "ar": 1721538890.1122801,
    "de": 1721538905.300884,
    "es-ES": 1721538920.455859,
    "es-MX": 1721538935.6345327,
    "fr": 1721538950.7948883,
    "it": 1721538966.101649,
    "ja": 1721538981.2602968,
    "ko": 1721538996.4202874,
    "pl": 1721539011.5913415,
    "pt-BR": 1721539026.7677994,
    "ru": 1721539041.9283535,
    "tr": 1721539057.1218524
}