{
    "en-US": 1716714871.4699888,
    "ar": 1716714887.2473743,
    "de": 1716714902.6247852,
    "es-ES": 1716714918.2217257,
    "es-MX": 1716714933.933519,
    "fr": 1716714949.6681416,
    "it": 1716714965.372729,
    "ja": 1716714983.9018571,
    "ko": 1716715001.4260151,
    "pl": 1716715016.9118485,
    "pt-BR": 1716715032.6341686,
    "ru": 1716715048.2054434,
    "tr": 1716715063.9992316
}