{
    "en-US": 1720620861.0070999,
    "ar": 1720620876.1200924,
    "de": 1720620891.2305288,
    "es-ES": 1720620906.3255596,
    "es-MX": 1720620921.4411805,
    "fr": 1720620936.5618641,
    "it": 1720620951.7011058,
    "ja": 1720620966.811973,
    "ko": 1720620981.9368129,
    "pl": 1720620997.049227,
    "pt-BR": 1720621012.1717074,
    "ru": 1720621027.2702894,
    "tr": 1720621042.4022055
}