{
    "en-US": 1719875660.617067,
    "ar": 1719875675.77264,
    "de": 1719875690.8985498,
    "es-ES": 1719875706.0131176,
    "es-MX": 1719875721.1224334,
    "fr": 1719875736.2256196,
    "it": 1719875751.377374,
    "ja": 1719875766.47693,
    "ko": 1719875781.592134,
    "pl": 1719875796.6911726,
    "pt-BR": 1719875811.8066924,
    "ru": 1719875826.91832,
    "tr": 1719875842.0651827
}