{
    "en-US": 1714331408.9618723,
    "ar": 1714331425.2068527,
    "de": 1714331440.897298,
    "es-ES": 1714331456.3844836,
    "es-MX": 1714331472.1312256,
    "fr": 1714331488.0589206,
    "it": 1714331503.794955,
    "ja": 1714331522.0131192,
    "ko": 1714331539.0345564,
    "pl": 1714331554.820218,
    "pt-BR": 1714331570.6025305,
    "ru": 1714331586.3635275,
    "tr": 1714331602.4032063
}