{
    "en-US": 1721268111.4269764,
    "ar": 1721268126.633766,
    "de": 1721268141.8157978,
    "es-ES": 1721268157.0097785,
    "es-MX": 1721268172.2144132,
    "fr": 1721268187.3868613,
    "it": 1721268202.6018531,
    "ja": 1721268217.7999706,
    "ko": 1721268232.9984167,
    "pl": 1721268248.173112,
    "pt-BR": 1721268263.3826134,
    "ru": 1721268278.5661044,
    "tr": 1721268293.7459166
}