{
    "en-US": 1715436660.3060224,
    "ar": 1715436676.5310597,
    "de": 1715436692.2087026,
    "es-ES": 1715436707.801929,
    "es-MX": 1715436723.5218785,
    "fr": 1715436739.2696645,
    "it": 1715436754.9901497,
    "ja": 1715436773.1982248,
    "ko": 1715436790.2464356,
    "pl": 1715436805.997791,
    "pt-BR": 1715436821.7046068,
    "ru": 1715436837.5131652,
    "tr": 1715436853.3531983
}