{
    "en-US": 1719292474.6648989,
    "ar": 1719292489.7703395,
    "de": 1719292504.885013,
    "es-ES": 1719292519.9827762,
    "es-MX": 1719292535.0977485,
    "fr": 1719292550.2021801,
    "it": 1719292565.3404229,
    "ja": 1719292580.449254,
    "ko": 1719292595.548995,
    "pl": 1719292610.6427097,
    "pt-BR": 1719292625.7590256,
    "ru": 1719292640.863829,
    "tr": 1719292655.986059
}