{
    "en-US": 1719739030.980651,
    "ar": 1719739046.1579044,
    "de": 1719739061.3346963,
    "es-ES": 1719739076.501817,
    "es-MX": 1719739091.71561,
    "fr": 1719739106.8758068,
    "it": 1719739122.053747,
    "ja": 1719739137.2173855,
    "ko": 1719739152.3932397,
    "pl": 1719739167.5540671,
    "pt-BR": 1719739182.7437212,
    "ru": 1719739197.9060724,
    "tr": 1719739213.0764346
}