{
    "en-US": 1718000370.6662312,
    "ar": 1718000386.9978673,
    "de": 1718000402.8093574,
    "es-ES": 1718000418.0073874,
    "es-MX": 1718000433.2049577,
    "fr": 1718000448.3847244,
    "it": 1718000463.5774071,
    "ja": 1718000478.7541661,
    "ko": 1718000493.960319,
    "pl": 1718000509.1325526,
    "pt-BR": 1718000524.322868,
    "ru": 1718000539.5101666,
    "tr": 1718000554.6900923
}