{
    "en-US": 1719885682.666059,
    "ar": 1719885697.8441029,
    "de": 1719885713.0200007,
    "es-ES": 1719885728.1880178,
    "es-MX": 1719885743.3661892,
    "fr": 1719885758.5400217,
    "it": 1719885773.714191,
    "ja": 1719885788.8771656,
    "ko": 1719885804.0405545,
    "pl": 1719885819.2016587,
    "pt-BR": 1719885834.3740866,
    "ru": 1719885849.5557556,
    "tr": 1719885864.7278354
}