{
    "en-US": 1714482791.3826764,
    "ar": 1714482807.647742,
    "de": 1714482823.431536,
    "es-ES": 1714482839.1049037,
    "es-MX": 1714482854.828653,
    "fr": 1714482870.5418315,
    "it": 1714482886.331291,
    "ja": 1714482904.008228,
    "ko": 1714482923.1064477,
    "pl": 1714482938.8998218,
    "pt-BR": 1714482954.706423,
    "ru": 1714482970.5007389,
    "tr": 1714482986.2893925
}