{
    "en-US": 1719655994.548725,
    "ar": 1719656009.7271452,
    "de": 1719656024.9077735,
    "es-ES": 1719656040.071215,
    "es-MX": 1719656055.2649422,
    "fr": 1719656070.4367223,
    "it": 1719656085.6449437,
    "ja": 1719656100.8308818,
    "ko": 1719656115.9996812,
    "pl": 1719656131.1602576,
    "pt-BR": 1719656146.334936,
    "ru": 1719656161.5014231,
    "tr": 1719656176.6872787
}