{
    "en-US": 1716808371.8144538,
    "ar": 1716808387.664311,
    "de": 1716808403.292314,
    "es-ES": 1716808418.623325,
    "es-MX": 1716808434.3466704,
    "fr": 1716808449.833888,
    "it": 1716808465.5912051,
    "ja": 1716808483.5530915,
    "ko": 1716808500.6350026,
    "pl": 1716808516.1232724,
    "pt-BR": 1716808531.8766477,
    "ru": 1716808547.66917,
    "tr": 1716808563.5091212
}