{
    "en-US": 1715609573.1657128,
    "ar": 1715609589.0112967,
    "de": 1715609604.7366948,
    "es-ES": 1715609620.4301925,
    "es-MX": 1715609636.0785124,
    "fr": 1715609651.6995058,
    "it": 1715609667.0828521,
    "ja": 1715609685.5334144,
    "ko": 1715609700.7044709,
    "pl": 1715609715.87713,
    "pt-BR": 1715609731.0482445,
    "ru": 1715609746.191398,
    "tr": 1715609761.339013
}