{
    "en-US": 1717661830.4125001,
    "ar": 1717661846.5688937,
    "de": 1717661862.9201744,
    "es-ES": 1717661879.0568693,
    "es-MX": 1717661894.271806,
    "fr": 1717661909.4559345,
    "it": 1717661924.6426494,
    "ja": 1717661939.8226285,
    "ko": 1717661954.9980252,
    "pl": 1717661970.1840634,
    "pt-BR": 1717661985.366026,
    "ru": 1717662000.5407157,
    "tr": 1717662015.7281494
}