{
    "en-US": 1715548345.219304,
    "ar": 1715548361.3679616,
    "de": 1715548376.8980954,
    "es-ES": 1715548392.2939854,
    "es-MX": 1715548408.1612837,
    "fr": 1715548424.0652137,
    "it": 1715548439.7033849,
    "ja": 1715548457.134082,
    "ko": 1715548474.204875,
    "pl": 1715548489.9249396,
    "pt-BR": 1715548505.539362,
    "ru": 1715548521.2332032,
    "tr": 1715548536.927893
}