{
    "en-US": 1722301074.4619405,
    "ar": 1722301089.633162,
    "de": 1722301104.8206997,
    "es-ES": 1722301119.9878728,
    "es-MX": 1722301135.2075472,
    "fr": 1722301150.3701744,
    "it": 1722301165.5509155,
    "ja": 1722301180.74229,
    "ko": 1722301195.9341526,
    "pl": 1722301211.1207747,
    "pt-BR": 1722301226.345671,
    "ru": 1722301241.537784,
    "tr": 1722301256.7347586
}