{
    "en-US": 1720663450.3361742,
    "ar": 1720663465.443571,
    "de": 1720663480.5567298,
    "es-ES": 1720663495.6499407,
    "es-MX": 1720663510.7560012,
    "fr": 1720663525.8819728,
    "it": 1720663540.9909732,
    "ja": 1720663556.0917456,
    "ko": 1720663571.199932,
    "pl": 1720663586.3065877,
    "pt-BR": 1720663601.4224186,
    "ru": 1720663616.553596,
    "tr": 1720663631.666209
}