{
    "en-US": 1722233972.7131712,
    "ar": 1722233987.858059,
    "de": 1722234003.005365,
    "es-ES": 1722234018.144455,
    "es-MX": 1722234033.318088,
    "fr": 1722234048.4591208,
    "it": 1722234063.6306493,
    "ja": 1722234078.769095,
    "ko": 1722234093.914052,
    "pl": 1722234109.0668423,
    "pt-BR": 1722234124.2428646,
    "ru": 1722234139.40284,
    "tr": 1722234154.5379908
}