{
    "en-US": 1719469121.7537568,
    "ar": 1719469136.9204788,
    "de": 1719469152.0979898,
    "es-ES": 1719469167.2629952,
    "es-MX": 1719469182.452114,
    "fr": 1719469197.6142354,
    "it": 1719469212.8173506,
    "ja": 1719469228.0815353,
    "ko": 1719469243.2453895,
    "pl": 1719469258.4110765,
    "pt-BR": 1719469273.5864482,
    "ru": 1719469288.7510326,
    "tr": 1719469303.932787
}