{
    "en-US": 1715285623.959766,
    "ar": 1715285640.286377,
    "de": 1715285656.064137,
    "es-ES": 1715285671.7959728,
    "es-MX": 1715285687.542848,
    "fr": 1715285703.1024528,
    "it": 1715285718.9344592,
    "ja": 1715285736.7723606,
    "ko": 1715285754.279686,
    "pl": 1715285770.1336138,
    "pt-BR": 1715285785.9261298,
    "ru": 1715285801.8531594,
    "tr": 1715285817.7822418
}