{
    "en-US": 1717773298.3181033,
    "ar": 1717773314.5686178,
    "de": 1717773330.5956843,
    "es-ES": 1717773346.3703365,
    "es-MX": 1717773361.5218565,
    "fr": 1717773376.6414428,
    "it": 1717773391.7847326,
    "ja": 1717773406.9006925,
    "ko": 1717773422.0495992,
    "pl": 1717773437.1889546,
    "pt-BR": 1717773452.31388,
    "ru": 1717773467.425689,
    "tr": 1717773482.6466591
}