{
    "en-US": 1713690742.4678588,
    "ar": 1713690758.8344274,
    "de": 1713690774.517117,
    "es-ES": 1713690790.1684027,
    "es-MX": 1713690805.891525,
    "fr": 1713690821.6066945,
    "it": 1713690837.2680192,
    "ja": 1713690854.7148266,
    "ko": 1713690871.3948417,
    "pl": 1713690887.386508,
    "pt-BR": 1713690903.1225035,
    "ru": 1713690919.0500543,
    "tr": 1713690934.8920765
}