{
    "en-US": 1716412465.796055,
    "ar": 1716412482.1007938,
    "de": 1716412497.6302822,
    "es-ES": 1716412513.094633,
    "es-MX": 1716412528.6198242,
    "fr": 1716412544.0972164,
    "it": 1716412559.8739789,
    "ja": 1716412577.0706146,
    "ko": 1716412594.0378468,
    "pl": 1716412609.834655,
    "pt-BR": 1716412625.6786864,
    "ru": 1716412641.5945678,
    "tr": 1716412657.5445266
}