{
    "en-US": 1715879598.0947156,
    "ar": 1715879618.866016,
    "de": 1715879634.8204186,
    "es-ES": 1715879650.6282582,
    "es-MX": 1715879666.634897,
    "fr": 1715879682.2062032,
    "it": 1715879697.4496324,
    "ja": 1715879715.232357,
    "ko": 1715879732.467278,
    "pl": 1715879748.3412085,
    "pt-BR": 1715879764.1209507,
    "ru": 1715879779.8010194,
    "tr": 1715879795.6691675
}