{
    "en-US": 1716236012.2699678,
    "ar": 1716236028.1107411,
    "de": 1716236044.0026805,
    "es-ES": 1716236059.7497842,
    "es-MX": 1716236075.6655564,
    "fr": 1716236091.2510364,
    "it": 1716236107.1714008,
    "ja": 1716236123.810353,
    "ko": 1716236140.1455898,
    "pl": 1716236155.9208107,
    "pt-BR": 1716236171.6668172,
    "ru": 1716236187.2212317,
    "tr": 1716236203.0860178
}