{
    "en-US": 1720333093.5233457,
    "ar": 1720333108.704978,
    "de": 1720333123.8886964,
    "es-ES": 1720333139.059127,
    "es-MX": 1720333154.25333,
    "fr": 1720333169.4251747,
    "it": 1720333184.6028805,
    "ja": 1720333199.7711399,
    "ko": 1720333214.9401267,
    "pl": 1720333230.119338,
    "pt-BR": 1720333245.3225718,
    "ru": 1720333260.503931,
    "tr": 1720333275.684082
}