{
    "en-US": 1718766933.967951,
    "ar": 1718766949.1670814,
    "de": 1718766964.3636389,
    "es-ES": 1718766979.527697,
    "es-MX": 1718766994.7014318,
    "fr": 1718767009.8590605,
    "it": 1718767025.0452902,
    "ja": 1718767040.2098205,
    "ko": 1718767055.3820333,
    "pl": 1718767070.5483932,
    "pt-BR": 1718767085.722159,
    "ru": 1718767100.888868,
    "tr": 1718767116.0762494
}