{
    "en-US": 1718153744.2012513,
    "ar": 1718153763.0558572,
    "de": 1718153778.1874523,
    "es-ES": 1718153793.2974486,
    "es-MX": 1718153808.6452441,
    "fr": 1718153823.7717395,
    "it": 1718153838.9207137,
    "ja": 1718153854.0352437,
    "ko": 1718153869.1702464,
    "pl": 1718153884.292703,
    "pt-BR": 1718153899.4248657,
    "ru": 1718153914.5391974,
    "tr": 1718153929.6978889
}