{
    "en-US": 1715620266.5777504,
    "ar": 1715620282.6660397,
    "de": 1715620298.5439453,
    "es-ES": 1715620314.275179,
    "es-MX": 1715620330.1063416,
    "fr": 1715620345.9427059,
    "it": 1715620361.8182683,
    "ja": 1715620378.2648184,
    "ko": 1715620394.6722589,
    "pl": 1715620410.5517747,
    "pt-BR": 1715620426.4432573,
    "ru": 1715620442.0680938,
    "tr": 1715620457.768021
}