{
    "en-US": 1718259466.789895,
    "ar": 1718259481.9986506,
    "de": 1718259497.2054358,
    "es-ES": 1718259512.3799348,
    "es-MX": 1718259527.5598354,
    "fr": 1718259542.7300584,
    "it": 1718259557.933722,
    "ja": 1718259573.1036184,
    "ko": 1718259588.2794614,
    "pl": 1718259603.998031,
    "pt-BR": 1718259619.173759,
    "ru": 1718259634.365184,
    "tr": 1718259649.564565
}