{
    "en-US": 1716779725.1774478,
    "ar": 1716779741.0003603,
    "de": 1716779756.7519426,
    "es-ES": 1716779772.555371,
    "es-MX": 1716779788.434243,
    "fr": 1716779804.0639167,
    "it": 1716779820.112121,
    "ja": 1716779836.2454288,
    "ko": 1716779852.6187344,
    "pl": 1716779868.5284057,
    "pt-BR": 1716779884.4002876,
    "ru": 1716779900.0731132,
    "tr": 1716779916.3047578
}