{
    "en-US": 1714641209.1053278,
    "ar": 1714641225.1571574,
    "de": 1714641240.7068806,
    "es-ES": 1714641256.2360482,
    "es-MX": 1714641271.8564806,
    "fr": 1714641287.4130073,
    "it": 1714641303.0036001,
    "ja": 1714641321.1141045,
    "ko": 1714641338.008095,
    "pl": 1714641353.5994701,
    "pt-BR": 1714641369.2128549,
    "ru": 1714641385.1438887,
    "tr": 1714641400.836981
}