{
    "en-US": 1718061182.2083073,
    "ar": 1718061197.4440675,
    "de": 1718061212.6553862,
    "es-ES": 1718061227.851524,
    "es-MX": 1718061243.0738857,
    "fr": 1718061258.2838295,
    "it": 1718061273.5069158,
    "ja": 1718061288.7165287,
    "ko": 1718061303.914655,
    "pl": 1718061319.1088064,
    "pt-BR": 1718061334.3257895,
    "ru": 1718061349.5303109,
    "tr": 1718061364.7942896
}