{
    "en-US": 1717552705.9373882,
    "ar": 1717552722.2097886,
    "de": 1717552738.2871134,
    "es-ES": 1717552753.7937531,
    "es-MX": 1717552769.7199454,
    "fr": 1717552785.6243408,
    "it": 1717552801.6093106,
    "ja": 1717552818.1118333,
    "ko": 1717552834.5200667,
    "pl": 1717552850.4985356,
    "pt-BR": 1717552866.398079,
    "ru": 1717552882.3253345,
    "tr": 1717552898.2679656
}