{
    "en-US": 1717417413.251029,
    "ar": 1717417429.5231013,
    "de": 1717417445.333864,
    "es-ES": 1717417460.834593,
    "es-MX": 1717417477.0442784,
    "fr": 1717417492.9524662,
    "it": 1717417509.125828,
    "ja": 1717417526.7960014,
    "ko": 1717417543.8418233,
    "pl": 1717417560.0841773,
    "pt-BR": 1717417575.7350142,
    "ru": 1717417591.8043416,
    "tr": 1717417607.8622127
}