{
    "en-US": 1717164759.6624284,
    "ar": 1717164775.6941364,
    "de": 1717164791.3989022,
    "es-ES": 1717164807.089421,
    "es-MX": 1717164822.6124263,
    "fr": 1717164838.3097782,
    "it": 1717164854.148179,
    "ja": 1717164871.6018436,
    "ko": 1717164888.4018846,
    "pl": 1717164904.1922882,
    "pt-BR": 1717164919.8798609,
    "ru": 1717164935.7230194,
    "tr": 1717164951.6125982
}