{
    "en-US": 1721473945.5092793,
    "ar": 1721473960.6136472,
    "de": 1721473975.712078,
    "es-ES": 1721473990.8102212,
    "es-MX": 1721474005.9145634,
    "fr": 1721474021.038606,
    "it": 1721474036.1687691,
    "ja": 1721474051.2577884,
    "ko": 1721474066.351459,
    "pl": 1721474081.438834,
    "pt-BR": 1721474096.548166,
    "ru": 1721474111.6626852,
    "tr": 1721474126.7636771
}