{
    "en-US": 1721236358.4000106,
    "ar": 1721236373.5059187,
    "de": 1721236388.6316752,
    "es-ES": 1721236403.7325077,
    "es-MX": 1721236418.8596363,
    "fr": 1721236433.9948642,
    "it": 1721236449.1744366,
    "ja": 1721236464.2792017,
    "ko": 1721236479.391705,
    "pl": 1721236494.482106,
    "pt-BR": 1721236509.5984373,
    "ru": 1721236524.7241745,
    "tr": 1721236539.86815
}