{
    "en-US": 1718633648.7021353,
    "ar": 1718633665.0117679,
    "de": 1718633680.9942815,
    "es-ES": 1718633696.813704,
    "es-MX": 1718633711.9527054,
    "fr": 1718633727.1246598,
    "it": 1718633742.2396233,
    "ja": 1718633757.3492937,
    "ko": 1718633772.4499123,
    "pl": 1718633787.5807917,
    "pt-BR": 1718633802.6929832,
    "ru": 1718633817.7970767,
    "tr": 1718633832.9100478
}