{
    "en-US": 1716574614.6615932,
    "ar": 1716574630.9399168,
    "de": 1716574646.5973995,
    "es-ES": 1716574662.34294,
    "es-MX": 1716574678.431262,
    "fr": 1716574694.0671978,
    "it": 1716574710.3773987,
    "ja": 1716574727.6430845,
    "ko": 1716574744.574386,
    "pl": 1716574760.2039778,
    "pt-BR": 1716574776.058837,
    "ru": 1716574792.044669,
    "tr": 1716574808.123828
}