{
    "en-US": 1713798787.8082612,
    "ar": 1713798804.0127254,
    "de": 1713798819.7756526,
    "es-ES": 1713798835.2534761,
    "es-MX": 1713798850.9780958,
    "fr": 1713798866.7368612,
    "it": 1713798882.5018413,
    "ja": 1713798899.0695305,
    "ko": 1713798915.3114436,
    "pl": 1713798931.2487092,
    "pt-BR": 1713798947.0714676,
    "ru": 1713798962.973897,
    "tr": 1713798978.7306316
}