{
    "en-US": 1717715883.9356525,
    "ar": 1717715900.2208383,
    "de": 1717715916.2012856,
    "es-ES": 1717715931.9053485,
    "es-MX": 1717715947.040408,
    "fr": 1717715962.1505656,
    "it": 1717715977.2761023,
    "ja": 1717715992.3899207,
    "ko": 1717716007.659275,
    "pl": 1717716022.7632067,
    "pt-BR": 1717716037.8730748,
    "ru": 1717716053.0458379,
    "tr": 1717716068.2226605
}