{
    "en-US": 1714407319.6679478,
    "ar": 1714407336.0439978,
    "de": 1714407351.439251,
    "es-ES": 1714407367.0098596,
    "es-MX": 1714407382.6381063,
    "fr": 1714407398.3866148,
    "it": 1714407413.9705198,
    "ja": 1714407433.1536694,
    "ko": 1714407451.4731889,
    "pl": 1714407467.1352575,
    "pt-BR": 1714407482.7855437,
    "ru": 1714407498.5600872,
    "tr": 1714407514.3277638
}