{
    "en-US": 1714530514.3505836,
    "ar": 1714530530.601313,
    "de": 1714530546.163885,
    "es-ES": 1714530561.5016124,
    "es-MX": 1714530577.112149,
    "fr": 1714530592.7437665,
    "it": 1714530608.3908784,
    "ja": 1714530626.0544543,
    "ko": 1714530643.3431323,
    "pl": 1714530658.978555,
    "pt-BR": 1714530674.6301482,
    "ru": 1714530690.9498484,
    "tr": 1714530706.608997
}