{
    "en-US": 1715613269.7131844,
    "ar": 1715613285.8202002,
    "de": 1715613301.3363883,
    "es-ES": 1715613317.1219437,
    "es-MX": 1715613333.0059943,
    "fr": 1715613348.8760893,
    "it": 1715613364.73628,
    "ja": 1715613382.0211272,
    "ko": 1715613398.7089362,
    "pl": 1715613414.7159421,
    "pt-BR": 1715613430.2986174,
    "ru": 1715613445.9626343,
    "tr": 1715613461.7862227
}