{
    "en-US": 1719288991.87208,
    "ar": 1719289006.9863918,
    "de": 1719289022.1217036,
    "es-ES": 1719289037.245526,
    "es-MX": 1719289052.3708818,
    "fr": 1719289067.4683254,
    "it": 1719289082.6090164,
    "ja": 1719289097.7114058,
    "ko": 1719289112.8423483,
    "pl": 1719289127.9419835,
    "pt-BR": 1719289143.0719454,
    "ru": 1719289158.1791403,
    "tr": 1719289173.311073
}