{
    "en-US": 1717870543.323068,
    "ar": 1717870559.3292654,
    "de": 1717870575.3117342,
    "es-ES": 1717870590.4513924,
    "es-MX": 1717870605.5837255,
    "fr": 1717870620.7140875,
    "it": 1717870635.8285623,
    "ja": 1717870650.9306026,
    "ko": 1717870666.0389721,
    "pl": 1717870681.149806,
    "pt-BR": 1717870696.2747166,
    "ru": 1717870711.4197848,
    "tr": 1717870726.5449126
}