{
    "en-US": 1717225910.6363947,
    "ar": 1717225926.7395418,
    "de": 1717225942.5056558,
    "es-ES": 1717225958.254289,
    "es-MX": 1717225974.0545647,
    "fr": 1717225989.9363217,
    "it": 1717226005.840255,
    "ja": 1717226023.4985955,
    "ko": 1717226040.498242,
    "pl": 1717226056.3728,
    "pt-BR": 1717226072.2328403,
    "ru": 1717226088.171754,
    "tr": 1717226104.3614388
}