{
    "en-US": 1714716954.5815392,
    "ar": 1714716970.6262403,
    "de": 1714716986.1299152,
    "es-ES": 1714717001.8166282,
    "es-MX": 1714717017.6943572,
    "fr": 1714717033.4264822,
    "it": 1714717049.173355,
    "ja": 1714717065.650976,
    "ko": 1714717081.9855127,
    "pl": 1714717097.6918862,
    "pt-BR": 1714717113.4113212,
    "ru": 1714717129.01564,
    "tr": 1714717144.7992644
}