{
    "en-US": 1721614078.552308,
    "ar": 1721614093.720683,
    "de": 1721614108.8929095,
    "es-ES": 1721614124.0703475,
    "es-MX": 1721614139.2494607,
    "fr": 1721614154.4167519,
    "it": 1721614169.5830734,
    "ja": 1721614184.7766395,
    "ko": 1721614199.9484289,
    "pl": 1721614215.1235042,
    "pt-BR": 1721614230.2976525,
    "ru": 1721614245.4623322,
    "tr": 1721614260.6353536
}