{
    "en-US": 1713852950.3050141,
    "ar": 1713852966.3800187,
    "de": 1713852981.917356,
    "es-ES": 1713852997.391841,
    "es-MX": 1713853012.9422998,
    "fr": 1713853028.4789202,
    "it": 1713853044.1123614,
    "ja": 1713853061.3472795,
    "ko": 1713853078.1255,
    "pl": 1713853093.7337244,
    "pt-BR": 1713853109.3207724,
    "ru": 1713853124.9793613,
    "tr": 1713853141.0486991
}