{
    "en-US": 1715257287.18338,
    "ar": 1715257303.4059544,
    "de": 1715257319.1911068,
    "es-ES": 1715257334.9154947,
    "es-MX": 1715257350.636105,
    "fr": 1715257366.1881204,
    "it": 1715257382.1034315,
    "ja": 1715257399.6849935,
    "ko": 1715257416.828369,
    "pl": 1715257432.685173,
    "pt-BR": 1715257448.5108912,
    "ru": 1715257464.4797509,
    "tr": 1715257480.5007842
}