{
    "en-US": 1716138769.5039408,
    "ar": 1716138785.2889483,
    "de": 1716138800.9069161,
    "es-ES": 1716138816.509753,
    "es-MX": 1716138832.200032,
    "fr": 1716138847.6049485,
    "it": 1716138863.06202,
    "ja": 1716138880.724802,
    "ko": 1716138897.6702504,
    "pl": 1716138913.3240116,
    "pt-BR": 1716138929.0078344,
    "ru": 1716138944.4981465,
    "tr": 1716138960.253721
}