{
    "en-US": 1718878508.84783,
    "ar": 1718878525.0753124,
    "de": 1718878540.7422776,
    "es-ES": 1718878555.916322,
    "es-MX": 1718878571.086674,
    "fr": 1718878586.2502768,
    "it": 1718878601.428394,
    "ja": 1718878616.577796,
    "ko": 1718878631.7495255,
    "pl": 1718878646.8992155,
    "pt-BR": 1718878662.062826,
    "ru": 1718878677.2204866,
    "tr": 1718878692.3880904
}