{
    "en-US": 1717038852.0414464,
    "ar": 1717038868.125584,
    "de": 1717038883.9261205,
    "es-ES": 1717038899.7717535,
    "es-MX": 1717038915.6522617,
    "fr": 1717038931.4884422,
    "it": 1717038947.366762,
    "ja": 1717038963.4940386,
    "ko": 1717038979.8667202,
    "pl": 1717038995.4830976,
    "pt-BR": 1717039011.3559258,
    "ru": 1717039027.3515859,
    "tr": 1717039042.9971178
}