{
    "en-US": 1716613946.0236485,
    "ar": 1716613962.0632937,
    "de": 1716613977.8009293,
    "es-ES": 1716613993.2978485,
    "es-MX": 1716614008.827649,
    "fr": 1716614024.6799746,
    "it": 1716614040.615983,
    "ja": 1716614057.0841193,
    "ko": 1716614073.3705997,
    "pl": 1716614088.9803398,
    "pt-BR": 1716614104.8181453,
    "ru": 1716614120.7354698,
    "tr": 1716614136.8477209
}