{
    "en-US": 1716347742.9031963,
    "ar": 1716347758.9328952,
    "de": 1716347774.7310016,
    "es-ES": 1716347790.550426,
    "es-MX": 1716347806.3913875,
    "fr": 1716347821.9615488,
    "it": 1716347837.7969923,
    "ja": 1716347853.9642255,
    "ko": 1716347870.227218,
    "pl": 1716347886.0228121,
    "pt-BR": 1716347901.8233886,
    "ru": 1716347917.654529,
    "tr": 1716347933.5272279
}