{
    "en-US": 1720113310.578659,
    "ar": 1720113325.690225,
    "de": 1720113340.830705,
    "es-ES": 1720113355.936078,
    "es-MX": 1720113371.054823,
    "fr": 1720113386.1930466,
    "it": 1720113401.3327227,
    "ja": 1720113416.4457939,
    "ko": 1720113431.5590322,
    "pl": 1720113446.6573892,
    "pt-BR": 1720113461.7843428,
    "ru": 1720113476.9064178,
    "tr": 1720113492.0321023
}