{
    "en-US": 1717585885.7024333,
    "ar": 1717585901.931736,
    "de": 1717585917.047367,
    "es-ES": 1717585933.796344,
    "es-MX": 1717585948.9581583,
    "fr": 1717585964.974958,
    "it": 1717585980.1450603,
    "ja": 1717585997.5425353,
    "ko": 1717586014.5236523,
    "pl": 1717586030.1682496,
    "pt-BR": 1717586045.8492098,
    "ru": 1717586061.6439388,
    "tr": 1717586077.4312112
}