{
    "en-US": 1721121383.6658056,
    "ar": 1721121398.7737305,
    "de": 1721121413.8733253,
    "es-ES": 1721121428.9718268,
    "es-MX": 1721121444.1054115,
    "fr": 1721121459.2255218,
    "it": 1721121474.345294,
    "ja": 1721121489.4373267,
    "ko": 1721121504.5532644,
    "pl": 1721121519.6518748,
    "pt-BR": 1721121534.779243,
    "ru": 1721121549.8758786,
    "tr": 1721121564.9754076
}