{
    "en-US": 1717600512.5891192,
    "ar": 1717600529.0571954,
    "de": 1717600545.1662388,
    "es-ES": 1717600560.933419,
    "es-MX": 1717600576.1733341,
    "fr": 1717600591.2843475,
    "it": 1717600606.4196246,
    "ja": 1717600621.576637,
    "ko": 1717600636.7169602,
    "pl": 1717600651.8407907,
    "pt-BR": 1717600666.9785511,
    "ru": 1717600682.1027763,
    "tr": 1717600697.2242956
}