{
    "en-US": 1721585772.197584,
    "ar": 1721585787.3070562,
    "de": 1721585802.414246,
    "es-ES": 1721585817.5066578,
    "es-MX": 1721585832.638838,
    "fr": 1721585847.7544305,
    "it": 1721585862.8704348,
    "ja": 1721585877.983509,
    "ko": 1721585893.084651,
    "pl": 1721585908.2352064,
    "pt-BR": 1721585923.376901,
    "ru": 1721585938.489461,
    "tr": 1721585953.60688
}