{
    "en-US": 1715876138.4233081,
    "ar": 1715876154.7254155,
    "de": 1715876170.648187,
    "es-ES": 1715876186.5267608,
    "es-MX": 1715876202.3812962,
    "fr": 1715876218.423106,
    "it": 1715876234.3467565,
    "ja": 1715876251.941164,
    "ko": 1715876269.185131,
    "pl": 1715876285.12672,
    "pt-BR": 1715876301.1289907,
    "ru": 1715876317.1539247,
    "tr": 1715876333.093657
}