{
    "en-US": 1721146568.282017,
    "ar": 1721146583.4502172,
    "de": 1721146598.6138718,
    "es-ES": 1721146613.7635891,
    "es-MX": 1721146628.9274037,
    "fr": 1721146644.0824463,
    "it": 1721146659.2617495,
    "ja": 1721146674.433117,
    "ko": 1721146689.595999,
    "pl": 1721146704.756244,
    "pt-BR": 1721146719.9233444,
    "ru": 1721146735.080757,
    "tr": 1721146750.237274
}