{
    "en-US": 1718961301.4810572,
    "ar": 1718961316.6882768,
    "de": 1718961331.911538,
    "es-ES": 1718961347.0725017,
    "es-MX": 1718961362.2499647,
    "fr": 1718961377.4230998,
    "it": 1718961392.6138885,
    "ja": 1718961407.774841,
    "ko": 1718961422.9541776,
    "pl": 1718961438.1227887,
    "pt-BR": 1718961453.2983122,
    "ru": 1718961468.4723272,
    "tr": 1718961483.6563778
}