{
    "en-US": 1714547689.5771604,
    "ar": 1714547705.7619379,
    "de": 1714547721.4339185,
    "es-ES": 1714547737.0819392,
    "es-MX": 1714547752.6212249,
    "fr": 1714547768.3383877,
    "it": 1714547783.9056628,
    "ja": 1714547802.3046057,
    "ko": 1714547819.2571213,
    "pl": 1714547835.0465024,
    "pt-BR": 1714547850.7862709,
    "ru": 1714547866.881354,
    "tr": 1714547882.737517
}