{
    "en-US": 1720289782.2032647,
    "ar": 1720289797.4043846,
    "de": 1720289812.581957,
    "es-ES": 1720289827.7517319,
    "es-MX": 1720289842.940604,
    "fr": 1720289858.117841,
    "it": 1720289873.3262331,
    "ja": 1720289888.4979863,
    "ko": 1720289903.728396,
    "pl": 1720289918.8940666,
    "pt-BR": 1720289934.0825074,
    "ru": 1720289949.2547474,
    "tr": 1720289964.511818
}