{
    "en-US": 1715321780.6990817,
    "ar": 1715321796.8328712,
    "de": 1715321812.4177296,
    "es-ES": 1715321827.9485314,
    "es-MX": 1715321843.7352126,
    "fr": 1715321859.3267584,
    "it": 1715321874.9605017,
    "ja": 1715321892.826909,
    "ko": 1715321909.791908,
    "pl": 1715321925.4189372,
    "pt-BR": 1715321941.0482738,
    "ru": 1715321956.5736036,
    "tr": 1715321972.3213015
}