{
    "en-US": 1721816200.0612147,
    "ar": 1721816215.23863,
    "de": 1721816230.4206712,
    "es-ES": 1721816245.590593,
    "es-MX": 1721816260.764794,
    "fr": 1721816275.9341881,
    "it": 1721816291.1280413,
    "ja": 1721816306.2990725,
    "ko": 1721816321.4726326,
    "pl": 1721816336.6354675,
    "pt-BR": 1721816351.8259463,
    "ru": 1721816366.9927762,
    "tr": 1721816382.186346
}