{
    "en-US": 1721229412.2024634,
    "ar": 1721229427.340375,
    "de": 1721229442.455873,
    "es-ES": 1721229457.5604448,
    "es-MX": 1721229472.6731203,
    "fr": 1721229487.790882,
    "it": 1721229502.891146,
    "ja": 1721229517.996657,
    "ko": 1721229533.1129384,
    "pl": 1721229548.221944,
    "pt-BR": 1721229563.322699,
    "ru": 1721229578.4761164,
    "tr": 1721229593.5898623
}