{
    "en-US": 1720576969.8320336,
    "ar": 1720576984.9809296,
    "de": 1720577000.138765,
    "es-ES": 1720577015.2834227,
    "es-MX": 1720577030.440286,
    "fr": 1720577045.5861497,
    "it": 1720577060.7627273,
    "ja": 1720577075.903811,
    "ko": 1720577091.0501604,
    "pl": 1720577106.198398,
    "pt-BR": 1720577121.377928,
    "ru": 1720577136.5198665,
    "tr": 1720577151.6944518
}