{
    "en-US": 1714122828.1491628,
    "ar": 1714122844.2409682,
    "de": 1714122859.9756498,
    "es-ES": 1714122875.6810236,
    "es-MX": 1714122891.395972,
    "fr": 1714122907.1092775,
    "it": 1714122922.872393,
    "ja": 1714122940.5926135,
    "ko": 1714122957.8182695,
    "pl": 1714122973.5383794,
    "pt-BR": 1714122989.3021176,
    "ru": 1714123005.360013,
    "tr": 1714123021.374966
}