{
    "en-US": 1721798118.7007298,
    "ar": 1721798133.8003683,
    "de": 1721798148.9332244,
    "es-ES": 1721798164.1255612,
    "es-MX": 1721798179.2378104,
    "fr": 1721798194.3227594,
    "it": 1721798209.4180155,
    "ja": 1721798224.5070574,
    "ko": 1721798239.600474,
    "pl": 1721798254.7105503,
    "pt-BR": 1721798269.8219888,
    "ru": 1721798284.9198227,
    "tr": 1721798300.0094779
}