{
    "en-US": 1715392285.0336995,
    "ar": 1715392301.3089216,
    "de": 1715392317.0368538,
    "es-ES": 1715392332.7954354,
    "es-MX": 1715392348.5845108,
    "fr": 1715392364.3313067,
    "it": 1715392380.173529,
    "ja": 1715392396.8750544,
    "ko": 1715392413.0806715,
    "pl": 1715392428.8792732,
    "pt-BR": 1715392444.6392555,
    "ru": 1715392460.4563282,
    "tr": 1715392476.2590349
}