{
    "en-US": 1714039989.890548,
    "ar": 1714040005.9707758,
    "de": 1714040021.3166184,
    "es-ES": 1714040036.8154655,
    "es-MX": 1714040052.3987002,
    "fr": 1714040067.994913,
    "it": 1714040083.5933127,
    "ja": 1714040098.7840865,
    "ko": 1714040113.9557664,
    "pl": 1714040129.5571496,
    "pt-BR": 1714040145.0963476,
    "ru": 1714040160.733119,
    "tr": 1714040176.3490958
}