{
    "en-US": 1719148389.005961,
    "ar": 1719148405.2892485,
    "de": 1719148421.1722713,
    "es-ES": 1719148436.371504,
    "es-MX": 1719148451.6685655,
    "fr": 1719148466.8574808,
    "it": 1719148482.0501227,
    "ja": 1719148497.2291765,
    "ko": 1719148512.4489496,
    "pl": 1719148527.6246982,
    "pt-BR": 1719148542.8157876,
    "ru": 1719148557.9807189,
    "tr": 1719148573.156245
}