{
    "en-US": 1718615717.5555854,
    "ar": 1718615732.7207468,
    "de": 1718615747.8783748,
    "es-ES": 1718615762.9821897,
    "es-MX": 1718615778.114696,
    "fr": 1718615793.2240489,
    "it": 1718615808.3399558,
    "ja": 1718615823.434906,
    "ko": 1718615838.5626688,
    "pl": 1718615853.6653893,
    "pt-BR": 1718615868.7896068,
    "ru": 1718615883.8904922,
    "tr": 1718615898.9994853
}