{
    "en-US": 1718957886.960049,
    "ar": 1718957903.215939,
    "de": 1718957919.2875037,
    "es-ES": 1718957934.4316041,
    "es-MX": 1718957949.6691432,
    "fr": 1718957964.778319,
    "it": 1718957979.901703,
    "ja": 1718957995.019469,
    "ko": 1718958010.1616774,
    "pl": 1718958025.2711635,
    "pt-BR": 1718958040.3888917,
    "ru": 1718958055.5009155,
    "tr": 1718958070.637765
}