{
    "en-US": 1717175617.5765135,
    "ar": 1717175633.4463282,
    "de": 1717175649.177298,
    "es-ES": 1717175664.8175576,
    "es-MX": 1717175680.9629095,
    "fr": 1717175696.8720472,
    "it": 1717175712.8112557,
    "ja": 1717175730.0987751,
    "ko": 1717175747.2102168,
    "pl": 1717175763.2115715,
    "pt-BR": 1717175779.1313894,
    "ru": 1717175794.6803439,
    "tr": 1717175810.630065
}