{
    "en-US": 1715224436.1782248,
    "ar": 1715224452.3626792,
    "de": 1715224467.9301898,
    "es-ES": 1715224483.4828403,
    "es-MX": 1715224499.078193,
    "fr": 1715224514.671426,
    "it": 1715224530.077426,
    "ja": 1715224548.159691,
    "ko": 1715224565.6747012,
    "pl": 1715224581.274598,
    "pt-BR": 1715224596.8771226,
    "ru": 1715224612.4114652,
    "tr": 1715224628.0986524
}