{
    "en-US": 1714360431.3377783,
    "ar": 1714360447.3574803,
    "de": 1714360462.8532302,
    "es-ES": 1714360478.3514905,
    "es-MX": 1714360493.93865,
    "fr": 1714360509.518166,
    "it": 1714360525.0977776,
    "ja": 1714360542.5696778,
    "ko": 1714360559.4624865,
    "pl": 1714360575.0300555,
    "pt-BR": 1714360590.6183138,
    "ru": 1714360606.272479,
    "tr": 1714360621.9466932
}