{
    "en-US": 1720188838.5078328,
    "ar": 1720188853.6198566,
    "de": 1720188868.7474146,
    "es-ES": 1720188883.8822715,
    "es-MX": 1720188899.016506,
    "fr": 1720188914.15752,
    "it": 1720188929.3134842,
    "ja": 1720188944.4162502,
    "ko": 1720188959.523476,
    "pl": 1720188974.64262,
    "pt-BR": 1720188989.761636,
    "ru": 1720189004.8857968,
    "tr": 1720189020.048379
}