{
    "en-US": 1720347168.3113337,
    "ar": 1720347183.4811668,
    "de": 1720347198.6537166,
    "es-ES": 1720347213.8126743,
    "es-MX": 1720347229.0016623,
    "fr": 1720347244.1633227,
    "it": 1720347259.3361642,
    "ja": 1720347274.4934008,
    "ko": 1720347289.6529515,
    "pl": 1720347304.8131382,
    "pt-BR": 1720347320.0180118,
    "ru": 1720347335.1766684,
    "tr": 1720347350.3477573
}