{
    "en-US": 1719151928.4288614,
    "ar": 1719151944.5701249,
    "de": 1719151960.5615416,
    "es-ES": 1719151976.286371,
    "es-MX": 1719151991.4442713,
    "fr": 1719152006.612755,
    "it": 1719152021.7310336,
    "ja": 1719152036.8561625,
    "ko": 1719152051.9816933,
    "pl": 1719152067.1258926,
    "pt-BR": 1719152082.2535095,
    "ru": 1719152097.3705056,
    "tr": 1719152112.4999936
}