{
    "en-US": 1714655617.46259,
    "ar": 1714655633.7388453,
    "de": 1714655649.6294851,
    "es-ES": 1714655665.287697,
    "es-MX": 1714655680.8342297,
    "fr": 1714655696.617412,
    "it": 1714655712.3916752,
    "ja": 1714655730.1813173,
    "ko": 1714655746.2565236,
    "pl": 1714655762.1706934,
    "pt-BR": 1714655777.9462516,
    "ru": 1714655793.806784,
    "tr": 1714655809.8359835
}