{
    "en-US": 1720390444.3094075,
    "ar": 1720390459.5153248,
    "de": 1720390474.7256103,
    "es-ES": 1720390489.9159698,
    "es-MX": 1720390505.1534917,
    "fr": 1720390520.3414025,
    "it": 1720390535.5335958,
    "ja": 1720390550.7209606,
    "ko": 1720390565.9124873,
    "pl": 1720390581.1023915,
    "pt-BR": 1720390596.3182168,
    "ru": 1720390611.4902947,
    "tr": 1720390626.6649902
}