{
    "en-US": 1720602890.4773955,
    "ar": 1720602905.5942075,
    "de": 1720602920.7024183,
    "es-ES": 1720602935.7933543,
    "es-MX": 1720602950.9104478,
    "fr": 1720602966.0059247,
    "it": 1720602981.1326807,
    "ja": 1720602996.2243493,
    "ko": 1720603011.331033,
    "pl": 1720603026.436375,
    "pt-BR": 1720603041.5488336,
    "ru": 1720603056.638963,
    "tr": 1720603071.761575
}