{
    "en-US": 1715221662.516955,
    "ar": 1715221678.8038013,
    "de": 1715221694.5402913,
    "es-ES": 1715221710.3032658,
    "es-MX": 1715221726.037201,
    "fr": 1715221741.8483737,
    "it": 1715221757.6250434,
    "ja": 1715221775.1717463,
    "ko": 1715221792.2212198,
    "pl": 1715221808.1847975,
    "pt-BR": 1715221823.9854753,
    "ru": 1715221840.015163,
    "tr": 1715221856.054859
}