{
    "en-US": 1716491507.913974,
    "ar": 1716491524.2118645,
    "de": 1716491540.0908992,
    "es-ES": 1716491555.9845655,
    "es-MX": 1716491571.5183127,
    "fr": 1716491587.4241042,
    "it": 1716491603.315941,
    "ja": 1716491620.8037858,
    "ko": 1716491637.8187563,
    "pl": 1716491653.5918946,
    "pt-BR": 1716491669.4291735,
    "ru": 1716491685.447008,
    "tr": 1716491701.4749496
}