{
    "en-US": 1719908211.0248337,
    "ar": 1719908226.1362836,
    "de": 1719908241.248723,
    "es-ES": 1719908256.3467867,
    "es-MX": 1719908271.4746869,
    "fr": 1719908286.568204,
    "it": 1719908301.692729,
    "ja": 1719908316.7873662,
    "ko": 1719908331.8912053,
    "pl": 1719908346.9944015,
    "pt-BR": 1719908362.1184716,
    "ru": 1719908377.2192073,
    "tr": 1719908392.327654
}