{
    "en-US": 1716030616.9500046,
    "ar": 1716030632.9041595,
    "de": 1716030648.8702703,
    "es-ES": 1716030664.5856757,
    "es-MX": 1716030680.3438601,
    "fr": 1716030696.0753138,
    "it": 1716030711.9534435,
    "ja": 1716030729.3176634,
    "ko": 1716030746.189872,
    "pl": 1716030762.0030649,
    "pt-BR": 1716030777.7651424,
    "ru": 1716030793.6029549,
    "tr": 1716030809.4272976
}