{
    "en-US": 1719983632.768189,
    "ar": 1719983647.8753526,
    "de": 1719983662.9992127,
    "es-ES": 1719983678.106132,
    "es-MX": 1719983693.247231,
    "fr": 1719983708.3546617,
    "it": 1719983723.5234551,
    "ja": 1719983738.627881,
    "ko": 1719983753.7336326,
    "pl": 1719983768.8322372,
    "pt-BR": 1719983783.9651427,
    "ru": 1719983799.0741758,
    "tr": 1719983814.1861646
}