{
    "en-US": 1714182403.6004212,
    "ar": 1714182419.6776624,
    "de": 1714182435.2609646,
    "es-ES": 1714182450.6102605,
    "es-MX": 1714182466.1645386,
    "fr": 1714182481.7403314,
    "it": 1714182497.303363,
    "ja": 1714182514.897093,
    "ko": 1714182531.7608004,
    "pl": 1714182547.3173444,
    "pt-BR": 1714182562.8916948,
    "ru": 1714182578.8438427,
    "tr": 1714182594.8338594
}