{
    "en-US": 1721254405.8057861,
    "ar": 1721254421.0459661,
    "de": 1721254436.2713678,
    "es-ES": 1721254451.5511322,
    "es-MX": 1721254466.7836113,
    "fr": 1721254482.01129,
    "it": 1721254497.2672489,
    "ja": 1721254512.4884596,
    "ko": 1721254527.7027457,
    "pl": 1721254542.9051707,
    "pt-BR": 1721254558.1341631,
    "ru": 1721254573.3489048,
    "tr": 1721254588.624117
}