{
    "en-US": 1721078066.6009583,
    "ar": 1721078081.711418,
    "de": 1721078096.823684,
    "es-ES": 1721078111.9380772,
    "es-MX": 1721078127.4865174,
    "fr": 1721078142.5774436,
    "it": 1721078157.6896248,
    "ja": 1721078172.7877016,
    "ko": 1721078187.8944187,
    "pl": 1721078203.0172167,
    "pt-BR": 1721078218.158074,
    "ru": 1721078233.27999,
    "tr": 1721078248.3889623
}