{
    "en-US": 1717579006.251283,
    "ar": 1717579022.3976824,
    "de": 1717579038.3387713,
    "es-ES": 1717579053.9389405,
    "es-MX": 1717579069.6497402,
    "fr": 1717579085.3740296,
    "it": 1717579101.2025776,
    "ja": 1717579118.0791183,
    "ko": 1717579134.9811513,
    "pl": 1717579150.4991856,
    "pt-BR": 1717579165.9910085,
    "ru": 1717579181.8299236,
    "tr": 1717579197.58834
}