{
    "en-US": 1716009199.9175131,
    "ar": 1716009215.8109477,
    "de": 1716009231.3072267,
    "es-ES": 1716009246.9970636,
    "es-MX": 1716009262.7510223,
    "fr": 1716009278.4696946,
    "it": 1716009294.2302992,
    "ja": 1716009311.5019195,
    "ko": 1716009328.251772,
    "pl": 1716009344.0507948,
    "pt-BR": 1716009359.8438773,
    "ru": 1716009375.4684758,
    "tr": 1716009391.2960646
}