{
    "en-US": 1719864850.0110393,
    "ar": 1719864865.1426754,
    "de": 1719864880.301906,
    "es-ES": 1719864895.4206803,
    "es-MX": 1719864910.5779085,
    "fr": 1719864925.6815012,
    "it": 1719864940.8462973,
    "ja": 1719864955.9668872,
    "ko": 1719864971.0988672,
    "pl": 1719864986.2070744,
    "pt-BR": 1719865001.367355,
    "ru": 1719865016.5088532,
    "tr": 1719865031.6276805
}