{
    "en-US": 1715015654.4768658,
    "ar": 1715015670.8477032,
    "de": 1715015686.6920807,
    "es-ES": 1715015702.5781171,
    "es-MX": 1715015718.4038112,
    "fr": 1715015734.185747,
    "it": 1715015749.9982057,
    "ja": 1715015768.2253826,
    "ko": 1715015785.3764088,
    "pl": 1715015801.2087018,
    "pt-BR": 1715015817.114671,
    "ru": 1715015832.7442675,
    "tr": 1715015848.7024019
}