{
    "en-US": 1714979603.0315819,
    "ar": 1714979619.1771379,
    "de": 1714979634.7424448,
    "es-ES": 1714979650.2816527,
    "es-MX": 1714979665.9081101,
    "fr": 1714979681.4780297,
    "it": 1714979697.0493672,
    "ja": 1714979716.3047895,
    "ko": 1714979733.6515164,
    "pl": 1714979749.2367587,
    "pt-BR": 1714979764.9351442,
    "ru": 1714979780.6386952,
    "tr": 1714979796.3621771
}