{
    "en-US": 1715119985.451684,
    "ar": 1715120001.5884,
    "de": 1715120017.1771088,
    "es-ES": 1715120032.7564554,
    "es-MX": 1715120048.387897,
    "fr": 1715120064.0484726,
    "it": 1715120079.696429,
    "ja": 1715120097.289716,
    "ko": 1715120114.5765955,
    "pl": 1715120130.016505,
    "pt-BR": 1715120145.6551864,
    "ru": 1715120161.4466484,
    "tr": 1715120176.6844711
}