{
    "en-US": 1717618523.365168,
    "ar": 1717618539.6209676,
    "de": 1717618555.490453,
    "es-ES": 1717618570.630055,
    "es-MX": 1717618585.7654753,
    "fr": 1717618600.8863246,
    "it": 1717618616.0059054,
    "ja": 1717618631.108726,
    "ko": 1717618646.265429,
    "pl": 1717618661.3659904,
    "pt-BR": 1717618676.5086129,
    "ru": 1717618691.6200697,
    "tr": 1717618706.7486541
}