{
    "en-US": 1718159778.2244754,
    "ar": 1718159793.3910625,
    "de": 1718159808.5406525,
    "es-ES": 1718159823.6447606,
    "es-MX": 1718159838.7796428,
    "fr": 1718159853.8951905,
    "it": 1718159869.0920722,
    "ja": 1718159884.2222605,
    "ko": 1718159899.3379846,
    "pl": 1718159914.4598815,
    "pt-BR": 1718159929.6290894,
    "ru": 1718159944.7362514,
    "tr": 1718159959.879864
}