{
    "en-US": 1715598680.515493,
    "ar": 1715598696.6550598,
    "de": 1715598712.6687226,
    "es-ES": 1715598728.170547,
    "es-MX": 1715598743.9870539,
    "fr": 1715598759.7783659,
    "it": 1715598775.579015,
    "ja": 1715598792.991841,
    "ko": 1715598809.9702845,
    "pl": 1715598825.7408493,
    "pt-BR": 1715598841.55405,
    "ru": 1715598857.6723058,
    "tr": 1715598873.5605159
}