{
    "en-US": 1716930819.739673,
    "ar": 1716930835.8989162,
    "de": 1716930851.6536877,
    "es-ES": 1716930867.6161134,
    "es-MX": 1716930883.4461417,
    "fr": 1716930899.2676642,
    "it": 1716930915.2520785,
    "ja": 1716930931.873961,
    "ko": 1716930948.2388384,
    "pl": 1716930964.238417,
    "pt-BR": 1716930980.1934364,
    "ru": 1716930995.88679,
    "tr": 1716931012.0968027
}