{
    "en-US": 1718821048.0666122,
    "ar": 1718821064.3788831,
    "de": 1718821080.302598,
    "es-ES": 1718821095.4502304,
    "es-MX": 1718821110.5873435,
    "fr": 1718821125.7668483,
    "it": 1718821140.8969407,
    "ja": 1718821156.0200503,
    "ko": 1718821171.1595166,
    "pl": 1718821186.2699926,
    "pt-BR": 1718821201.3935103,
    "ru": 1718821216.5408194,
    "tr": 1718821231.6808052
}