{
    "en-US": 1721333674.194812,
    "ar": 1721333689.364616,
    "de": 1721333704.570894,
    "es-ES": 1721333719.7243507,
    "es-MX": 1721333734.9121487,
    "fr": 1721333750.1113873,
    "it": 1721333765.2799475,
    "ja": 1721333780.4364567,
    "ko": 1721333795.5971797,
    "pl": 1721333810.7567587,
    "pt-BR": 1721333825.9782808,
    "ru": 1721333841.129866,
    "tr": 1721333856.2897613
}