{
    "en-US": 1713856326.5966194,
    "ar": 1713856342.7144675,
    "de": 1713856358.2207425,
    "es-ES": 1713856373.7170298,
    "es-MX": 1713856389.275104,
    "fr": 1713856404.8334086,
    "it": 1713856420.4012861,
    "ja": 1713856440.0684533,
    "ko": 1713856457.6560888,
    "pl": 1713856473.2277517,
    "pt-BR": 1713856488.8218114,
    "ru": 1713856504.490148,
    "tr": 1713856520.1248057
}