{
    "en-US": 1715573733.8177722,
    "ar": 1715573749.8125694,
    "de": 1715573765.4856534,
    "es-ES": 1715573781.146045,
    "es-MX": 1715573796.883733,
    "fr": 1715573812.6520185,
    "it": 1715573828.4025786,
    "ja": 1715573844.6723247,
    "ko": 1715573860.884974,
    "pl": 1715573876.7142894,
    "pt-BR": 1715573892.4681706,
    "ru": 1715573908.2683015,
    "tr": 1715573924.22479
}