{
    "en-US": 1721772874.6467218,
    "ar": 1721772889.7915034,
    "de": 1721772904.9024239,
    "es-ES": 1721772919.9984705,
    "es-MX": 1721772935.1207232,
    "fr": 1721772950.2289517,
    "it": 1721772965.383805,
    "ja": 1721772980.4712229,
    "ko": 1721772995.5799904,
    "pl": 1721773010.6741726,
    "pt-BR": 1721773025.8068223,
    "ru": 1721773040.901944,
    "tr": 1721773056.0404036
}