{
    "en-US": 1715595278.07405,
    "ar": 1715595294.3491287,
    "de": 1715595309.882954,
    "es-ES": 1715595325.4494855,
    "es-MX": 1715595340.8491025,
    "fr": 1715595356.4645376,
    "it": 1715595372.0971859,
    "ja": 1715595391.5174491,
    "ko": 1715595409.3904452,
    "pl": 1715595425.003153,
    "pt-BR": 1715595440.4298253,
    "ru": 1715595455.9236555,
    "tr": 1715595471.6431859
}