{
    "en-US": 1722377586.2593222,
    "ar": 1722377601.426528,
    "de": 1722377616.6192005,
    "es-ES": 1722377631.7786603,
    "es-MX": 1722377646.9825215,
    "fr": 1722377662.1490781,
    "it": 1722377677.348364,
    "ja": 1722377692.5159047,
    "ko": 1722377707.6878428,
    "pl": 1722377722.8455615,
    "pt-BR": 1722377738.0496366,
    "ru": 1722377753.2159357,
    "tr": 1722377768.3835547
}