{
    "en-US": 1713964780.5672777,
    "ar": 1713964796.7215912,
    "de": 1713964812.4913702,
    "es-ES": 1713964828.1696897,
    "es-MX": 1713964843.948238,
    "fr": 1713964859.6077893,
    "it": 1713964875.2907073,
    "ja": 1713964892.337102,
    "ko": 1713964909.1240048,
    "pl": 1713964924.673201,
    "pt-BR": 1713964940.4053159,
    "ru": 1713964956.2540987,
    "tr": 1713964972.243758
}