{
    "en-US": 1714464938.3487158,
    "ar": 1714464954.3117301,
    "de": 1714464970.0501015,
    "es-ES": 1714464985.7256582,
    "es-MX": 1714465001.4659297,
    "fr": 1714465017.1315827,
    "it": 1714465032.8185859,
    "ja": 1714465049.3426762,
    "ko": 1714465065.5240881,
    "pl": 1714465081.250365,
    "pt-BR": 1714465096.9589458,
    "ru": 1714465113.1361659,
    "tr": 1714465128.8808024
}