{
    "en-US": 1721675538.154326,
    "ar": 1721675553.2555327,
    "de": 1721675568.370384,
    "es-ES": 1721675583.4802392,
    "es-MX": 1721675598.5933688,
    "fr": 1721675613.6908216,
    "it": 1721675628.8153188,
    "ja": 1721675643.9196396,
    "ko": 1721675659.0324268,
    "pl": 1721675674.1537824,
    "pt-BR": 1721675689.2829363,
    "ru": 1721675704.3902285,
    "tr": 1721675719.5122964
}