{
    "en-US": 1714507963.770497,
    "ar": 1714507979.924864,
    "de": 1714507995.6129289,
    "es-ES": 1714508011.2699726,
    "es-MX": 1714508026.6791255,
    "fr": 1714508042.3864377,
    "it": 1714508058.0968845,
    "ja": 1714508075.8444028,
    "ko": 1714508093.1159794,
    "pl": 1714508108.81349,
    "pt-BR": 1714508124.236487,
    "ru": 1714508140.0743337,
    "tr": 1714508157.2641869
}