{
    "en-US": 1721981822.8091106,
    "ar": 1721981837.9747064,
    "de": 1721981853.139862,
    "es-ES": 1721981868.2942917,
    "es-MX": 1721981883.4526787,
    "fr": 1721981898.601201,
    "it": 1721981913.7896776,
    "ja": 1721981928.943569,
    "ko": 1721981944.1077838,
    "pl": 1721981959.2543437,
    "pt-BR": 1721981974.4143448,
    "ru": 1721981989.573954,
    "tr": 1721982004.7538698
}