{
    "en-US": 1714101276.2459443,
    "ar": 1714101292.2695396,
    "de": 1714101307.9909804,
    "es-ES": 1714101323.6888022,
    "es-MX": 1714101339.4516113,
    "fr": 1714101355.4787183,
    "it": 1714101371.0363533,
    "ja": 1714101387.6387033,
    "ko": 1714101404.4023685,
    "pl": 1714101420.1953962,
    "pt-BR": 1714101435.968034,
    "ru": 1714101451.7887623,
    "tr": 1714101467.7673478
}