{
    "en-US": 1719242084.0931454,
    "ar": 1719242100.622265,
    "de": 1719242116.870325,
    "es-ES": 1719242132.0750742,
    "es-MX": 1719242147.3304226,
    "fr": 1719242162.5115564,
    "it": 1719242177.7014284,
    "ja": 1719242192.9384875,
    "ko": 1719242208.144336,
    "pl": 1719242223.3228233,
    "pt-BR": 1719242238.5013428,
    "ru": 1719242253.6790082,
    "tr": 1719242268.8519046
}