{
    "en-US": 1714825184.2777698,
    "ar": 1714825200.453781,
    "de": 1714825215.8008332,
    "es-ES": 1714825231.3438473,
    "es-MX": 1714825247.0108511,
    "fr": 1714825262.4196408,
    "it": 1714825278.0134523,
    "ja": 1714825296.8748357,
    "ko": 1714825314.0858316,
    "pl": 1714825329.712999,
    "pt-BR": 1714825345.33465,
    "ru": 1714825361.2933362,
    "tr": 1714825377.180749
}