{
    "en-US": 1719220544.5775297,
    "ar": 1719220559.771989,
    "de": 1719220574.9742117,
    "es-ES": 1719220590.1420448,
    "es-MX": 1719220605.3159475,
    "fr": 1719220620.476281,
    "it": 1719220635.6734893,
    "ja": 1719220650.8440723,
    "ko": 1719220666.0107849,
    "pl": 1719220681.1837249,
    "pt-BR": 1719220696.360083,
    "ru": 1719220711.5379395,
    "tr": 1719220726.7393718
}