{
    "en-US": 1714104838.5802221,
    "ar": 1714104854.6386762,
    "de": 1714104870.2732136,
    "es-ES": 1714104885.8022876,
    "es-MX": 1714104901.5422604,
    "fr": 1714104917.4330337,
    "it": 1714104932.9925702,
    "ja": 1714104949.5479093,
    "ko": 1714104965.8810277,
    "pl": 1714104981.6092012,
    "pt-BR": 1714104997.33411,
    "ru": 1714105013.036625,
    "tr": 1714105029.131567
}