{
    "en-US": 1715951664.8238358,
    "ar": 1715951680.9773421,
    "de": 1715951696.677617,
    "es-ES": 1715951712.3957896,
    "es-MX": 1715951728.1740277,
    "fr": 1715951744.073877,
    "it": 1715951759.832757,
    "ja": 1715951777.4996307,
    "ko": 1715951794.3636212,
    "pl": 1715951810.2312155,
    "pt-BR": 1715951825.6917968,
    "ru": 1715951841.2360175,
    "tr": 1715951857.0379066
}