{
    "en-US": 1717034302.4773865,
    "ar": 1717034318.601467,
    "de": 1717034334.2932792,
    "es-ES": 1717034350.1047657,
    "es-MX": 1717034366.060291,
    "fr": 1717034381.6817095,
    "it": 1717034397.6607342,
    "ja": 1717034414.060988,
    "ko": 1717034430.4120145,
    "pl": 1717034446.3662388,
    "pt-BR": 1717034462.3751192,
    "ru": 1717034478.341597,
    "tr": 1717034494.254577
}