{
    "en-US": 1714962580.196191,
    "ar": 1714962596.5238378,
    "de": 1714962612.2045205,
    "es-ES": 1714962627.9135685,
    "es-MX": 1714962643.4009724,
    "fr": 1714962658.9507916,
    "it": 1714962674.7279634,
    "ja": 1714962693.460239,
    "ko": 1714962711.05977,
    "pl": 1714962726.653562,
    "pt-BR": 1714962742.4421988,
    "ru": 1714962758.294,
    "tr": 1714962774.1883082
}