{
    "en-US": 1720645952.861532,
    "ar": 1720645968.0295284,
    "de": 1720645983.197379,
    "es-ES": 1720645998.370302,
    "es-MX": 1720646013.5538235,
    "fr": 1720646028.720539,
    "it": 1720646043.9004273,
    "ja": 1720646059.0703478,
    "ko": 1720646074.235458,
    "pl": 1720646089.3906791,
    "pt-BR": 1720646104.5883155,
    "ru": 1720646119.761051,
    "tr": 1720646134.9266224
}