{
    "en-US": 1715512272.2981453,
    "ar": 1715512288.3189154,
    "de": 1715512303.8743649,
    "es-ES": 1715512319.4318335,
    "es-MX": 1715512335.043978,
    "fr": 1715512350.6969502,
    "it": 1715512366.2763236,
    "ja": 1715512384.233527,
    "ko": 1715512401.1421852,
    "pl": 1715512416.8007944,
    "pt-BR": 1715512432.512213,
    "ru": 1715512448.4443116,
    "tr": 1715512464.1403272
}