{
    "en-US": 1721270363.9161148,
    "ar": 1721270379.0687807,
    "de": 1721270394.2137432,
    "es-ES": 1721270409.3091528,
    "es-MX": 1721270424.4820056,
    "fr": 1721270439.6061234,
    "it": 1721270454.7163928,
    "ja": 1721270469.8382444,
    "ko": 1721270485.019009,
    "pl": 1721270500.1179357,
    "pt-BR": 1721270515.2423744,
    "ru": 1721270530.3659596,
    "tr": 1721270545.4815269
}