{
    "en-US": 1715786015.184518,
    "ar": 1715786031.4452178,
    "de": 1715786047.382832,
    "es-ES": 1715786063.577851,
    "es-MX": 1715786079.436814,
    "fr": 1715786094.9644804,
    "it": 1715786110.938314,
    "ja": 1715786128.2270381,
    "ko": 1715786144.952834,
    "pl": 1715786160.9291685,
    "pt-BR": 1715786176.7746937,
    "ru": 1715786192.7180471,
    "tr": 1715786208.5833094
}