{
    "en-US": 1716325971.747677,
    "ar": 1716325987.589474,
    "de": 1716326003.305649,
    "es-ES": 1716326018.720749,
    "es-MX": 1716326034.459112,
    "fr": 1716326050.2075343,
    "it": 1716326065.8815818,
    "ja": 1716326084.2288647,
    "ko": 1716326101.3562353,
    "pl": 1716326116.795236,
    "pt-BR": 1716326132.5239155,
    "ru": 1716326148.3676338,
    "tr": 1716326164.2445383
}