{
    "en-US": 1714417853.1401708,
    "ar": 1714417869.479424,
    "de": 1714417885.2020686,
    "es-ES": 1714417900.7105012,
    "es-MX": 1714417916.266239,
    "fr": 1714417931.9898424,
    "it": 1714417947.758196,
    "ja": 1714417966.1812992,
    "ko": 1714417983.959289,
    "pl": 1714417999.8297448,
    "pt-BR": 1714418015.6113122,
    "ru": 1714418031.5191154,
    "tr": 1714418047.5376
}