{
    "en-US": 1719303480.907766,
    "ar": 1719303496.0878913,
    "de": 1719303511.266105,
    "es-ES": 1719303526.4480085,
    "es-MX": 1719303541.6380117,
    "fr": 1719303556.8101995,
    "it": 1719303572.0224233,
    "ja": 1719303587.1840937,
    "ko": 1719303602.355118,
    "pl": 1719303617.5283022,
    "pt-BR": 1719303632.7052338,
    "ru": 1719303647.876786,
    "tr": 1719303663.0680475
}