{
    "en-US": 1714299158.5120063,
    "ar": 1714299174.4435368,
    "de": 1714299190.1227348,
    "es-ES": 1714299205.7424498,
    "es-MX": 1714299221.4321945,
    "fr": 1714299237.329346,
    "it": 1714299252.883185,
    "ja": 1714299269.2360854,
    "ko": 1714299285.4208956,
    "pl": 1714299301.088781,
    "pt-BR": 1714299316.648189,
    "ru": 1714299332.1948903,
    "tr": 1714299347.9186623
}