{
    "en-US": 1720140917.7797275,
    "ar": 1720140932.964265,
    "de": 1720140948.139898,
    "es-ES": 1720140963.3046467,
    "es-MX": 1720140978.4969091,
    "fr": 1720140993.6618066,
    "it": 1720141008.8372662,
    "ja": 1720141024.0051582,
    "ko": 1720141039.1804137,
    "pl": 1720141054.3446796,
    "pt-BR": 1720141069.5401871,
    "ru": 1720141084.7117748,
    "tr": 1720141099.8869364
}