{
    "en-US": 1719724344.4347398,
    "ar": 1719724359.6053069,
    "de": 1719724374.7878785,
    "es-ES": 1719724389.961096,
    "es-MX": 1719724405.145046,
    "fr": 1719724420.3075836,
    "it": 1719724435.4860725,
    "ja": 1719724450.66091,
    "ko": 1719724465.853596,
    "pl": 1719724481.0175521,
    "pt-BR": 1719724496.2095022,
    "ru": 1719724511.387065,
    "tr": 1719724526.5631802
}