{
    "en-US": 1716016389.3411438,
    "ar": 1716016405.1757686,
    "de": 1716016420.7442505,
    "es-ES": 1716016436.3113015,
    "es-MX": 1716016451.7082531,
    "fr": 1716016467.0965853,
    "it": 1716016482.7153263,
    "ja": 1716016500.0329013,
    "ko": 1716016517.32835,
    "pl": 1716016532.7189856,
    "pt-BR": 1716016548.41136,
    "ru": 1716016563.9373138,
    "tr": 1716016579.6726599
}