{
    "en-US": 1717158228.316195,
    "ar": 1717158244.6627464,
    "de": 1717158260.438841,
    "es-ES": 1717158275.9209464,
    "es-MX": 1717158291.4278793,
    "fr": 1717158307.4305782,
    "it": 1717158323.397113,
    "ja": 1717158341.5052428,
    "ko": 1717158359.1427467,
    "pl": 1717158375.0886724,
    "pt-BR": 1717158390.9070408,
    "ru": 1717158406.5823605,
    "tr": 1717158422.5161715
}