{
    "en-US": 1717100145.295432,
    "ar": 1717100161.552406,
    "de": 1717100177.471755,
    "es-ES": 1717100193.2713313,
    "es-MX": 1717100209.1112356,
    "fr": 1717100224.6165538,
    "it": 1717100240.4401681,
    "ja": 1717100257.757683,
    "ko": 1717100274.7836754,
    "pl": 1717100290.7417564,
    "pt-BR": 1717100306.639476,
    "ru": 1717100322.4209585,
    "tr": 1717100338.4905772
}