{
    "en-US": 1720134887.1251166,
    "ar": 1720134902.3176806,
    "de": 1720134917.4923656,
    "es-ES": 1720134932.655253,
    "es-MX": 1720134947.8261983,
    "fr": 1720134962.9911644,
    "it": 1720134978.1809983,
    "ja": 1720134993.3421848,
    "ko": 1720135008.5031488,
    "pl": 1720135023.67735,
    "pt-BR": 1720135038.8549626,
    "ru": 1720135054.0153563,
    "tr": 1720135069.2116294
}