{
    "en-US": 1717564482.2821722,
    "ar": 1717564498.5767806,
    "de": 1717564514.4354823,
    "es-ES": 1717564530.0511365,
    "es-MX": 1717564545.766038,
    "fr": 1717564561.5342236,
    "it": 1717564577.2371078,
    "ja": 1717564596.0395365,
    "ko": 1717564613.2611482,
    "pl": 1717564628.970819,
    "pt-BR": 1717564644.6744676,
    "ru": 1717564660.524196,
    "tr": 1717564676.2971032
}