{
    "en-US": 1717654665.1192453,
    "ar": 1717654681.0100665,
    "de": 1717654697.0330012,
    "es-ES": 1717654712.845309,
    "es-MX": 1717654728.0503235,
    "fr": 1717654743.2354581,
    "it": 1717654758.412854,
    "ja": 1717654773.5904768,
    "ko": 1717654788.7591696,
    "pl": 1717654803.9372125,
    "pt-BR": 1717654819.116408,
    "ru": 1717654834.2825177,
    "tr": 1717654849.4613974
}