{
    "en-US": 1721967420.6574326,
    "ar": 1721967435.8244839,
    "de": 1721967450.997955,
    "es-ES": 1721967466.1642966,
    "es-MX": 1721967481.3544505,
    "fr": 1721967496.5516918,
    "it": 1721967511.7216065,
    "ja": 1721967526.8855977,
    "ko": 1721967542.04713,
    "pl": 1721967557.208946,
    "pt-BR": 1721967572.3862746,
    "ru": 1721967587.5465443,
    "tr": 1721967602.7106004
}