{
    "en-US": 1714669895.142547,
    "ar": 1714669911.2080553,
    "de": 1714669926.96709,
    "es-ES": 1714669942.7755423,
    "es-MX": 1714669958.7573664,
    "fr": 1714669974.470117,
    "it": 1714669990.364871,
    "ja": 1714670007.2537246,
    "ko": 1714670023.6860046,
    "pl": 1714670039.512879,
    "pt-BR": 1714670055.3275552,
    "ru": 1714670070.8896983,
    "tr": 1714670086.740718
}