{
    "en-US": 1716466966.544772,
    "ar": 1716466982.7904828,
    "de": 1716466998.4453132,
    "es-ES": 1716467013.8131218,
    "es-MX": 1716467029.5528986,
    "fr": 1716467044.9753885,
    "it": 1716467060.6530879,
    "ja": 1716467078.4712691,
    "ko": 1716467095.569825,
    "pl": 1716467111.2228382,
    "pt-BR": 1716467126.9762652,
    "ru": 1716467142.9671235,
    "tr": 1716467158.504016
}