{
    "en-US": 1714605210.0424511,
    "ar": 1714605226.084567,
    "de": 1714605241.660207,
    "es-ES": 1714605257.0248,
    "es-MX": 1714605272.410726,
    "fr": 1714605288.0207353,
    "it": 1714605303.6749015,
    "ja": 1714605321.182569,
    "ko": 1714605338.2308471,
    "pl": 1714605353.8524046,
    "pt-BR": 1714605369.4709222,
    "ru": 1714605385.1599956,
    "tr": 1714605401.0216343
}