{
    "en-US": 1716297353.7787638,
    "ar": 1716297369.593123,
    "de": 1716297385.236373,
    "es-ES": 1716297400.900594,
    "es-MX": 1716297416.698175,
    "fr": 1716297432.103484,
    "it": 1716297447.9088552,
    "ja": 1716297466.4840133,
    "ko": 1716297484.633497,
    "pl": 1716297500.0509036,
    "pt-BR": 1716297515.805156,
    "ru": 1716297531.2797081,
    "tr": 1716297547.0807
}