{
    "en-US": 1717122654.0392802,
    "ar": 1717122670.205225,
    "de": 1717122685.8798363,
    "es-ES": 1717122701.2580624,
    "es-MX": 1717122716.784252,
    "fr": 1717122732.5520325,
    "it": 1717122748.3615015,
    "ja": 1717122765.618118,
    "ko": 1717122782.342756,
    "pl": 1717122797.8321297,
    "pt-BR": 1717122813.539527,
    "ru": 1717122829.3728685,
    "tr": 1717122845.4748232
}