{
    "en-US": 1715617042.7510383,
    "ar": 1715617058.9678352,
    "de": 1715617074.7551339,
    "es-ES": 1715617090.2050295,
    "es-MX": 1715617106.0141299,
    "fr": 1715617121.7870235,
    "it": 1715617137.7737558,
    "ja": 1715617157.4431198,
    "ko": 1715617174.4082596,
    "pl": 1715617190.1158798,
    "pt-BR": 1715617205.7780178,
    "ru": 1715617221.3397443,
    "tr": 1715617239.4370358
}