{
    "en-US": 1719263589.6623392,
    "ar": 1719263604.794737,
    "de": 1719263619.9101226,
    "es-ES": 1719263635.0120285,
    "es-MX": 1719263650.1409507,
    "fr": 1719263665.2777479,
    "it": 1719263680.4021926,
    "ja": 1719263695.5184038,
    "ko": 1719263710.6316147,
    "pl": 1719263725.7338045,
    "pt-BR": 1719263740.8773704,
    "ru": 1719263756.0112689,
    "tr": 1719263771.1224055
}