{
    "en-US": 1721322815.29801,
    "ar": 1721322830.464022,
    "de": 1721322845.6391394,
    "es-ES": 1721322860.809793,
    "es-MX": 1721322876.0052142,
    "fr": 1721322891.1569407,
    "it": 1721322906.3464491,
    "ja": 1721322921.553824,
    "ko": 1721322936.7247088,
    "pl": 1721322951.8819432,
    "pt-BR": 1721322967.0735989,
    "ru": 1721322982.231798,
    "tr": 1721322997.3926663
}