{
    "en-US": 1715310845.1695263,
    "ar": 1715310861.0810566,
    "de": 1715310876.7114894,
    "es-ES": 1715310892.0556626,
    "es-MX": 1715310907.9303234,
    "fr": 1715310923.592762,
    "it": 1715310939.2652063,
    "ja": 1715310958.0425353,
    "ko": 1715310975.8818827,
    "pl": 1715310991.5332394,
    "pt-BR": 1715311007.2236016,
    "ru": 1715311022.9356236,
    "tr": 1715311038.606069
}