{
    "en-US": 1714637761.6147454,
    "ar": 1714637777.7201257,
    "de": 1714637793.251259,
    "es-ES": 1714637808.7961469,
    "es-MX": 1714637824.1990836,
    "fr": 1714637839.7586944,
    "it": 1714637855.3248723,
    "ja": 1714637873.7382004,
    "ko": 1714637891.0670526,
    "pl": 1714637906.7896423,
    "pt-BR": 1714637922.3564298,
    "ru": 1714637938.1450982,
    "tr": 1714637953.8222146
}