{
    "en-US": 1721737452.224642,
    "ar": 1721737467.376877,
    "de": 1721737482.556837,
    "es-ES": 1721737497.6933987,
    "es-MX": 1721737512.8421817,
    "fr": 1721737527.9679945,
    "it": 1721737543.1275203,
    "ja": 1721737558.2591288,
    "ko": 1721737573.3911004,
    "pl": 1721737588.529063,
    "pt-BR": 1721737603.669798,
    "ru": 1721737618.7936914,
    "tr": 1721737633.9460523
}