{
    "en-US": 1715317925.1723614,
    "ar": 1715317941.1856887,
    "de": 1715317956.6852667,
    "es-ES": 1715317972.1851628,
    "es-MX": 1715317988.1562493,
    "fr": 1715318003.9907858,
    "it": 1715318019.7466397,
    "ja": 1715318036.3859239,
    "ko": 1715318052.6618724,
    "pl": 1715318068.4251666,
    "pt-BR": 1715318084.1793146,
    "ru": 1715318099.9676323,
    "tr": 1715318115.7534068
}