{
    "en-US": 1717971147.1179383,
    "ar": 1717971163.347723,
    "de": 1717971180.8809795,
    "es-ES": 1717971196.0707915,
    "es-MX": 1717971211.2532248,
    "fr": 1717971226.4169397,
    "it": 1717971241.5988908,
    "ja": 1717971256.759621,
    "ko": 1717971271.9377363,
    "pl": 1717971287.1051385,
    "pt-BR": 1717971302.2800865,
    "ru": 1717971317.438604,
    "tr": 1717971332.6060877
}