{
    "en-US": 1714947190.1914716,
    "ar": 1714947205.387611,
    "de": 1714947220.5657415,
    "es-ES": 1714947235.7078788,
    "es-MX": 1714947250.9053407,
    "fr": 1714947266.0664399,
    "it": 1714947281.2459264,
    "ja": 1714947296.4079545,
    "ko": 1714947311.5716627,
    "pl": 1714947326.733617,
    "pt-BR": 1714947341.9081178,
    "ru": 1714947357.0671048,
    "tr": 1714947372.2564871
}