{
    "en-US": 1713863549.9616954,
    "ar": 1713863566.14575,
    "de": 1713863581.8506002,
    "es-ES": 1713863597.5097384,
    "es-MX": 1713863613.0226223,
    "fr": 1713863628.7000375,
    "it": 1713863644.410038,
    "ja": 1713863660.972234,
    "ko": 1713863677.1464734,
    "pl": 1713863692.8279684,
    "pt-BR": 1713863708.5695145,
    "ru": 1713863724.286048,
    "tr": 1713863740.2734487
}