{
    "en-US": 1717898842.6593304,
    "ar": 1717898858.855855,
    "de": 1717898874.4726589,
    "es-ES": 1717898889.6027503,
    "es-MX": 1717898904.7501636,
    "fr": 1717898919.8591964,
    "it": 1717898935.0189483,
    "ja": 1717898950.1276343,
    "ko": 1717898965.2448416,
    "pl": 1717898980.3473077,
    "pt-BR": 1717898995.4758568,
    "ru": 1717899010.5743017,
    "tr": 1717899025.7187877
}