{
    "en-US": 1715872425.5993838,
    "ar": 1715872441.9652839,
    "de": 1715872457.8282692,
    "es-ES": 1715872473.7343729,
    "es-MX": 1715872489.6487749,
    "fr": 1715872505.589279,
    "it": 1715872521.5123284,
    "ja": 1715872540.0090578,
    "ko": 1715872557.5279212,
    "pl": 1715872573.501057,
    "pt-BR": 1715872589.4058363,
    "ru": 1715872605.4874067,
    "tr": 1715872621.4668145
}