{
    "en-US": 1717712004.898608,
    "ar": 1717712021.0675695,
    "de": 1717712037.0052257,
    "es-ES": 1717712052.9648855,
    "es-MX": 1717712068.125608,
    "fr": 1717712083.2441874,
    "it": 1717712098.3603218,
    "ja": 1717712113.4884138,
    "ko": 1717712128.6001585,
    "pl": 1717712143.750833,
    "pt-BR": 1717712158.8685026,
    "ru": 1717712173.9779177,
    "tr": 1717712189.1547155
}