{
    "en-US": 1715379188.951026,
    "ar": 1715379205.7806952,
    "de": 1715379220.9498456,
    "es-ES": 1715379236.088215,
    "es-MX": 1715379251.262923,
    "fr": 1715379266.4364433,
    "it": 1715379281.5852363,
    "ja": 1715379296.6957998,
    "ko": 1715379315.4461875,
    "pl": 1715379330.6199205,
    "pt-BR": 1715379345.804815,
    "ru": 1715379360.96319,
    "tr": 1715379376.0918036
}