{
    "en-US": 1714284933.6558173,
    "ar": 1714284949.6892638,
    "de": 1714284965.4408417,
    "es-ES": 1714284981.1018744,
    "es-MX": 1714284996.819909,
    "fr": 1714285012.520424,
    "it": 1714285028.2937446,
    "ja": 1714285044.7515647,
    "ko": 1714285060.9719255,
    "pl": 1714285076.6910994,
    "pt-BR": 1714285092.6427317,
    "ru": 1714285108.5925522,
    "tr": 1714285124.5718474
}