{
    "en-US": 1714583504.2159412,
    "ar": 1714583520.1575565,
    "de": 1714583535.7000573,
    "es-ES": 1714583551.4939318,
    "es-MX": 1714583567.5331495,
    "fr": 1714583583.3189647,
    "it": 1714583599.0797212,
    "ja": 1714583615.7434523,
    "ko": 1714583631.8374453,
    "pl": 1714583647.6135085,
    "pt-BR": 1714583663.4324667,
    "ru": 1714583679.2641525,
    "tr": 1714583695.0722666
}