{
    "en-US": 1714648290.8331156,
    "ar": 1714648306.9118629,
    "de": 1714648322.527645,
    "es-ES": 1714648338.0841258,
    "es-MX": 1714648353.748085,
    "fr": 1714648369.1757073,
    "it": 1714648384.8004894,
    "ja": 1714648402.7076619,
    "ko": 1714648419.9789436,
    "pl": 1714648435.6533995,
    "pt-BR": 1714648451.2909272,
    "ru": 1714648467.0185938,
    "tr": 1714648482.788573
}