{
    "en-US": 1721661304.848417,
    "ar": 1721661320.025752,
    "de": 1721661335.1885374,
    "es-ES": 1721661350.348611,
    "es-MX": 1721661365.5423899,
    "fr": 1721661380.703388,
    "it": 1721661395.8773925,
    "ja": 1721661411.0282483,
    "ko": 1721661426.1859403,
    "pl": 1721661441.3414087,
    "pt-BR": 1721661456.5225315,
    "ru": 1721661471.6792827,
    "tr": 1721661486.8422933
}