{
    "en-US": 1718115234.3137019,
    "ar": 1718115250.747165,
    "de": 1718115266.6610513,
    "es-ES": 1718115282.8865664,
    "es-MX": 1718115298.1033778,
    "fr": 1718115313.2673182,
    "it": 1718115328.4491162,
    "ja": 1718115343.6129005,
    "ko": 1718115358.7788982,
    "pl": 1718115373.97018,
    "pt-BR": 1718115389.144637,
    "ru": 1718115404.3136294,
    "tr": 1718115419.4953973
}