{
    "en-US": 1721696244.3013031,
    "ar": 1721696259.474386,
    "de": 1721696274.6442304,
    "es-ES": 1721696289.8103423,
    "es-MX": 1721696305.002658,
    "fr": 1721696320.1694689,
    "it": 1721696335.352856,
    "ja": 1721696350.5149891,
    "ko": 1721696365.6737957,
    "pl": 1721696380.834524,
    "pt-BR": 1721696396.0244682,
    "ru": 1721696411.18592,
    "tr": 1721696426.3426728
}