{
    "en-US": 1714580100.5436475,
    "ar": 1714580116.6370149,
    "de": 1714580132.6301558,
    "es-ES": 1714580148.4399152,
    "es-MX": 1714580164.241234,
    "fr": 1714580180.0325568,
    "it": 1714580195.8557687,
    "ja": 1714580212.5233839,
    "ko": 1714580228.9442537,
    "pl": 1714580244.738372,
    "pt-BR": 1714580260.5793908,
    "ru": 1714580276.44602,
    "tr": 1714580292.4702287
}