{
    "en-US": 1713975354.3401806,
    "ar": 1713975370.4120984,
    "de": 1713975386.138442,
    "es-ES": 1713975401.8960793,
    "es-MX": 1713975417.5941033,
    "fr": 1713975433.369094,
    "it": 1713975449.1174233,
    "ja": 1713975465.6306362,
    "ko": 1713975481.982881,
    "pl": 1713975497.8015542,
    "pt-BR": 1713975513.56394,
    "ru": 1713975529.4031758,
    "tr": 1713975545.2126749
}