{
    "en-US": 1714036347.8286111,
    "ar": 1714036363.7705429,
    "de": 1714036379.3935556,
    "es-ES": 1714036395.0270162,
    "es-MX": 1714036410.749155,
    "fr": 1714036426.4384198,
    "it": 1714036441.995316,
    "ja": 1714036458.3754756,
    "ko": 1714036474.5956664,
    "pl": 1714036490.289066,
    "pt-BR": 1714036506.0672746,
    "ru": 1714036521.7907035,
    "tr": 1714036537.7615676
}