{
    "en-US": 1721387568.5320675,
    "ar": 1721387583.7372012,
    "de": 1721387598.9071238,
    "es-ES": 1721387614.0687985,
    "es-MX": 1721387629.2343621,
    "fr": 1721387644.389851,
    "it": 1721387659.5528448,
    "ja": 1721387674.729066,
    "ko": 1721387689.8903446,
    "pl": 1721387705.045266,
    "pt-BR": 1721387720.2219884,
    "ru": 1721387735.3827512,
    "tr": 1721387750.5432699
}