{
    "en-US": 1718698717.7713459,
    "ar": 1718698732.901686,
    "de": 1718698748.0808213,
    "es-ES": 1718698763.1707861,
    "es-MX": 1718698778.3122423,
    "fr": 1718698793.4112546,
    "it": 1718698808.5583956,
    "ja": 1718698823.6564717,
    "ko": 1718698838.7715049,
    "pl": 1718698853.8772597,
    "pt-BR": 1718698869.004715,
    "ru": 1718698884.1036444,
    "tr": 1718698899.2233088
}