{
    "en-US": 1716394641.8384082,
    "ar": 1716394658.116465,
    "de": 1716394673.9500299,
    "es-ES": 1716394689.8521786,
    "es-MX": 1716394705.641952,
    "fr": 1716394721.5337017,
    "it": 1716394737.4173174,
    "ja": 1716394755.0136771,
    "ko": 1716394772.1242392,
    "pl": 1716394788.010691,
    "pt-BR": 1716394803.9131622,
    "ru": 1716394819.677696,
    "tr": 1716394835.5323172
}