{
    "en-US": 1720883620.91598,
    "ar": 1720883636.0779774,
    "de": 1720883651.2752497,
    "es-ES": 1720883666.4298508,
    "es-MX": 1720883681.5840924,
    "fr": 1720883696.7384226,
    "it": 1720883711.9148345,
    "ja": 1720883727.0617511,
    "ko": 1720883742.2429295,
    "pl": 1720883757.3916762,
    "pt-BR": 1720883772.5510693,
    "ru": 1720883787.7230852,
    "tr": 1720883802.8784013
}