{
    "en-US": 1716563679.7301283,
    "ar": 1716563695.9300108,
    "de": 1716563711.6760623,
    "es-ES": 1716563727.3740406,
    "es-MX": 1716563743.2550545,
    "fr": 1716563758.7634115,
    "it": 1716563774.6184678,
    "ja": 1716563792.0967386,
    "ko": 1716563809.3544817,
    "pl": 1716563824.8582866,
    "pt-BR": 1716563840.8623223,
    "ru": 1716563856.6322675,
    "tr": 1716563872.4549277
}