{
    "en-US": 1716308141.4340131,
    "ar": 1716308157.358304,
    "de": 1716308173.1465042,
    "es-ES": 1716308188.8099825,
    "es-MX": 1716308204.2268984,
    "fr": 1716308219.982538,
    "it": 1716308235.7538025,
    "ja": 1716308253.9148886,
    "ko": 1716308271.122099,
    "pl": 1716308286.8935652,
    "pt-BR": 1716308302.7303677,
    "ru": 1716308318.6314929,
    "tr": 1716308334.475751
}