{
    "en-US": 1720037676.5239716,
    "ar": 1720037691.6403003,
    "de": 1720037706.773303,
    "es-ES": 1720037721.8978083,
    "es-MX": 1720037737.0578096,
    "fr": 1720037752.1797621,
    "it": 1720037767.3066845,
    "ja": 1720037782.4177418,
    "ko": 1720037797.5453446,
    "pl": 1720037812.6531298,
    "pt-BR": 1720037827.8177845,
    "ru": 1720037842.9404063,
    "tr": 1720037858.0573423
}