{
    "en-US": 1714367669.3414323,
    "ar": 1714367685.3878927,
    "de": 1714367700.8950741,
    "es-ES": 1714367716.345945,
    "es-MX": 1714367731.9107149,
    "fr": 1714367747.2921798,
    "it": 1714367762.8824542,
    "ja": 1714367781.1142614,
    "ko": 1714367798.1027327,
    "pl": 1714367813.683167,
    "pt-BR": 1714367829.263175,
    "ru": 1714367844.899415,
    "tr": 1714367860.599551
}