{
    "en-US": 1716012960.8168275,
    "ar": 1716012976.6012404,
    "de": 1716012992.2370949,
    "es-ES": 1716013007.9017937,
    "es-MX": 1716013023.6070266,
    "fr": 1716013039.0389526,
    "it": 1716013054.7414665,
    "ja": 1716013071.8986578,
    "ko": 1716013088.7683027,
    "pl": 1716013104.2385392,
    "pt-BR": 1716013119.962682,
    "ru": 1716013135.4703016,
    "tr": 1716013151.242739
}