{
    "en-US": 1714140685.4211125,
    "ar": 1714140701.618051,
    "de": 1714140717.3776436,
    "es-ES": 1714140733.1074438,
    "es-MX": 1714140748.9213789,
    "fr": 1714140764.7317786,
    "it": 1714140780.4873655,
    "ja": 1714140797.835011,
    "ko": 1714140815.0951967,
    "pl": 1714140830.8856514,
    "pt-BR": 1714140846.7005548,
    "ru": 1714140862.574671,
    "tr": 1714140878.6385984
}