{
    "en-US": 1718937193.8536496,
    "ar": 1718937208.9856205,
    "de": 1718937224.1533551,
    "es-ES": 1718937239.275864,
    "es-MX": 1718937254.4200382,
    "fr": 1718937269.5174115,
    "it": 1718937284.642978,
    "ja": 1718937299.7864559,
    "ko": 1718937314.900698,
    "pl": 1718937329.999237,
    "pt-BR": 1718937345.104296,
    "ru": 1718937360.1995523,
    "tr": 1718937375.3283205
}