{
    "en-US": 1718460769.262354,
    "ar": 1718460785.56343,
    "de": 1718460801.746963,
    "es-ES": 1718460816.9368622,
    "es-MX": 1718460832.1338043,
    "fr": 1718460847.30648,
    "it": 1718460862.4832187,
    "ja": 1718460877.6591346,
    "ko": 1718460892.8429997,
    "pl": 1718460908.012622,
    "pt-BR": 1718460923.1883438,
    "ru": 1718460938.353978,
    "tr": 1718460953.5265958
}