{
    "en-US": 1717409783.8057683,
    "ar": 1717409799.8321939,
    "de": 1717409815.607836,
    "es-ES": 1717409831.3506289,
    "es-MX": 1717409847.482938,
    "fr": 1717409863.3782446,
    "it": 1717409879.6349933,
    "ja": 1717409895.7768242,
    "ko": 1717409912.0024238,
    "pl": 1717409927.849932,
    "pt-BR": 1717409943.715007,
    "ru": 1717409959.604581,
    "tr": 1717409975.4603693
}