{
    "en-US": 1721294074.9988213,
    "ar": 1721294090.1310759,
    "de": 1721294105.2533665,
    "es-ES": 1721294120.3508823,
    "es-MX": 1721294135.473751,
    "fr": 1721294150.5750263,
    "it": 1721294165.7060852,
    "ja": 1721294180.815796,
    "ko": 1721294195.9163437,
    "pl": 1721294211.0123968,
    "pt-BR": 1721294226.132052,
    "ru": 1721294241.2750113,
    "tr": 1721294256.403823
}