{
    "en-US": 1714453913.650128,
    "ar": 1714453929.4616604,
    "de": 1714453945.1277642,
    "es-ES": 1714453960.78287,
    "es-MX": 1714453976.4877098,
    "fr": 1714453992.0139399,
    "it": 1714454007.7119873,
    "ja": 1714454024.0869358,
    "ko": 1714454040.3659613,
    "pl": 1714454056.286056,
    "pt-BR": 1714454072.2495577,
    "ru": 1714454087.9648085,
    "tr": 1714454103.9365013
}