{
    "en-US": 1719324901.4583173,
    "ar": 1719324916.5757594,
    "de": 1719324931.703115,
    "es-ES": 1719324946.8043935,
    "es-MX": 1719324961.9507692,
    "fr": 1719324977.0900826,
    "it": 1719324992.2232463,
    "ja": 1719325007.3405616,
    "ko": 1719325022.4520233,
    "pl": 1719325037.574805,
    "pt-BR": 1719325052.7221775,
    "ru": 1719325067.853447,
    "tr": 1719325082.978804
}