{
    "en-US": 1715836442.3206458,
    "ar": 1715836458.1649346,
    "de": 1715836473.5828927,
    "es-ES": 1715836489.237074,
    "es-MX": 1715836504.4504106,
    "fr": 1715836519.6167753,
    "it": 1715836535.6020546,
    "ja": 1715836553.0761628,
    "ko": 1715836569.964816,
    "pl": 1715836585.3869202,
    "pt-BR": 1715836601.061284,
    "ru": 1715836616.567012,
    "tr": 1715836632.3036873
}