{
    "en-US": 1719169982.9765558,
    "ar": 1719169998.1146948,
    "de": 1719170013.2893796,
    "es-ES": 1719170028.3863568,
    "es-MX": 1719170043.511954,
    "fr": 1719170058.6164467,
    "it": 1719170073.7749338,
    "ja": 1719170088.876376,
    "ko": 1719170103.991204,
    "pl": 1719170119.1186352,
    "pt-BR": 1719170134.2314641,
    "ru": 1719170149.332274,
    "tr": 1719170164.503142
}