{
    "en-US": 1715361047.0436084,
    "ar": 1715361062.8897076,
    "de": 1715361078.6966825,
    "es-ES": 1715361094.2175663,
    "es-MX": 1715361110.0188076,
    "fr": 1715361125.933494,
    "it": 1715361141.789038,
    "ja": 1715361158.2660618,
    "ko": 1715361174.605759,
    "pl": 1715361190.508306,
    "pt-BR": 1715361206.365977,
    "ru": 1715361222.186473,
    "tr": 1715361238.2232602
}