{
    "en-US": 1719937111.4358633,
    "ar": 1719937126.5847561,
    "de": 1719937141.7122552,
    "es-ES": 1719937156.8153293,
    "es-MX": 1719937172.0066764,
    "fr": 1719937187.1430283,
    "it": 1719937202.2765918,
    "ja": 1719937217.397095,
    "ko": 1719937232.519414,
    "pl": 1719937247.628933,
    "pt-BR": 1719937262.7852309,
    "ru": 1719937277.9324079,
    "tr": 1719937293.0576723
}