{
    "en-US": 1715271337.308176,
    "ar": 1715271353.1885989,
    "de": 1715271368.842633,
    "es-ES": 1715271384.679368,
    "es-MX": 1715271400.500666,
    "fr": 1715271416.3710525,
    "it": 1715271432.2939203,
    "ja": 1715271448.5357156,
    "ko": 1715271464.9349604,
    "pl": 1715271481.0241838,
    "pt-BR": 1715271496.5940042,
    "ru": 1715271512.5018504,
    "tr": 1715271528.5580173
}