{
    "en-US": 1721193219.4361212,
    "ar": 1721193234.615938,
    "de": 1721193249.7934852,
    "es-ES": 1721193264.9559402,
    "es-MX": 1721193280.1639588,
    "fr": 1721193295.325598,
    "it": 1721193310.514027,
    "ja": 1721193325.6893277,
    "ko": 1721193340.8534489,
    "pl": 1721193356.0246289,
    "pt-BR": 1721193371.2403378,
    "ru": 1721193386.406195,
    "tr": 1721193401.5729163
}