{
    "en-US": 1716783457.6385746,
    "ar": 1716783473.4074419,
    "de": 1716783489.1162302,
    "es-ES": 1716783504.775548,
    "es-MX": 1716783520.5502298,
    "fr": 1716783536.2496488,
    "it": 1716783552.0014558,
    "ja": 1716783569.4644434,
    "ko": 1716783586.2713914,
    "pl": 1716783601.7525182,
    "pt-BR": 1716783617.5045397,
    "ru": 1716783633.2460768,
    "tr": 1716783649.084613
}