{
    "en-US": 1718036227.3056412,
    "ar": 1718036243.6339345,
    "de": 1718036259.6928735,
    "es-ES": 1718036274.811658,
    "es-MX": 1718036289.9392512,
    "fr": 1718036305.0619113,
    "it": 1718036320.172597,
    "ja": 1718036335.2857034,
    "ko": 1718036350.4318876,
    "pl": 1718036365.5425208,
    "pt-BR": 1718036380.7256465,
    "ru": 1718036395.8340945,
    "tr": 1718036410.9599895
}