{
    "en-US": 1713874929.2524571,
    "ar": 1713874952.6838582,
    "de": 1713874967.957782,
    "es-ES": 1713874983.1691015,
    "es-MX": 1713874998.3849661,
    "fr": 1713875013.5924833,
    "it": 1713875028.84155,
    "ja": 1713875044.0522964,
    "ko": 1713875059.267629,
    "pl": 1713875074.4726837,
    "pt-BR": 1713875089.6853023,
    "ru": 1713875104.8983505,
    "tr": 1713875120.1463182
}