{
    "en-US": 1720099073.848497,
    "ar": 1720099088.96071,
    "de": 1720099104.074495,
    "es-ES": 1720099119.1730845,
    "es-MX": 1720099134.2908506,
    "fr": 1720099149.394557,
    "it": 1720099164.522734,
    "ja": 1720099179.6187055,
    "ko": 1720099194.7178612,
    "pl": 1720099209.8249817,
    "pt-BR": 1720099224.9483464,
    "ru": 1720099240.0514016,
    "tr": 1720099255.2290251
}