{
    "en-US": 1717229744.151562,
    "ar": 1717229759.9192264,
    "de": 1717229775.430122,
    "es-ES": 1717229791.2110069,
    "es-MX": 1717229807.0248587,
    "fr": 1717229822.852111,
    "it": 1717229838.9998922,
    "ja": 1717229855.0985813,
    "ko": 1717229871.3616757,
    "pl": 1717229887.2307367,
    "pt-BR": 1717229903.0828538,
    "ru": 1717229918.9799666,
    "tr": 1717229934.8730211
}