{
    "en-US": 1722140118.2139206,
    "ar": 1722140133.3785045,
    "de": 1722140148.5459247,
    "es-ES": 1722140163.6991925,
    "es-MX": 1722140178.887477,
    "fr": 1722140194.0342112,
    "it": 1722140209.1992297,
    "ja": 1722140224.3533773,
    "ko": 1722140239.5152256,
    "pl": 1722140254.6707506,
    "pt-BR": 1722140269.8480127,
    "ru": 1722140284.9994118,
    "tr": 1722140300.153173
}