{
    "en-US": 1716909209.8615348,
    "ar": 1716909225.908722,
    "de": 1716909241.804464,
    "es-ES": 1716909257.287308,
    "es-MX": 1716909273.330653,
    "fr": 1716909289.2860603,
    "it": 1716909305.5154982,
    "ja": 1716909324.0088108,
    "ko": 1716909341.509406,
    "pl": 1716909357.639896,
    "pt-BR": 1716909373.2609098,
    "ru": 1716909389.3967795,
    "tr": 1716909405.2500708
}