{
    "en-US": 1720012587.1799476,
    "ar": 1720012602.2984362,
    "de": 1720012617.4603586,
    "es-ES": 1720012632.571274,
    "es-MX": 1720012647.7303,
    "fr": 1720012662.842941,
    "it": 1720012677.9752896,
    "ja": 1720012693.0828052,
    "ko": 1720012708.2026706,
    "pl": 1720012723.301857,
    "pt-BR": 1720012738.4592817,
    "ru": 1720012753.6256788,
    "tr": 1720012768.7650898
}