{
    "en-US": 1714428724.4694653,
    "ar": 1714428740.6925147,
    "de": 1714428756.2779272,
    "es-ES": 1714428771.7946396,
    "es-MX": 1714428787.3834763,
    "fr": 1714428802.9386075,
    "it": 1714428818.9603739,
    "ja": 1714428837.0759053,
    "ko": 1714428854.4290154,
    "pl": 1714428870.2302058,
    "pt-BR": 1714428885.8123496,
    "ru": 1714428901.9388642,
    "tr": 1714428918.0672152
}