{
    "en-US": 1718824385.4676764,
    "ar": 1718824400.6074128,
    "de": 1718824415.8073714,
    "es-ES": 1718824430.9069676,
    "es-MX": 1718824446.0588124,
    "fr": 1718824461.1669254,
    "it": 1718824476.2804587,
    "ja": 1718824491.3861277,
    "ko": 1718824506.5369618,
    "pl": 1718824521.643623,
    "pt-BR": 1718824536.8070219,
    "ru": 1718824551.9217982,
    "tr": 1718824567.038635
}