{
    "en-US": 1715202864.790414,
    "ar": 1715202881.3114066,
    "de": 1715202897.0542016,
    "es-ES": 1715202912.818361,
    "es-MX": 1715202928.6501904,
    "fr": 1715202944.2104464,
    "it": 1715202960.080962,
    "ja": 1715202978.6768186,
    "ko": 1715202995.8667932,
    "pl": 1715203011.8603966,
    "pt-BR": 1715203027.6534684,
    "ru": 1715203043.5161057,
    "tr": 1715203059.5214798
}