{
    "en-US": 1716959798.961826,
    "ar": 1716959814.842947,
    "de": 1716959830.4232986,
    "es-ES": 1716959846.059223,
    "es-MX": 1716959861.6593242,
    "fr": 1716959877.116694,
    "it": 1716959892.8255277,
    "ja": 1716959910.6809065,
    "ko": 1716959928.0056176,
    "pl": 1716959943.7051804,
    "pt-BR": 1716959959.4392362,
    "ru": 1716959974.9518325,
    "tr": 1716959990.758135
}