{
    "en-US": 1721841282.8082914,
    "ar": 1721841297.909649,
    "de": 1721841313.0203583,
    "es-ES": 1721841328.1240592,
    "es-MX": 1721841343.2396271,
    "fr": 1721841358.3471706,
    "it": 1721841373.4869194,
    "ja": 1721841388.5801587,
    "ko": 1721841403.7057223,
    "pl": 1721841418.8027585,
    "pt-BR": 1721841433.9172919,
    "ru": 1721841449.011954,
    "tr": 1721841464.1435432
}