{
    "en-US": 1713993224.2145739,
    "ar": 1713993240.516906,
    "de": 1713993256.1641529,
    "es-ES": 1713993271.785686,
    "es-MX": 1713993287.4707253,
    "fr": 1713993303.170987,
    "it": 1713993318.7138414,
    "ja": 1713993338.1065352,
    "ko": 1713993355.5137577,
    "pl": 1713993371.4437697,
    "pt-BR": 1713993387.1385138,
    "ru": 1713993402.9850364,
    "tr": 1713993418.8395355
}