{
    "en-US": 1722107534.8782933,
    "ar": 1722107550.063433,
    "de": 1722107565.274586,
    "es-ES": 1722107580.4613898,
    "es-MX": 1722107595.658909,
    "fr": 1722107610.8438842,
    "it": 1722107626.1008801,
    "ja": 1722107641.3071718,
    "ko": 1722107656.5261083,
    "pl": 1722107671.700852,
    "pt-BR": 1722107686.9180758,
    "ru": 1722107702.0660899,
    "tr": 1722107717.2381139
}