{
    "en-US": 1720995220.5754602,
    "ar": 1720995235.6886714,
    "de": 1720995250.7879958,
    "es-ES": 1720995265.883947,
    "es-MX": 1720995280.9953198,
    "fr": 1720995296.1258929,
    "it": 1720995311.2380438,
    "ja": 1720995326.3273504,
    "ko": 1720995341.4214773,
    "pl": 1720995356.5098252,
    "pt-BR": 1720995371.6262136,
    "ru": 1720995386.7439122,
    "tr": 1720995401.8413808
}