{
    "en-US": 1713949919.3379061,
    "ar": 1713949935.5776796,
    "de": 1713949951.2522724,
    "es-ES": 1713949966.9112332,
    "es-MX": 1713949982.6237686,
    "fr": 1713949998.292803,
    "it": 1713950013.9884264,
    "ja": 1713950030.3484793,
    "ko": 1713950046.5069222,
    "pl": 1713950062.191381,
    "pt-BR": 1713950077.9060357,
    "ru": 1713950093.6443162,
    "tr": 1713950109.3495991
}