{
    "en-US": 1717658078.138399,
    "ar": 1717658094.3712642,
    "de": 1717658110.179366,
    "es-ES": 1717658125.3741217,
    "es-MX": 1717658140.585024,
    "fr": 1717658155.7639673,
    "it": 1717658170.9493532,
    "ja": 1717658186.149504,
    "ko": 1717658201.3391027,
    "pl": 1717658216.526336,
    "pt-BR": 1717658231.7137425,
    "ru": 1717658246.881791,
    "tr": 1717658262.0613363
}