{
    "en-US": 1719735324.7477472,
    "ar": 1719735339.9304385,
    "de": 1719735355.1218872,
    "es-ES": 1719735370.2881417,
    "es-MX": 1719735385.456225,
    "fr": 1719735400.61859,
    "it": 1719735415.822136,
    "ja": 1719735430.988774,
    "ko": 1719735446.1640005,
    "pl": 1719735461.3312988,
    "pt-BR": 1719735476.5197577,
    "ru": 1719735491.6978786,
    "tr": 1719735506.8839104
}