{
    "en-US": 1720361494.3138504,
    "ar": 1720361509.49414,
    "de": 1720361524.6718557,
    "es-ES": 1720361539.8418863,
    "es-MX": 1720361555.0334988,
    "fr": 1720361570.1991835,
    "it": 1720361585.4020638,
    "ja": 1720361600.571669,
    "ko": 1720361615.7494454,
    "pl": 1720361630.9207158,
    "pt-BR": 1720361646.0988452,
    "ru": 1720361661.27002,
    "tr": 1720361676.4646626
}