{
    "en-US": 1714096211.8996117,
    "ar": 1714096227.8839066,
    "de": 1714096243.3681612,
    "es-ES": 1714096259.081003,
    "es-MX": 1714096274.609792,
    "fr": 1714096290.2790625,
    "it": 1714096305.9847538,
    "ja": 1714096322.6103024,
    "ko": 1714096338.834876,
    "pl": 1714096354.5986269,
    "pt-BR": 1714096370.300231,
    "ru": 1714096386.2842467,
    "tr": 1714096402.2504938
}