{
    "en-US": 1717466337.8849893,
    "ar": 1717466354.0699553,
    "de": 1717466369.8953588,
    "es-ES": 1717466385.6772714,
    "es-MX": 1717466401.6819067,
    "fr": 1717466417.5409076,
    "it": 1717466433.5059884,
    "ja": 1717466450.6144164,
    "ko": 1717466467.6193461,
    "pl": 1717466483.3479078,
    "pt-BR": 1717466499.3053455,
    "ru": 1717466515.3613062,
    "tr": 1717466531.3880482
}