{
    "en-US": 1718975789.0477378,
    "ar": 1718975804.2498012,
    "de": 1718975819.464183,
    "es-ES": 1718975834.632433,
    "es-MX": 1718975849.819725,
    "fr": 1718975864.994085,
    "it": 1718975880.1979601,
    "ja": 1718975895.3626099,
    "ko": 1718975910.543818,
    "pl": 1718975925.717813,
    "pt-BR": 1718975940.8982375,
    "ru": 1718975956.0701127,
    "tr": 1718975971.292977
}