{
    "en-US": 1721091468.2642817,
    "ar": 1721091483.3604612,
    "de": 1721091498.4605086,
    "es-ES": 1721091513.5638654,
    "es-MX": 1721091528.7844794,
    "fr": 1721091543.9670594,
    "it": 1721091559.0914574,
    "ja": 1721091574.174899,
    "ko": 1721091589.2806172,
    "pl": 1721091604.3734343,
    "pt-BR": 1721091619.4882112,
    "ru": 1721091634.5740852,
    "tr": 1721091649.6969583
}