{
    "en-US": 1714306891.410318,
    "ar": 1714306907.434149,
    "de": 1714306922.9454963,
    "es-ES": 1714306938.4510996,
    "es-MX": 1714306954.1153479,
    "fr": 1714306969.6748264,
    "it": 1714306985.083206,
    "ja": 1714307002.7790818,
    "ko": 1714307020.0503027,
    "pl": 1714307035.6100588,
    "pt-BR": 1714307051.0232973,
    "ru": 1714307066.702531,
    "tr": 1714307082.363357
}