{
    "en-US": 1718017967.302259,
    "ar": 1718017983.4171205,
    "de": 1718017999.1902618,
    "es-ES": 1718018014.3839965,
    "es-MX": 1718018029.567022,
    "fr": 1718018044.7304509,
    "it": 1718018059.901095,
    "ja": 1718018075.0716345,
    "ko": 1718018090.251879,
    "pl": 1718018105.414581,
    "pt-BR": 1718018120.5859077,
    "ru": 1718018135.76068,
    "tr": 1718018150.9312634
}