{
    "en-US": 1715430022.0119205,
    "ar": 1715430038.0733416,
    "de": 1715430053.6065063,
    "es-ES": 1715430069.2818155,
    "es-MX": 1715430084.9228919,
    "fr": 1715430100.5837727,
    "it": 1715430116.2719386,
    "ja": 1715430134.391857,
    "ko": 1715430151.3569913,
    "pl": 1715430166.9902725,
    "pt-BR": 1715430182.645202,
    "ru": 1715430198.3679588,
    "tr": 1715430214.0173993
}