{
    "en-US": 1714907468.6375635,
    "ar": 1714907484.8369343,
    "de": 1714907500.528228,
    "es-ES": 1714907516.1649384,
    "es-MX": 1714907531.8770797,
    "fr": 1714907547.6019406,
    "it": 1714907563.3161738,
    "ja": 1714907580.67937,
    "ko": 1714907597.843443,
    "pl": 1714907613.6071627,
    "pt-BR": 1714907629.3514998,
    "ru": 1714907645.340675,
    "tr": 1714907661.3218665
}