{
    "en-US": 1713813100.574347,
    "ar": 1713813117.0450916,
    "de": 1713813132.7866209,
    "es-ES": 1713813148.4287922,
    "es-MX": 1713813164.2582147,
    "fr": 1713813180.0489383,
    "it": 1713813195.8467414,
    "ja": 1713813214.249303,
    "ko": 1713813231.527617,
    "pl": 1713813247.2934613,
    "pt-BR": 1713813263.0574093,
    "ru": 1713813279.0514169,
    "tr": 1713813295.2329564
}