{
    "en-US": 1720890679.5817244,
    "ar": 1720890694.7495177,
    "de": 1720890709.9419477,
    "es-ES": 1720890725.103328,
    "es-MX": 1720890740.3002841,
    "fr": 1720890755.4592917,
    "it": 1720890770.636761,
    "ja": 1720890785.8027537,
    "ko": 1720890800.9661021,
    "pl": 1720890816.1262772,
    "pt-BR": 1720890831.3238823,
    "ru": 1720890846.4851973,
    "tr": 1720890861.6616197
}