{
    "en-US": 1719968149.2263641,
    "ar": 1719968164.4126453,
    "de": 1719968179.5976696,
    "es-ES": 1719968194.771427,
    "es-MX": 1719968209.9814987,
    "fr": 1719968225.1565795,
    "it": 1719968240.3720646,
    "ja": 1719968255.5604548,
    "ko": 1719968270.736654,
    "pl": 1719968285.9104972,
    "pt-BR": 1719968301.0975754,
    "ru": 1719968316.2799072,
    "tr": 1719968331.4872518
}