{
    "en-US": 1714241679.2846093,
    "ar": 1714241695.3876681,
    "de": 1714241710.937668,
    "es-ES": 1714241726.4846127,
    "es-MX": 1714241741.9973013,
    "fr": 1714241757.5897677,
    "it": 1714241773.1750565,
    "ja": 1714241790.7375133,
    "ko": 1714241807.6227503,
    "pl": 1714241823.6533628,
    "pt-BR": 1714241839.2575624,
    "ru": 1714241855.0929756,
    "tr": 1714241870.822944
}