{
    "en-US": 1714511595.8067787,
    "ar": 1714511612.0892377,
    "de": 1714511627.849234,
    "es-ES": 1714511643.5499048,
    "es-MX": 1714511659.3766844,
    "fr": 1714511674.8748322,
    "it": 1714511690.6693122,
    "ja": 1714511708.770278,
    "ko": 1714511725.902353,
    "pl": 1714511741.8643217,
    "pt-BR": 1714511757.6720521,
    "ru": 1714511773.5945926,
    "tr": 1714511789.5837102
}