{
    "en-US": 1720350759.0320282,
    "ar": 1720350774.2151797,
    "de": 1720350789.401678,
    "es-ES": 1720350804.568575,
    "es-MX": 1720350819.7736714,
    "fr": 1720350834.9416487,
    "it": 1720350850.118916,
    "ja": 1720350865.291227,
    "ko": 1720350880.4641361,
    "pl": 1720350895.6374087,
    "pt-BR": 1720350910.8395383,
    "ru": 1720350926.0074537,
    "tr": 1720350941.183529
}