{
    "en-US": 1718979184.3946483,
    "ar": 1718979199.631355,
    "de": 1718979214.8426404,
    "es-ES": 1718979230.0042028,
    "es-MX": 1718979245.181422,
    "fr": 1718979260.341666,
    "it": 1718979275.5288165,
    "ja": 1718979290.695902,
    "ko": 1718979306.08402,
    "pl": 1718979321.2669253,
    "pt-BR": 1718979336.469529,
    "ru": 1718979351.6537595,
    "tr": 1718979366.8607726
}