{
    "en-US": 1714524897.8468263,
    "ar": 1714524914.1512098,
    "de": 1714524929.891574,
    "es-ES": 1714524945.6000202,
    "es-MX": 1714524961.6177084,
    "fr": 1714524977.4112356,
    "it": 1714524993.1188407,
    "ja": 1714525011.541866,
    "ko": 1714525028.7889729,
    "pl": 1714525044.5772445,
    "pt-BR": 1714525060.3985252,
    "ru": 1714525076.273134,
    "tr": 1714525092.1595807
}