{
    "en-US": 1715728372.6876483,
    "ar": 1715728388.9243689,
    "de": 1715728404.5756311,
    "es-ES": 1715728420.191561,
    "es-MX": 1715728435.8007004,
    "fr": 1715728451.192091,
    "it": 1715728466.815247,
    "ja": 1715728485.3726707,
    "ko": 1715728502.82203,
    "pl": 1715728517.9728177,
    "pt-BR": 1715728533.0864594,
    "ru": 1715728548.195934,
    "tr": 1715728563.3106008
}