{
    "en-US": 1721200477.0684118,
    "ar": 1721200492.1703544,
    "de": 1721200507.2897375,
    "es-ES": 1721200522.3814418,
    "es-MX": 1721200537.4956026,
    "fr": 1721200552.6010785,
    "it": 1721200567.696963,
    "ja": 1721200582.7947533,
    "ko": 1721200597.8852577,
    "pl": 1721200612.9866982,
    "pt-BR": 1721200628.0831847,
    "ru": 1721200643.2349908,
    "tr": 1721200658.3164163
}