{
    "en-US": 1716934354.8280528,
    "ar": 1716934370.7899966,
    "de": 1716934386.752958,
    "es-ES": 1716934402.5246139,
    "es-MX": 1716934418.3854344,
    "fr": 1716934434.1980174,
    "it": 1716934450.1765792,
    "ja": 1716934468.2243748,
    "ko": 1716934485.2943797,
    "pl": 1716934501.1751685,
    "pt-BR": 1716934516.943526,
    "ru": 1716934532.6117785,
    "tr": 1716934548.5396674
}