{
    "en-US": 1717013668.9445498,
    "ar": 1717013684.8099587,
    "de": 1717013700.461678,
    "es-ES": 1717013716.2435067,
    "es-MX": 1717013731.7415254,
    "fr": 1717013747.2539294,
    "it": 1717013763.092868,
    "ja": 1717013780.2815661,
    "ko": 1717013797.097845,
    "pl": 1717013813.0191429,
    "pt-BR": 1717013828.8857355,
    "ru": 1717013844.8287287,
    "tr": 1717013860.893484
}