{
    "en-US": 1716804844.9190848,
    "ar": 1716804860.8880816,
    "de": 1716804876.6283045,
    "es-ES": 1716804892.3962827,
    "es-MX": 1716804908.280078,
    "fr": 1716804923.8992703,
    "it": 1716804939.9947605,
    "ja": 1716804957.51257,
    "ko": 1716804974.8249567,
    "pl": 1716804990.4532182,
    "pt-BR": 1716805006.3984385,
    "ru": 1716805022.3173175,
    "tr": 1716805038.4600658
}