{
    "en-US": 1720991552.6037621,
    "ar": 1720991567.7043076,
    "de": 1720991582.8339746,
    "es-ES": 1720991597.931838,
    "es-MX": 1720991613.1810915,
    "fr": 1720991628.2819495,
    "it": 1720991643.4155903,
    "ja": 1720991658.5076854,
    "ko": 1720991673.6071777,
    "pl": 1720991688.7042024,
    "pt-BR": 1720991703.8273284,
    "ru": 1720991718.9262154,
    "tr": 1720991734.0494576
}