{
    "en-US": 1719141049.248811,
    "ar": 1719141065.662278,
    "de": 1719141081.5106208,
    "es-ES": 1719141096.703834,
    "es-MX": 1719141111.9415214,
    "fr": 1719141127.1209874,
    "it": 1719141142.2965574,
    "ja": 1719141157.4660742,
    "ko": 1719141172.6673758,
    "pl": 1719141187.8278706,
    "pt-BR": 1719141203.000452,
    "ru": 1719141218.1717813,
    "tr": 1719141233.3499706
}