{
    "en-US": 1721074488.2649066,
    "ar": 1721074503.4468107,
    "de": 1721074518.6190085,
    "es-ES": 1721074533.787739,
    "es-MX": 1721074548.9813151,
    "fr": 1721074564.170014,
    "it": 1721074579.3482533,
    "ja": 1721074594.529332,
    "ko": 1721074609.7037463,
    "pl": 1721074624.8698716,
    "pt-BR": 1721074640.0446951,
    "ru": 1721074655.2389967,
    "tr": 1721074670.4106877
}