{
    "en-US": 1720930654.7521613,
    "ar": 1720930669.937608,
    "de": 1720930685.1366253,
    "es-ES": 1720930700.3197463,
    "es-MX": 1720930715.5019512,
    "fr": 1720930730.6720243,
    "it": 1720930745.8551662,
    "ja": 1720930761.0285006,
    "ko": 1720930776.2085977,
    "pl": 1720930791.4091606,
    "pt-BR": 1720930806.59479,
    "ru": 1720930821.7715073,
    "tr": 1720930836.937237
}