{
    "en-US": 1721222254.227913,
    "ar": 1721222269.336624,
    "de": 1721222284.4673395,
    "es-ES": 1721222299.5750933,
    "es-MX": 1721222314.697711,
    "fr": 1721222329.8022137,
    "it": 1721222344.9396436,
    "ja": 1721222360.05047,
    "ko": 1721222375.1598496,
    "pl": 1721222390.2524383,
    "pt-BR": 1721222405.3593287,
    "ru": 1721222420.4561713,
    "tr": 1721222435.6064596
}