{
    "en-US": 1720242814.1684325,
    "ar": 1720242829.2793882,
    "de": 1720242844.3941996,
    "es-ES": 1720242859.5003736,
    "es-MX": 1720242874.6167052,
    "fr": 1720242889.7305746,
    "it": 1720242904.84172,
    "ja": 1720242919.9393218,
    "ko": 1720242935.0485241,
    "pl": 1720242950.161195,
    "pt-BR": 1720242965.2882614,
    "ru": 1720242980.4081538,
    "tr": 1720242995.5188286
}