{
    "en-US": 1717811845.189037,
    "ar": 1717811861.3532856,
    "de": 1717811877.0969028,
    "es-ES": 1717811892.287152,
    "es-MX": 1717811907.4659503,
    "fr": 1717811922.6289468,
    "it": 1717811937.8127017,
    "ja": 1717811952.985233,
    "ko": 1717811968.166357,
    "pl": 1717811983.324873,
    "pt-BR": 1717811998.5055795,
    "ru": 1717812013.6758955,
    "tr": 1717812028.8509922
}