{
    "en-US": 1715789809.547885,
    "ar": 1715789825.8366332,
    "de": 1715789841.7009447,
    "es-ES": 1715789857.3687994,
    "es-MX": 1715789872.8623736,
    "fr": 1715789888.6196327,
    "it": 1715789904.3860495,
    "ja": 1715789921.8577802,
    "ko": 1715789938.8369741,
    "pl": 1715789954.5823193,
    "pt-BR": 1715789970.5087464,
    "ru": 1715789985.949156,
    "tr": 1715790001.962237
}