{
    "en-US": 1721758803.5331826,
    "ar": 1721758821.352855,
    "de": 1721758836.4821193,
    "es-ES": 1721758851.582159,
    "es-MX": 1721758866.7059612,
    "fr": 1721758881.812272,
    "it": 1721758896.930463,
    "ja": 1721758912.0340207,
    "ko": 1721758927.1632013,
    "pl": 1721758942.2631407,
    "pt-BR": 1721758957.3907537,
    "ru": 1721758972.4880216,
    "tr": 1721758987.6330106
}