{
    "en-US": 1714255906.1052346,
    "ar": 1714255922.3429415,
    "de": 1714255938.0595915,
    "es-ES": 1714255953.7894044,
    "es-MX": 1714255969.7519214,
    "fr": 1714255985.4877453,
    "it": 1714256001.2407236,
    "ja": 1714256018.9237893,
    "ko": 1714256035.778445,
    "pl": 1714256051.5570064,
    "pt-BR": 1714256067.2875018,
    "ru": 1714256083.143062,
    "tr": 1714256098.955615
}