{
    "en-US": 1715228228.60105,
    "ar": 1715228244.6117713,
    "de": 1715228260.3422177,
    "es-ES": 1715228276.0366693,
    "es-MX": 1715228291.811657,
    "fr": 1715228307.5247157,
    "it": 1715228323.371011,
    "ja": 1715228339.6591263,
    "ko": 1715228355.8589377,
    "pl": 1715228371.6256616,
    "pt-BR": 1715228387.446213,
    "ru": 1715228403.283457,
    "tr": 1715228419.0922408
}