{
    "en-US": 1720318180.964931,
    "ar": 1720318196.1384346,
    "de": 1720318211.3194404,
    "es-ES": 1720318226.4924104,
    "es-MX": 1720318241.6865127,
    "fr": 1720318256.8538177,
    "it": 1720318272.0329368,
    "ja": 1720318287.2073426,
    "ko": 1720318302.3872995,
    "pl": 1720318317.5590153,
    "pt-BR": 1720318332.7622108,
    "ru": 1720318347.9447963,
    "tr": 1720318363.120593
}