{
    "en-US": 1715302321.2631738,
    "ar": 1715302337.5694897,
    "de": 1715302353.3154266,
    "es-ES": 1715302369.006296,
    "es-MX": 1715302384.8526394,
    "fr": 1715302400.8684099,
    "it": 1715302416.4563146,
    "ja": 1715302434.4738305,
    "ko": 1715302451.5428946,
    "pl": 1715302467.3550034,
    "pt-BR": 1715302483.137899,
    "ru": 1715302499.0403562,
    "tr": 1715302514.8871405
}