{
    "en-US": 1719645279.5029106,
    "ar": 1719645294.617786,
    "de": 1719645309.731462,
    "es-ES": 1719645324.844943,
    "es-MX": 1719645339.9604313,
    "fr": 1719645355.0622184,
    "it": 1719645370.192266,
    "ja": 1719645385.2880857,
    "ko": 1719645400.3966458,
    "pl": 1719645415.4991395,
    "pt-BR": 1719645430.6103458,
    "ru": 1719645445.7778397,
    "tr": 1719645460.9050503
}