{
    "en-US": 1719583949.0192358,
    "ar": 1719583964.1927216,
    "de": 1719583979.368714,
    "es-ES": 1719583994.5449526,
    "es-MX": 1719584009.7293842,
    "fr": 1719584024.896258,
    "it": 1719584040.0732243,
    "ja": 1719584055.236082,
    "ko": 1719584070.4098144,
    "pl": 1719584085.572921,
    "pt-BR": 1719584100.779904,
    "ru": 1719584115.9519782,
    "tr": 1719584131.1248066
}