{
    "en-US": 1718468253.1038373,
    "ar": 1718468269.4269986,
    "de": 1718468285.5566595,
    "es-ES": 1718468300.8055964,
    "es-MX": 1718468316.0449722,
    "fr": 1718468331.27552,
    "it": 1718468346.5456347,
    "ja": 1718468361.7713392,
    "ko": 1718468377.0125003,
    "pl": 1718468392.226727,
    "pt-BR": 1718468407.4530807,
    "ru": 1718468422.6724775,
    "tr": 1718468437.9070332
}