{
    "en-US": 1716048917.7381573,
    "ar": 1716048933.8112464,
    "de": 1716048949.4190686,
    "es-ES": 1716048965.1691973,
    "es-MX": 1716048980.7627676,
    "fr": 1716048996.488809,
    "it": 1716049012.1883037,
    "ja": 1716049029.4131668,
    "ko": 1716049046.4151404,
    "pl": 1716049061.8244135,
    "pt-BR": 1716049077.5066283,
    "ru": 1716049093.3356142,
    "tr": 1716049109.0596092
}