{
    "en-US": 1717503797.934471,
    "ar": 1717503814.0111606,
    "de": 1717503829.6961238,
    "es-ES": 1717503845.2808883,
    "es-MX": 1717503860.911033,
    "fr": 1717503876.692945,
    "it": 1717503892.6430347,
    "ja": 1717503909.9618967,
    "ko": 1717503926.6774049,
    "pl": 1717503942.1752384,
    "pt-BR": 1717503958.1241052,
    "ru": 1717503973.8745673,
    "tr": 1717503989.7239532
}