{
    "en-US": 1716891258.529234,
    "ar": 1716891274.6159909,
    "de": 1716891290.2614603,
    "es-ES": 1716891307.8758175,
    "es-MX": 1716891323.8124332,
    "fr": 1716891339.5458384,
    "it": 1716891355.273777,
    "ja": 1716891373.429295,
    "ko": 1716891390.4124217,
    "pl": 1716891405.9304707,
    "pt-BR": 1716891421.7661152,
    "ru": 1716891437.3024516,
    "tr": 1716891453.1004183
}