{
    "en-US": 1714950725.0506973,
    "ar": 1714950740.90842,
    "de": 1714950756.4834943,
    "es-ES": 1714950772.036444,
    "es-MX": 1714950787.7085416,
    "fr": 1714950803.3120794,
    "it": 1714950818.994765,
    "ja": 1714950837.2591343,
    "ko": 1714950854.2420747,
    "pl": 1714950869.869517,
    "pt-BR": 1714950885.728451,
    "ru": 1714950901.2410865,
    "tr": 1714950916.9215884
}