{
    "en-US": 1718360061.3379328,
    "ar": 1718360077.4580648,
    "de": 1718360093.3689926,
    "es-ES": 1718360108.4905038,
    "es-MX": 1718360123.6214468,
    "fr": 1718360138.7363582,
    "it": 1718360153.84234,
    "ja": 1718360168.9476604,
    "ko": 1718360184.0642931,
    "pl": 1718360199.156498,
    "pt-BR": 1718360214.283461,
    "ru": 1718360229.378523,
    "tr": 1718360244.504211
}