{
    "en-US": 1716311546.2939234,
    "ar": 1716311562.1427345,
    "de": 1716311577.990394,
    "es-ES": 1716311593.7850943,
    "es-MX": 1716311609.7494426,
    "fr": 1716311625.353919,
    "it": 1716311641.2613072,
    "ja": 1716311657.7934592,
    "ko": 1716311674.1255293,
    "pl": 1716311689.6702175,
    "pt-BR": 1716311705.4974575,
    "ru": 1716311721.3508337,
    "tr": 1716311737.192084
}