{
    "en-US": 1717276384.9745786,
    "ar": 1717276400.923045,
    "de": 1717276416.7288508,
    "es-ES": 1717276432.5556738,
    "es-MX": 1717276448.182421,
    "fr": 1717276464.089642,
    "it": 1717276479.9942276,
    "ja": 1717276497.3365276,
    "ko": 1717276514.2199714,
    "pl": 1717276530.213808,
    "pt-BR": 1717276545.8536713,
    "ru": 1717276561.5849273,
    "tr": 1717276577.5944822
}