{
    "en-US": 1716559976.2641902,
    "ar": 1716559992.5156531,
    "de": 1716560008.4322586,
    "es-ES": 1716560024.2759101,
    "es-MX": 1716560040.4765522,
    "fr": 1716560056.0867872,
    "it": 1716560072.0947578,
    "ja": 1716560090.5125823,
    "ko": 1716560108.0236094,
    "pl": 1716560123.663362,
    "pt-BR": 1716560139.6647735,
    "ru": 1716560155.9783542,
    "tr": 1716560172.049314
}