{
    "en-US": 1722158067.9803824,
    "ar": 1722158083.0886319,
    "de": 1722158098.1844263,
    "es-ES": 1722158113.2793608,
    "es-MX": 1722158128.3861253,
    "fr": 1722158143.4754229,
    "it": 1722158158.598801,
    "ja": 1722158173.688909,
    "ko": 1722158188.7896574,
    "pl": 1722158203.8785596,
    "pt-BR": 1722158218.9761062,
    "ru": 1722158234.0649493,
    "tr": 1722158249.179434
}