{
    "en-US": 1715567342.051574,
    "ar": 1715567358.2064962,
    "de": 1715567373.8007035,
    "es-ES": 1715567389.361593,
    "es-MX": 1715567404.9966805,
    "fr": 1715567420.6808054,
    "it": 1715567436.2919004,
    "ja": 1715567453.9969823,
    "ko": 1715567470.960209,
    "pl": 1715567486.581845,
    "pt-BR": 1715567502.2625086,
    "ru": 1715567518.0992343,
    "tr": 1715567534.1036422
}