{
    "en-US": 1717132551.4358172,
    "ar": 1717132567.431296,
    "de": 1717132583.161994,
    "es-ES": 1717132598.94288,
    "es-MX": 1717132614.8255267,
    "fr": 1717132630.459098,
    "it": 1717132646.3334398,
    "ja": 1717132664.2306519,
    "ko": 1717132681.5895255,
    "pl": 1717132697.740355,
    "pt-BR": 1717132713.6506724,
    "ru": 1717132729.8148518,
    "tr": 1717132745.9712543
}