{
    "en-US": 1721733238.7297368,
    "ar": 1721733253.8329625,
    "de": 1721733268.9415228,
    "es-ES": 1721733284.0347,
    "es-MX": 1721733299.144055,
    "fr": 1721733314.2418473,
    "it": 1721733329.3677554,
    "ja": 1721733344.4711783,
    "ko": 1721733359.5655422,
    "pl": 1721733374.6510632,
    "pt-BR": 1721733389.759702,
    "ru": 1721733404.8481717,
    "tr": 1721733419.975556
}