{
    "en-US": 1716916330.0899546,
    "ar": 1716916346.4219542,
    "de": 1716916362.258855,
    "es-ES": 1716916378.146162,
    "es-MX": 1716916394.163306,
    "fr": 1716916409.9560988,
    "it": 1716916426.02741,
    "ja": 1716916444.221555,
    "ko": 1716916461.3749752,
    "pl": 1716916477.3503973,
    "pt-BR": 1716916493.3358438,
    "ru": 1716916509.003705,
    "tr": 1716916525.3146327
}