{
    "en-US": 1717431423.218539,
    "ar": 1717431439.5255854,
    "de": 1717431455.3988533,
    "es-ES": 1717431471.023736,
    "es-MX": 1717431487.0145135,
    "fr": 1717431503.198955,
    "it": 1717431519.211079,
    "ja": 1717431536.60625,
    "ko": 1717431554.6060615,
    "pl": 1717431570.852593,
    "pt-BR": 1717431586.8986027,
    "ru": 1717431603.0970948,
    "tr": 1717431619.1324563
}