{
    "en-US": 1718226822.600658,
    "ar": 1718226838.7301755,
    "de": 1718226854.2499495,
    "es-ES": 1718226869.435256,
    "es-MX": 1718226884.6234388,
    "fr": 1718226899.783799,
    "it": 1718226914.9702506,
    "ja": 1718226930.1305704,
    "ko": 1718226945.3271043,
    "pl": 1718226960.4907181,
    "pt-BR": 1718226975.6639674,
    "ru": 1718226990.830592,
    "tr": 1718227006.000469
}