{
    "en-US": 1715840073.7620044,
    "ar": 1715840089.7917666,
    "de": 1715840105.3242598,
    "es-ES": 1715840121.0786257,
    "es-MX": 1715840136.885328,
    "fr": 1715840152.6427019,
    "it": 1715840168.446795,
    "ja": 1715840184.7796183,
    "ko": 1715840201.0065286,
    "pl": 1715840216.766446,
    "pt-BR": 1715840232.5631163,
    "ru": 1715840248.3483102,
    "tr": 1715840264.1540484
}