{
    "en-US": 1713733881.4838502,
    "ar": 1713733897.7991407,
    "de": 1713733913.472192,
    "es-ES": 1713733929.121405,
    "es-MX": 1713733944.8624954,
    "fr": 1713733960.5560262,
    "it": 1713733976.384733,
    "ja": 1713733993.6034784,
    "ko": 1713734010.4162288,
    "pl": 1713734026.3241973,
    "pt-BR": 1713734042.0665987,
    "ru": 1713734057.883445,
    "tr": 1713734073.6505718
}