{
    "en-US": 1714489879.4097064,
    "ar": 1714489895.6541066,
    "de": 1714489911.3110294,
    "es-ES": 1714489926.9933705,
    "es-MX": 1714489942.6020262,
    "fr": 1714489958.0264547,
    "it": 1714489973.644884,
    "ja": 1714489992.4028242,
    "ko": 1714490009.9865818,
    "pl": 1714490025.6119127,
    "pt-BR": 1714490041.2220342,
    "ru": 1714490056.9565406,
    "tr": 1714490072.7374196
}