{
    "en-US": 1719396864.0479565,
    "ar": 1719396879.2216535,
    "de": 1719396894.3974736,
    "es-ES": 1719396909.5737557,
    "es-MX": 1719396924.74805,
    "fr": 1719396939.912346,
    "it": 1719396955.1048553,
    "ja": 1719396970.2774742,
    "ko": 1719396985.4440105,
    "pl": 1719397000.6053054,
    "pt-BR": 1719397015.7936807,
    "ru": 1719397030.9916391,
    "tr": 1719397046.1757092
}