{
    "en-US": 1715199154.7830646,
    "ar": 1715199171.0339084,
    "de": 1715199186.5804718,
    "es-ES": 1715199202.3004334,
    "es-MX": 1715199218.1459794,
    "fr": 1715199233.9644115,
    "it": 1715199250.0854976,
    "ja": 1715199266.7400382,
    "ko": 1715199283.0573294,
    "pl": 1715199298.9060245,
    "pt-BR": 1715199314.704982,
    "ru": 1715199330.6470675,
    "tr": 1715199346.6760309
}