{
    "en-US": 1718788699.3166275,
    "ar": 1718788715.520872,
    "de": 1718788730.716725,
    "es-ES": 1718788745.8669224,
    "es-MX": 1718788761.020875,
    "fr": 1718788776.1766198,
    "it": 1718788791.3459332,
    "ja": 1718788806.5169892,
    "ko": 1718788821.676484,
    "pl": 1718788836.8230717,
    "pt-BR": 1718788851.9859653,
    "ru": 1718788867.1401827,
    "tr": 1718788882.2930224
}