{
    "en-US": 1715602990.133059,
    "ar": 1715603006.4913142,
    "de": 1715603022.2454884,
    "es-ES": 1715603037.636719,
    "es-MX": 1715603053.4831748,
    "fr": 1715603069.2995176,
    "it": 1715603085.1408944,
    "ja": 1715603104.150855,
    "ko": 1715603121.896106,
    "pl": 1715603137.7454953,
    "pt-BR": 1715603153.5372932,
    "ru": 1715603169.1996818,
    "tr": 1715603185.1706977
}