{
    "en-US": 1722269860.1359076,
    "ar": 1722269875.2959795,
    "de": 1722269890.4590027,
    "es-ES": 1722269905.6300719,
    "es-MX": 1722269920.8143077,
    "fr": 1722269935.9879565,
    "it": 1722269951.1627731,
    "ja": 1722269966.3288085,
    "ko": 1722269981.4870358,
    "pl": 1722269996.6444516,
    "pt-BR": 1722270011.8696797,
    "ru": 1722270027.045287,
    "tr": 1722270042.2249637
}