{
    "en-US": 1718208939.7949905,
    "ar": 1718208955.7281282,
    "de": 1718208971.9408119,
    "es-ES": 1718208987.1526122,
    "es-MX": 1718209002.4338865,
    "fr": 1718209017.6094806,
    "it": 1718209032.7979279,
    "ja": 1718209047.975695,
    "ko": 1718209063.1773934,
    "pl": 1718209078.360568,
    "pt-BR": 1718209093.5446346,
    "ru": 1718209108.7330868,
    "tr": 1718209123.9356534
}