{
    "en-US": 1718799820.305866,
    "ar": 1718799835.516292,
    "de": 1718799850.7963057,
    "es-ES": 1718799865.9604793,
    "es-MX": 1718799881.1449451,
    "fr": 1718799896.32023,
    "it": 1718799911.5185487,
    "ja": 1718799926.689821,
    "ko": 1718799941.8556888,
    "pl": 1718799957.0217535,
    "pt-BR": 1718799972.2030845,
    "ru": 1718799987.3742957,
    "tr": 1718800002.5699348
}