{
    "en-US": 1721132703.3760693,
    "ar": 1721132718.4966063,
    "de": 1721132733.6398535,
    "es-ES": 1721132748.73419,
    "es-MX": 1721132763.8551102,
    "fr": 1721132778.9520676,
    "it": 1721132794.0828898,
    "ja": 1721132809.1765025,
    "ko": 1721132824.294477,
    "pl": 1721132839.3920238,
    "pt-BR": 1721132854.5050783,
    "ru": 1721132869.6063793,
    "tr": 1721132884.7377338
}