{
    "en-US": 1717006610.3417525,
    "ar": 1717006626.3247871,
    "de": 1717006642.2569427,
    "es-ES": 1717006658.0863419,
    "es-MX": 1717006674.1950948,
    "fr": 1717006690.024503,
    "it": 1717006706.1127563,
    "ja": 1717006723.3878646,
    "ko": 1717006740.6107666,
    "pl": 1717006756.6428404,
    "pt-BR": 1717006772.8548043,
    "ru": 1717006788.5317342,
    "tr": 1717006804.6955385
}