{
    "en-US": 1717561132.2091167,
    "ar": 1717561148.3792076,
    "de": 1717561164.1901839,
    "es-ES": 1717561179.9066708,
    "es-MX": 1717561195.8083386,
    "fr": 1717561211.679946,
    "it": 1717561227.522422,
    "ja": 1717561243.7567525,
    "ko": 1717561260.1127343,
    "pl": 1717561275.7550147,
    "pt-BR": 1717561291.6519647,
    "ru": 1717561307.9546752,
    "tr": 1717561323.8173187
}