{
    "en-US": 1713805896.475463,
    "ar": 1713805912.6674676,
    "de": 1713805928.256106,
    "es-ES": 1713805943.7794898,
    "es-MX": 1713805959.4472196,
    "fr": 1713805975.1159413,
    "it": 1713805990.7309449,
    "ja": 1713806008.937475,
    "ko": 1713806026.251573,
    "pl": 1713806041.8713827,
    "pt-BR": 1713806057.6038492,
    "ru": 1713806073.5163443,
    "tr": 1713806089.177545
}