{
    "en-US": 1714842594.5123336,
    "ar": 1714842610.5534785,
    "de": 1714842626.0714924,
    "es-ES": 1714842641.8002577,
    "es-MX": 1714842657.6502714,
    "fr": 1714842673.4242387,
    "it": 1714842689.459393,
    "ja": 1714842705.9324186,
    "ko": 1714842722.2215924,
    "pl": 1714842737.9938092,
    "pt-BR": 1714842753.7731557,
    "ru": 1714842769.7629762,
    "tr": 1714842785.7955568
}