{
    "en-US": 1713985851.227255,
    "ar": 1713985867.3676164,
    "de": 1713985883.048337,
    "es-ES": 1713985898.5299342,
    "es-MX": 1713985914.2311492,
    "fr": 1713985929.7457952,
    "it": 1713985945.4742022,
    "ja": 1713985963.6359131,
    "ko": 1713985982.4019496,
    "pl": 1713985998.2271948,
    "pt-BR": 1713986013.9591799,
    "ru": 1713986029.7494016,
    "tr": 1713986045.499793
}