{
    "en-US": 1716145924.6844544,
    "ar": 1716145940.8287625,
    "de": 1716145956.4675145,
    "es-ES": 1716145972.07571,
    "es-MX": 1716145987.6431851,
    "fr": 1716146003.0241766,
    "it": 1716146018.7378664,
    "ja": 1716146037.1738188,
    "ko": 1716146054.3580093,
    "pl": 1716146070.0290153,
    "pt-BR": 1716146085.4361658,
    "ru": 1716146101.149483,
    "tr": 1716146117.0367417
}