{
    "en-US": 1717057042.9462311,
    "ar": 1717057058.7720037,
    "de": 1717057074.3583717,
    "es-ES": 1717057089.9519758,
    "es-MX": 1717057105.6909943,
    "fr": 1717057121.1637099,
    "it": 1717057136.9120364,
    "ja": 1717057154.1443038,
    "ko": 1717057171.3197198,
    "pl": 1717057187.075332,
    "pt-BR": 1717057202.8019927,
    "ru": 1717057218.3201373,
    "tr": 1717057234.2294161
}