{
    "en-US": 1717348365.1306565,
    "ar": 1717348381.399292,
    "de": 1717348397.1993504,
    "es-ES": 1717348412.9554539,
    "es-MX": 1717348429.1241565,
    "fr": 1717348444.756469,
    "it": 1717348460.7182298,
    "ja": 1717348478.1892276,
    "ko": 1717348494.8197079,
    "pl": 1717348510.8064315,
    "pt-BR": 1717348526.7235806,
    "ru": 1717348542.7090786,
    "tr": 1717348558.6816652
}