{
    "en-US": 1716437725.4239945,
    "ar": 1716437741.341264,
    "de": 1716437757.0599139,
    "es-ES": 1716437772.754134,
    "es-MX": 1716437788.487694,
    "fr": 1716437803.9058912,
    "it": 1716437819.366698,
    "ja": 1716437836.5657525,
    "ko": 1716437853.74652,
    "pl": 1716437869.4381437,
    "pt-BR": 1716437885.1885111,
    "ru": 1716437900.9971354,
    "tr": 1716437916.7631984
}