{
    "en-US": 1717312393.9173636,
    "ar": 1717312409.8196461,
    "de": 1717312425.55858,
    "es-ES": 1717312441.3211002,
    "es-MX": 1717312457.0464559,
    "fr": 1717312473.079005,
    "it": 1717312488.9242976,
    "ja": 1717312505.3517284,
    "ko": 1717312521.5403676,
    "pl": 1717312537.4006307,
    "pt-BR": 1717312553.2423537,
    "ru": 1717312569.1264033,
    "tr": 1717312584.9921765
}