{
    "en-US": 1715800268.3458,
    "ar": 1715800284.5944693,
    "de": 1715800300.3503976,
    "es-ES": 1715800315.8377345,
    "es-MX": 1715800331.3947809,
    "fr": 1715800347.27204,
    "it": 1715800363.342797,
    "ja": 1715800380.656308,
    "ko": 1715800397.5923328,
    "pl": 1715800413.4603145,
    "pt-BR": 1715800429.379979,
    "ru": 1715800445.3495128,
    "tr": 1715800461.3686242
}