{
    "en-US": 1716431218.7289975,
    "ar": 1716431234.842346,
    "de": 1716431250.6676667,
    "es-ES": 1716431266.4728673,
    "es-MX": 1716431282.0539548,
    "fr": 1716431297.848751,
    "it": 1716431313.6636865,
    "ja": 1716431330.0674362,
    "ko": 1716431346.32863,
    "pl": 1716431361.8584144,
    "pt-BR": 1716431377.4131894,
    "ru": 1716431393.2657275,
    "tr": 1716431409.3282344
}