{
    "en-US": 1722154528.6445906,
    "ar": 1722154543.7371736,
    "de": 1722154558.8297,
    "es-ES": 1722154573.9134514,
    "es-MX": 1722154589.020549,
    "fr": 1722154604.1014442,
    "it": 1722154619.1926076,
    "ja": 1722154634.277837,
    "ko": 1722154649.361855,
    "pl": 1722154664.442202,
    "pt-BR": 1722154679.540955,
    "ru": 1722154694.650709,
    "tr": 1722154709.7341738
}