{
    "en-US": 1715757222.752828,
    "ar": 1715757238.8729725,
    "de": 1715757254.578528,
    "es-ES": 1715757270.2831542,
    "es-MX": 1715757286.0906804,
    "fr": 1715757301.6672957,
    "it": 1715757317.4489772,
    "ja": 1715757334.8339386,
    "ko": 1715757351.8181474,
    "pl": 1715757367.576714,
    "pt-BR": 1715757383.113834,
    "ru": 1715757398.679104,
    "tr": 1715757414.5673733
}