{
    "en-US": 1715306212.301147,
    "ar": 1715306228.5523386,
    "de": 1715306244.318976,
    "es-ES": 1715306260.162316,
    "es-MX": 1715306275.9572072,
    "fr": 1715306291.7960253,
    "it": 1715306307.5974774,
    "ja": 1715306326.1570816,
    "ko": 1715306343.4982588,
    "pl": 1715306359.283494,
    "pt-BR": 1715306375.123687,
    "ru": 1715306391.243738,
    "tr": 1715306407.3156884
}