{
    "en-US": 1719065615.3873,
    "ar": 1719065631.2543843,
    "de": 1719065647.3766642,
    "es-ES": 1719065663.1873748,
    "es-MX": 1719065678.3885093,
    "fr": 1719065693.5794048,
    "it": 1719065708.7578475,
    "ja": 1719065723.9341614,
    "ko": 1719065739.1038632,
    "pl": 1719065754.290537,
    "pt-BR": 1719065769.471842,
    "ru": 1719065784.6444206,
    "tr": 1719065799.8205347
}