{
    "en-US": 1715868802.4379997,
    "ar": 1715868818.770453,
    "de": 1715868834.613825,
    "es-ES": 1715868850.4871397,
    "es-MX": 1715868866.5287118,
    "fr": 1715868882.0770144,
    "it": 1715868897.9444942,
    "ja": 1715868915.9942987,
    "ko": 1715868933.1043088,
    "pl": 1715868949.1110528,
    "pt-BR": 1715868964.7955666,
    "ru": 1715868980.8254967,
    "tr": 1715868996.78529
}