{
    "en-US": 1714614682.3730507,
    "ar": 1714614698.4242444,
    "de": 1714614714.1353385,
    "es-ES": 1714614729.8613899,
    "es-MX": 1714614745.6490593,
    "fr": 1714614761.4156191,
    "it": 1714614777.2247615,
    "ja": 1714614793.4534597,
    "ko": 1714614809.6468403,
    "pl": 1714614825.3891346,
    "pt-BR": 1714614840.9405184,
    "ru": 1714614856.7125132,
    "tr": 1714614872.5609405
}