{
    "en-US": 1719367226.7780924,
    "ar": 1719367241.9156792,
    "de": 1719367257.055112,
    "es-ES": 1719367272.1626015,
    "es-MX": 1719367287.3764706,
    "fr": 1719367302.5050716,
    "it": 1719367317.670923,
    "ja": 1719367332.7810678,
    "ko": 1719367347.9111655,
    "pl": 1719367363.011092,
    "pt-BR": 1719367378.1817944,
    "ru": 1719367393.2989771,
    "tr": 1719367408.421338
}