{
    "en-US": 1716304460.1875021,
    "ar": 1716304476.1770897,
    "de": 1716304491.9532063,
    "es-ES": 1716304508.3057096,
    "es-MX": 1716304524.0424795,
    "fr": 1716304539.4688172,
    "it": 1716304555.252278,
    "ja": 1716304573.158887,
    "ko": 1716304590.2250125,
    "pl": 1716304605.6816146,
    "pt-BR": 1716304621.4471734,
    "ru": 1716304636.9738615,
    "tr": 1716304652.8853927
}