{
    "en-US": 1719933249.5840375,
    "ar": 1719933264.7931743,
    "de": 1719933279.9863977,
    "es-ES": 1719933295.1522846,
    "es-MX": 1719933310.340066,
    "fr": 1719933325.5091677,
    "it": 1719933340.7333617,
    "ja": 1719933355.9101427,
    "ko": 1719933371.083514,
    "pl": 1719933386.2515943,
    "pt-BR": 1719933401.444082,
    "ru": 1719933416.6168315,
    "tr": 1719933431.8266368
}