{
    "en-US": 1721020443.2893045,
    "ar": 1721020458.4276655,
    "de": 1721020473.5714774,
    "es-ES": 1721020488.7145185,
    "es-MX": 1721020503.8838453,
    "fr": 1721020519.019553,
    "it": 1721020534.170742,
    "ja": 1721020549.3166978,
    "ko": 1721020564.4571974,
    "pl": 1721020579.600515,
    "pt-BR": 1721020594.7729292,
    "ru": 1721020609.9102044,
    "tr": 1721020625.0651817
}