{
    "en-US": 1718230463.6940136,
    "ar": 1718230479.9556859,
    "de": 1718230495.801307,
    "es-ES": 1718230510.9209948,
    "es-MX": 1718230526.054853,
    "fr": 1718230541.163607,
    "it": 1718230556.2900536,
    "ja": 1718230571.3848825,
    "ko": 1718230586.5165236,
    "pl": 1718230601.6069133,
    "pt-BR": 1718230616.7105274,
    "ru": 1718230631.801771,
    "tr": 1718230646.9622226
}