{
    "en-US": 1717725626.964338,
    "ar": 1717725643.1106966,
    "de": 1717725658.8996828,
    "es-ES": 1717725674.664839,
    "es-MX": 1717725689.8643887,
    "fr": 1717725705.0334215,
    "it": 1717725720.2373211,
    "ja": 1717725735.4374988,
    "ko": 1717725750.6101115,
    "pl": 1717725765.777833,
    "pt-BR": 1717725780.9881124,
    "ru": 1717725796.160802,
    "tr": 1717725811.3442345
}