{
    "en-US": 1719017691.9276607,
    "ar": 1719017708.0718946,
    "de": 1719017723.7850862,
    "es-ES": 1719017738.9126348,
    "es-MX": 1719017754.1854515,
    "fr": 1719017769.3098855,
    "it": 1719017784.4338355,
    "ja": 1719017799.5379333,
    "ko": 1719017814.6775033,
    "pl": 1719017829.79428,
    "pt-BR": 1719017844.924689,
    "ru": 1719017860.0367281,
    "tr": 1719017875.1668007
}