{
    "en-US": 1713669143.5088093,
    "ar": 1713669159.7738624,
    "de": 1713669175.4197638,
    "es-ES": 1713669190.896458,
    "es-MX": 1713669206.5837343,
    "fr": 1713669222.2526484,
    "it": 1713669237.9763517,
    "ja": 1713669255.2414002,
    "ko": 1713669272.0195172,
    "pl": 1713669287.7827456,
    "pt-BR": 1713669303.5573213,
    "ru": 1713669319.3562624,
    "tr": 1713669335.4036179
}