{
    "en-US": 1715832802.1568012,
    "ar": 1715832818.305417,
    "de": 1715832834.0618472,
    "es-ES": 1715832849.550103,
    "es-MX": 1715832865.3758535,
    "fr": 1715832881.1760027,
    "it": 1715832897.0285544,
    "ja": 1715832913.4160864,
    "ko": 1715832929.8415668,
    "pl": 1715832945.615669,
    "pt-BR": 1715832961.4458392,
    "ru": 1715832977.2637088,
    "tr": 1715832993.1223629
}