{
    "en-US": 1721891713.1592028,
    "ar": 1721891728.2642734,
    "de": 1721891743.363585,
    "es-ES": 1721891758.4572744,
    "es-MX": 1721891773.5761163,
    "fr": 1721891788.6770356,
    "it": 1721891803.839138,
    "ja": 1721891818.9308622,
    "ko": 1721891834.030603,
    "pl": 1721891849.1169682,
    "pt-BR": 1721891864.2485225,
    "ru": 1721891879.3398883,
    "tr": 1721891894.4534411
}