{
    "en-US": 1714479653.5045922,
    "ar": 1714479669.5836399,
    "de": 1714479685.109204,
    "es-ES": 1714479700.7447917,
    "es-MX": 1714479716.3279874,
    "fr": 1714479732.0035095,
    "it": 1714479747.6115565,
    "ja": 1714479765.3905644,
    "ko": 1714479782.6406462,
    "pl": 1714479798.4492507,
    "pt-BR": 1714479814.2746904,
    "ru": 1714479829.9370039,
    "tr": 1714479845.630166
}