{
    "en-US": 1717172174.0786326,
    "ar": 1717172189.8641515,
    "de": 1717172205.7119386,
    "es-ES": 1717172221.653863,
    "es-MX": 1717172237.4630835,
    "fr": 1717172253.6980622,
    "it": 1717172269.61498,
    "ja": 1717172285.7311208,
    "ko": 1717172302.1261594,
    "pl": 1717172318.0843127,
    "pt-BR": 1717172333.719965,
    "ru": 1717172349.786859,
    "tr": 1717172365.7323985
}