{
    "en-US": 1719536189.8460293,
    "ar": 1719536205.0430808,
    "de": 1719536220.237486,
    "es-ES": 1719536235.4263337,
    "es-MX": 1719536250.646911,
    "fr": 1719536265.926583,
    "it": 1719536282.1308043,
    "ja": 1719536297.315697,
    "ko": 1719536312.5174708,
    "pl": 1719536327.6964014,
    "pt-BR": 1719536342.903039,
    "ru": 1719536358.0832255,
    "tr": 1719536373.2617285
}