{
    "en-US": 1718025411.3781865,
    "ar": 1718025427.8176205,
    "de": 1718025443.9900565,
    "es-ES": 1718025460.1029508,
    "es-MX": 1718025475.3123264,
    "fr": 1718025490.4849558,
    "it": 1718025505.6698992,
    "ja": 1718025520.8461475,
    "ko": 1718025536.0109298,
    "pl": 1718025551.1992266,
    "pt-BR": 1718025566.3776667,
    "ru": 1718025581.5374393,
    "tr": 1718025596.7105582
}