{
    "en-US": 1715826389.2059655,
    "ar": 1715826406.9007874,
    "de": 1715826422.094797,
    "es-ES": 1715826437.210996,
    "es-MX": 1715826452.324826,
    "fr": 1715826467.4575608,
    "it": 1715826482.6201553,
    "ja": 1715826497.7220328,
    "ko": 1715826512.8312628,
    "pl": 1715826527.9432225,
    "pt-BR": 1715826543.0660768,
    "ru": 1715826558.1936927,
    "tr": 1715826573.335856
}