{
    "en-US": 1721985273.2242644,
    "ar": 1721985288.4442143,
    "de": 1721985303.6331723,
    "es-ES": 1721985318.8193564,
    "es-MX": 1721985334.0343163,
    "fr": 1721985349.219327,
    "it": 1721985364.4002626,
    "ja": 1721985379.6097183,
    "ko": 1721985394.8001916,
    "pl": 1721985409.988566,
    "pt-BR": 1721985425.1841018,
    "ru": 1721985440.3709042,
    "tr": 1721985455.551972
}