{
    "en-US": 1720473302.612435,
    "ar": 1720473317.7966645,
    "de": 1720473332.9869046,
    "es-ES": 1720473348.1685684,
    "es-MX": 1720473363.377329,
    "fr": 1720473378.5580869,
    "it": 1720473393.7490218,
    "ja": 1720473408.9216845,
    "ko": 1720473424.1230552,
    "pl": 1720473439.2976975,
    "pt-BR": 1720473454.5157871,
    "ru": 1720473469.6874435,
    "tr": 1720473484.8847618
}