{
    "en-US": 1719069258.1123233,
    "ar": 1719069273.3298318,
    "de": 1719069288.59591,
    "es-ES": 1719069303.7680702,
    "es-MX": 1719069318.949766,
    "fr": 1719069334.1205683,
    "it": 1719069349.32739,
    "ja": 1719069364.5077586,
    "ko": 1719069379.674574,
    "pl": 1719069394.841345,
    "pt-BR": 1719069410.0280373,
    "ru": 1719069425.1962202,
    "tr": 1719069440.402171
}