{
    "en-US": 1714763438.6849363,
    "ar": 1714763454.9294198,
    "de": 1714763470.5708797,
    "es-ES": 1714763485.916427,
    "es-MX": 1714763501.6569715,
    "fr": 1714763517.4124317,
    "it": 1714763533.3974364,
    "ja": 1714763553.6543145,
    "ko": 1714763571.8423362,
    "pl": 1714763587.57642,
    "pt-BR": 1714763603.2901742,
    "ru": 1714763619.2130344,
    "tr": 1714763634.989418
}