{
    "en-US": 1718157632.877464,
    "ar": 1718157648.0825913,
    "de": 1718157663.2817183,
    "es-ES": 1718157678.4497807,
    "es-MX": 1718157693.6400838,
    "fr": 1718157708.8265288,
    "it": 1718157724.0180113,
    "ja": 1718157739.1919534,
    "ko": 1718157754.3580017,
    "pl": 1718157769.5259013,
    "pt-BR": 1718157784.7017424,
    "ru": 1718157799.8712802,
    "tr": 1718157815.0686393
}