{
    "en-US": 1720865610.8143418,
    "ar": 1720865625.917412,
    "de": 1720865641.016544,
    "es-ES": 1720865656.1242797,
    "es-MX": 1720865671.228742,
    "fr": 1720865686.3204293,
    "it": 1720865701.4271407,
    "ja": 1720865716.5131083,
    "ko": 1720865731.6143477,
    "pl": 1720865746.702107,
    "pt-BR": 1720865761.8144517,
    "ru": 1720865776.9512467,
    "tr": 1720865792.0460658
}