{
    "en-US": 1720545290.2599304,
    "ar": 1720545305.440834,
    "de": 1720545320.615324,
    "es-ES": 1720545335.7792873,
    "es-MX": 1720545350.9796798,
    "fr": 1720545366.134516,
    "it": 1720545381.2991567,
    "ja": 1720545396.4743612,
    "ko": 1720545411.6373136,
    "pl": 1720545426.803182,
    "pt-BR": 1720545441.9917073,
    "ru": 1720545457.1669424,
    "tr": 1720545472.3511808
}