{
    "en-US": 1717391674.1923573,
    "ar": 1717391690.264861,
    "de": 1717391705.9914794,
    "es-ES": 1717391721.7401984,
    "es-MX": 1717391737.6031637,
    "fr": 1717391753.4352868,
    "it": 1717391769.2860389,
    "ja": 1717391785.9400115,
    "ko": 1717391802.1679933,
    "pl": 1717391818.0274415,
    "pt-BR": 1717391833.9066978,
    "ru": 1717391849.7984438,
    "tr": 1717391865.659044
}