{
    "en-US": 1720606597.881782,
    "ar": 1720606613.0496013,
    "de": 1720606628.2267387,
    "es-ES": 1720606643.388029,
    "es-MX": 1720606658.565157,
    "fr": 1720606673.7202857,
    "it": 1720606688.9092991,
    "ja": 1720606704.0712533,
    "ko": 1720606719.2349737,
    "pl": 1720606734.3926702,
    "pt-BR": 1720606749.568591,
    "ru": 1720606764.8435931,
    "tr": 1720606780.0224972
}