{
    "en-US": 1720579173.1429458,
    "ar": 1720579188.304173,
    "de": 1720579203.476127,
    "es-ES": 1720579218.6404557,
    "es-MX": 1720579233.8216748,
    "fr": 1720579248.9894989,
    "it": 1720579264.1652298,
    "ja": 1720579279.3282259,
    "ko": 1720579294.491378,
    "pl": 1720579309.6511774,
    "pt-BR": 1720579324.8462706,
    "ru": 1720579340.0227673,
    "tr": 1720579355.191256
}