{
    "en-US": 1716397933.2608726,
    "ar": 1716397949.5054688,
    "de": 1716397965.20465,
    "es-ES": 1716397981.0126593,
    "es-MX": 1716397996.7739887,
    "fr": 1716398012.5561345,
    "it": 1716398028.3027587,
    "ja": 1716398046.017691,
    "ko": 1716398063.1096787,
    "pl": 1716398078.5447605,
    "pt-BR": 1716398094.357291,
    "ru": 1716398110.1929677,
    "tr": 1716398126.025052
}