{
    "en-US": 1717305184.9535944,
    "ar": 1717305201.1867502,
    "de": 1717305217.0219264,
    "es-ES": 1717305232.5664804,
    "es-MX": 1717305248.5276396,
    "fr": 1717305264.7820811,
    "it": 1717305280.9136918,
    "ja": 1717305298.387807,
    "ko": 1717305314.9428513,
    "pl": 1717305330.9644,
    "pt-BR": 1717305346.8849485,
    "ru": 1717305362.867996,
    "tr": 1717305378.8751054
}