{
    "en-US": 1719491020.12599,
    "ar": 1719491035.3227766,
    "de": 1719491050.5099056,
    "es-ES": 1719491065.6754193,
    "es-MX": 1719491080.8553271,
    "fr": 1719491096.0198908,
    "it": 1719491111.1943052,
    "ja": 1719491126.3800893,
    "ko": 1719491141.561212,
    "pl": 1719491156.7191522,
    "pt-BR": 1719491171.9108064,
    "ru": 1719491187.0773897,
    "tr": 1719491202.2591097
}