{
    "en-US": 1715292774.7681289,
    "ar": 1715292791.159613,
    "de": 1715292806.7819178,
    "es-ES": 1715292822.4535651,
    "es-MX": 1715292838.5055592,
    "fr": 1715292854.2319586,
    "it": 1715292869.9618616,
    "ja": 1715292888.0870016,
    "ko": 1715292903.2901115,
    "pl": 1715292918.43211,
    "pt-BR": 1715292933.5755796,
    "ru": 1715292949.6658497,
    "tr": 1715292965.4608574
}