{
    "en-US": 1714050696.5116599,
    "ar": 1714050712.6008098,
    "de": 1714050728.1840546,
    "es-ES": 1714050743.777777,
    "es-MX": 1714050759.5693195,
    "fr": 1714050775.149434,
    "it": 1714050790.7525988,
    "ja": 1714050808.940666,
    "ko": 1714050826.0933852,
    "pl": 1714050841.74107,
    "pt-BR": 1714050857.3229783,
    "ru": 1714050872.9993856,
    "tr": 1714050888.666005
}