{
    "en-US": 1720873302.4220045,
    "ar": 1720873317.6041317,
    "de": 1720873332.787719,
    "es-ES": 1720873347.9448097,
    "es-MX": 1720873363.1208012,
    "fr": 1720873378.2899663,
    "it": 1720873393.4809453,
    "ja": 1720873408.6459315,
    "ko": 1720873423.8114939,
    "pl": 1720873438.976435,
    "pt-BR": 1720873454.147076,
    "ru": 1720873469.3095417,
    "tr": 1720873484.5141494
}