{
    "en-US": 1716088490.3874457,
    "ar": 1716088506.2438684,
    "de": 1716088522.0442748,
    "es-ES": 1716088537.796534,
    "es-MX": 1716088553.5795496,
    "fr": 1716088569.132008,
    "it": 1716088584.9612548,
    "ja": 1716088601.3445096,
    "ko": 1716088617.60566,
    "pl": 1716088633.158572,
    "pt-BR": 1716088648.7320497,
    "ru": 1716088664.3465536,
    "tr": 1716088680.2102602
}