{
    "en-US": 1715523103.103537,
    "ar": 1715523119.2866793,
    "de": 1715523134.8469896,
    "es-ES": 1715523150.3771799,
    "es-MX": 1715523166.0667477,
    "fr": 1715523181.7117028,
    "it": 1715523197.3691735,
    "ja": 1715523215.4341419,
    "ko": 1715523232.403121,
    "pl": 1715523248.0658963,
    "pt-BR": 1715523263.475627,
    "ru": 1715523279.1701403,
    "tr": 1715523295.0293744
}