{
    "en-US": 1713752636.0778422,
    "ar": 1713752652.3995225,
    "de": 1713752668.1338122,
    "es-ES": 1713752683.8105438,
    "es-MX": 1713752699.5031083,
    "fr": 1713752715.2143464,
    "it": 1713752730.9654438,
    "ja": 1713752748.6490593,
    "ko": 1713752765.4267962,
    "pl": 1713752781.1763594,
    "pt-BR": 1713752796.8390167,
    "ru": 1713752812.656779,
    "tr": 1713752828.401437
}