{
    "en-US": 1720879944.032671,
    "ar": 1720879959.1921058,
    "de": 1720879974.3555868,
    "es-ES": 1720879989.5118728,
    "es-MX": 1720880004.6873808,
    "fr": 1720880019.845334,
    "it": 1720880035.0085888,
    "ja": 1720880050.2028625,
    "ko": 1720880065.3765965,
    "pl": 1720880080.5247264,
    "pt-BR": 1720880095.697567,
    "ru": 1720880110.8558676,
    "tr": 1720880126.017566
}