{
    "en-US": 1715451279.3875756,
    "ar": 1715451295.487566,
    "de": 1715451311.2126436,
    "es-ES": 1715451326.8941493,
    "es-MX": 1715451342.7321637,
    "fr": 1715451358.474138,
    "it": 1715451374.2584817,
    "ja": 1715451390.7611585,
    "ko": 1715451407.0569868,
    "pl": 1715451422.8561695,
    "pt-BR": 1715451438.6459594,
    "ru": 1715451454.454155,
    "tr": 1715451470.0428903
}