{
    "en-US": 1715782467.1718676,
    "ar": 1715782483.3147416,
    "de": 1715782499.084154,
    "es-ES": 1715782514.8120291,
    "es-MX": 1715782530.60607,
    "fr": 1715782546.036718,
    "it": 1715782561.8243845,
    "ja": 1715782579.011572,
    "ko": 1715782596.1239097,
    "pl": 1715782611.8762448,
    "pt-BR": 1715782627.918447,
    "ru": 1715782643.6673756,
    "tr": 1715782659.50207
}