{
    "en-US": 1714223621.8100212,
    "ar": 1714223637.981742,
    "de": 1714223653.6794803,
    "es-ES": 1714223669.3247094,
    "es-MX": 1714223685.0742974,
    "fr": 1714223700.7659647,
    "it": 1714223716.5391016,
    "ja": 1714223733.880053,
    "ko": 1714223750.674897,
    "pl": 1714223766.5723164,
    "pt-BR": 1714223782.5164475,
    "ru": 1714223798.3619452,
    "tr": 1714223814.006784
}