{
    "en-US": 1718813747.584022,
    "ar": 1718813764.0993764,
    "de": 1718813780.3811762,
    "es-ES": 1718813795.5889373,
    "es-MX": 1718813810.7975929,
    "fr": 1718813825.9753613,
    "it": 1718813841.1584523,
    "ja": 1718813856.3450742,
    "ko": 1718813871.5497322,
    "pl": 1718813886.7244763,
    "pt-BR": 1718813901.912315,
    "ru": 1718813917.0896344,
    "tr": 1718813932.274358
}