{
    "en-US": 1716200062.5571775,
    "ar": 1716200078.395108,
    "de": 1716200094.1165454,
    "es-ES": 1716200109.9783556,
    "es-MX": 1716200125.7619224,
    "fr": 1716200141.2796786,
    "it": 1716200157.026061,
    "ja": 1716200174.3723605,
    "ko": 1716200191.1995578,
    "pl": 1716200206.991776,
    "pt-BR": 1716200222.8062766,
    "ru": 1716200238.6282196,
    "tr": 1716200254.4820716
}