{
    "en-US": 1714371390.9754763,
    "ar": 1714371406.9893713,
    "de": 1714371422.4977064,
    "es-ES": 1714371437.9823477,
    "es-MX": 1714371453.588972,
    "fr": 1714371469.15447,
    "it": 1714371484.7195845,
    "ja": 1714371502.3129256,
    "ko": 1714371519.323869,
    "pl": 1714371534.8749177,
    "pt-BR": 1714371550.5431833,
    "ru": 1714371566.1534894,
    "tr": 1714371581.8249567
}