{
    "en-US": 1718326550.0353062,
    "ar": 1718326566.6596982,
    "de": 1718326582.5078812,
    "es-ES": 1718326597.712189,
    "es-MX": 1718326612.96621,
    "fr": 1718326628.1442306,
    "it": 1718326643.3623917,
    "ja": 1718326658.5327406,
    "ko": 1718326673.7509131,
    "pl": 1718326688.9214213,
    "pt-BR": 1718326704.0973442,
    "ru": 1718326719.2638986,
    "tr": 1718326734.4418726
}