{
    "en-US": 1721264161.503263,
    "ar": 1721264176.6099586,
    "de": 1721264191.720619,
    "es-ES": 1721264206.8123114,
    "es-MX": 1721264221.9739716,
    "fr": 1721264237.0772429,
    "it": 1721264252.1854277,
    "ja": 1721264267.3332329,
    "ko": 1721264282.4412737,
    "pl": 1721264297.5361292,
    "pt-BR": 1721264312.6760597,
    "ru": 1721264327.776343,
    "tr": 1721264342.8759246
}