{
    "en-US": 1719702863.8218496,
    "ar": 1719702878.9404364,
    "de": 1719702894.0521007,
    "es-ES": 1719702909.161739,
    "es-MX": 1719702924.2988324,
    "fr": 1719702939.4214246,
    "it": 1719702954.5313134,
    "ja": 1719702969.645931,
    "ko": 1719702984.7511597,
    "pl": 1719702999.865851,
    "pt-BR": 1719703015.010817,
    "ru": 1719703030.134163,
    "tr": 1719703045.2371302
}