{
    "en-US": 1719486724.2230422,
    "ar": 1719486739.3422463,
    "de": 1719486754.4757385,
    "es-ES": 1719486769.5832908,
    "es-MX": 1719486784.7297964,
    "fr": 1719486799.8538527,
    "it": 1719486814.9820356,
    "ja": 1719486830.0905275,
    "ko": 1719486845.2112968,
    "pl": 1719486860.319665,
    "pt-BR": 1719486875.4875793,
    "ru": 1719486890.5947642,
    "tr": 1719486905.7112532
}