{
    "en-US": 1715181154.9842584,
    "ar": 1715181171.2928972,
    "de": 1715181187.1849415,
    "es-ES": 1715181202.9577248,
    "es-MX": 1715181218.78251,
    "fr": 1715181234.688665,
    "it": 1715181250.7969801,
    "ja": 1715181269.158116,
    "ko": 1715181286.3679817,
    "pl": 1715181302.6415162,
    "pt-BR": 1715181318.456904,
    "ru": 1715181334.40261,
    "tr": 1715181350.292036
}