{
    "en-US": 1722374121.1262307,
    "ar": 1722374136.3071244,
    "de": 1722374151.492779,
    "es-ES": 1722374166.6787846,
    "es-MX": 1722374181.880842,
    "fr": 1722374197.060397,
    "it": 1722374212.287168,
    "ja": 1722374227.4837148,
    "ko": 1722374242.6715488,
    "pl": 1722374257.8533368,
    "pt-BR": 1722374273.0341523,
    "ru": 1722374288.2215564,
    "tr": 1722374303.4223897
}