{
    "en-US": 1719449771.011771,
    "ar": 1719449786.1917942,
    "de": 1719449801.3631961,
    "es-ES": 1719449816.5446522,
    "es-MX": 1719449831.7374728,
    "fr": 1719449846.9056773,
    "it": 1719449862.0825846,
    "ja": 1719449877.2554724,
    "ko": 1719449892.4274542,
    "pl": 1719449907.64007,
    "pt-BR": 1719449922.8276796,
    "ru": 1719449937.9981253,
    "tr": 1719449953.1662295
}