{
    "en-US": 1719497726.3701465,
    "ar": 1719497741.5406108,
    "de": 1719497756.721014,
    "es-ES": 1719497771.9227893,
    "es-MX": 1719497787.086763,
    "fr": 1719497802.2606037,
    "it": 1719497817.4565935,
    "ja": 1719497832.6233482,
    "ko": 1719497847.7944741,
    "pl": 1719497862.968255,
    "pt-BR": 1719497878.1582732,
    "ru": 1719497893.3230853,
    "tr": 1719497908.5079865
}