{
    "en-US": 1718090004.2943835,
    "ar": 1718090021.1008375,
    "de": 1718090037.107054,
    "es-ES": 1718090053.2408261,
    "es-MX": 1718090068.4493444,
    "fr": 1718090083.6183512,
    "it": 1718090098.8070009,
    "ja": 1718090113.9807389,
    "ko": 1718090129.155539,
    "pl": 1718090144.33072,
    "pt-BR": 1718090159.5214672,
    "ru": 1718090174.6860251,
    "tr": 1718090189.8677003
}