{
    "en-US": 1720231105.764825,
    "ar": 1720231120.9389834,
    "de": 1720231136.1162386,
    "es-ES": 1720231151.2802565,
    "es-MX": 1720231166.4770484,
    "fr": 1720231181.6433427,
    "it": 1720231196.8247588,
    "ja": 1720231211.9932692,
    "ko": 1720231227.1617625,
    "pl": 1720231242.3250635,
    "pt-BR": 1720231257.5160878,
    "ru": 1720231272.6923082,
    "tr": 1720231287.8615587
}