{
    "en-US": 1715415299.8026857,
    "ar": 1715415315.945985,
    "de": 1715415331.591035,
    "es-ES": 1715415347.06201,
    "es-MX": 1715415362.789657,
    "fr": 1715415378.3246946,
    "it": 1715415394.0898294,
    "ja": 1715415411.810911,
    "ko": 1715415429.0906334,
    "pl": 1715415444.8313832,
    "pt-BR": 1715415460.5645142,
    "ru": 1715415476.529379,
    "tr": 1715415492.5173585
}