{
    "en-US": 1718071244.4639516,
    "ar": 1718071260.7014236,
    "de": 1718071276.7801,
    "es-ES": 1718071292.523429,
    "es-MX": 1718071307.7267869,
    "fr": 1718071323.379163,
    "it": 1718071338.5480816,
    "ja": 1718071353.707693,
    "ko": 1718071368.87691,
    "pl": 1718071384.0680943,
    "pt-BR": 1718071399.2390008,
    "ru": 1718071414.4123328,
    "tr": 1718071429.5761564
}