{
    "en-US": 1714839241.2466607,
    "ar": 1714839257.2775083,
    "de": 1714839273.029067,
    "es-ES": 1714839288.7510498,
    "es-MX": 1714839304.5219584,
    "fr": 1714839320.2555082,
    "it": 1714839336.0336967,
    "ja": 1714839352.4660118,
    "ko": 1714839368.4529018,
    "pl": 1714839384.5120246,
    "pt-BR": 1714839400.2856464,
    "ru": 1714839416.1526911,
    "tr": 1714839432.1544325
}