{
    "en-US": 1716038020.1206968,
    "ar": 1716038036.3209796,
    "de": 1716038052.3501706,
    "es-ES": 1716038068.0774436,
    "es-MX": 1716038083.8578355,
    "fr": 1716038099.3970501,
    "it": 1716038115.284878,
    "ja": 1716038132.7213993,
    "ko": 1716038149.5348382,
    "pl": 1716038165.0852752,
    "pt-BR": 1716038181.082627,
    "ru": 1716038196.693398,
    "tr": 1716038212.5410585
}