{
    "en-US": 1714576330.7355602,
    "ar": 1714576346.9991717,
    "de": 1714576363.0247111,
    "es-ES": 1714576378.9241142,
    "es-MX": 1714576394.5645063,
    "fr": 1714576410.4212964,
    "it": 1714576426.018564,
    "ja": 1714576444.0032897,
    "ko": 1714576461.1572475,
    "pl": 1714576476.8049855,
    "pt-BR": 1714576492.6247292,
    "ru": 1714576508.7512372,
    "tr": 1714576524.6770887
}