{
    "en-US": 1720851508.9885395,
    "ar": 1720851524.1645136,
    "de": 1720851539.345701,
    "es-ES": 1720851554.5039024,
    "es-MX": 1720851569.6842122,
    "fr": 1720851584.8508642,
    "it": 1720851600.0479436,
    "ja": 1720851615.224825,
    "ko": 1720851630.3949919,
    "pl": 1720851645.5624385,
    "pt-BR": 1720851660.7600203,
    "ru": 1720851675.9408922,
    "tr": 1720851691.1331222
}