{
    "en-US": 1719155575.0352888,
    "ar": 1719155591.3404005,
    "de": 1719155607.35493,
    "es-ES": 1719155623.376718,
    "es-MX": 1719155639.2569637,
    "fr": 1719155654.401551,
    "it": 1719155669.5759287,
    "ja": 1719155684.7034352,
    "ko": 1719155699.8149385,
    "pl": 1719155714.9201374,
    "pt-BR": 1719155730.1880872,
    "ru": 1719155745.3070693,
    "tr": 1719155760.4173224
}