{
    "en-US": 1714000507.1434698,
    "ar": 1714000522.343381,
    "de": 1714000537.5226812,
    "es-ES": 1714000552.674521,
    "es-MX": 1714000567.8463802,
    "fr": 1714000583.0123076,
    "it": 1714000598.2043867,
    "ja": 1714000613.3629286,
    "ko": 1714000628.5151436,
    "pl": 1714000643.6638556,
    "pt-BR": 1714000658.8405666,
    "ru": 1714000673.9949381,
    "tr": 1714000689.2231553
}