{
    "en-US": 1720700614.7118642,
    "ar": 1720700629.879762,
    "de": 1720700645.0607238,
    "es-ES": 1720700660.233041,
    "es-MX": 1720700675.4099605,
    "fr": 1720700690.5714967,
    "it": 1720700705.7499166,
    "ja": 1720700720.914502,
    "ko": 1720700736.0820553,
    "pl": 1720700751.2398868,
    "pt-BR": 1720700766.4291344,
    "ru": 1720700781.5952969,
    "tr": 1720700796.7647548
}