{
    "en-US": 1715166715.540479,
    "ar": 1715166731.7259943,
    "de": 1715166747.2413268,
    "es-ES": 1715166762.8955984,
    "es-MX": 1715166778.6453948,
    "fr": 1715166794.3546646,
    "it": 1715166810.125804,
    "ja": 1715166827.7368546,
    "ko": 1715166844.7499392,
    "pl": 1715166860.5667968,
    "pt-BR": 1715166876.359482,
    "ru": 1715166892.421538,
    "tr": 1715166908.454805
}