{
    "en-US": 1715508756.7871065,
    "ar": 1715508772.887875,
    "de": 1715508788.4388003,
    "es-ES": 1715508803.9695542,
    "es-MX": 1715508819.373273,
    "fr": 1715508834.9609115,
    "it": 1715508850.6124575,
    "ja": 1715508869.6674864,
    "ko": 1715508887.021868,
    "pl": 1715508902.6780236,
    "pt-BR": 1715508918.2779624,
    "ru": 1715508934.2804737,
    "tr": 1715508949.9696794
}