{
    "en-US": 1717186439.1957986,
    "ar": 1717186455.3391821,
    "de": 1717186470.9455132,
    "es-ES": 1717186486.6462831,
    "es-MX": 1717186502.431494,
    "fr": 1717186517.9319246,
    "it": 1717186533.7399104,
    "ja": 1717186551.846329,
    "ko": 1717186568.8164816,
    "pl": 1717186584.95502,
    "pt-BR": 1717186601.022225,
    "ru": 1717186616.5927231,
    "tr": 1717186632.743254
}