{
    "en-US": 1716408870.4613125,
    "ar": 1716408886.6778805,
    "de": 1716408902.337549,
    "es-ES": 1716408918.087172,
    "es-MX": 1716408933.836656,
    "fr": 1716408949.9913132,
    "it": 1716408965.8215446,
    "ja": 1716408983.1692526,
    "ko": 1716409000.22616,
    "pl": 1716409015.9949272,
    "pt-BR": 1716409031.7382221,
    "ru": 1716409047.2421775,
    "tr": 1716409063.013922
}