{
    "en-US": 1719033258.0710304,
    "ar": 1719033273.2257273,
    "de": 1719033288.3932498,
    "es-ES": 1719033303.4902391,
    "es-MX": 1719033318.5952523,
    "fr": 1719033333.6991603,
    "it": 1719033348.8422964,
    "ja": 1719033363.9419827,
    "ko": 1719033379.0405085,
    "pl": 1719033394.136877,
    "pt-BR": 1719033409.2495735,
    "ru": 1719033424.3500342,
    "tr": 1719033439.4801283
}