{
    "en-US": 1718572465.0282981,
    "ar": 1718572480.8878133,
    "de": 1718572497.0072062,
    "es-ES": 1718572512.2008135,
    "es-MX": 1718572527.3753846,
    "fr": 1718572542.5431905,
    "it": 1718572557.7256346,
    "ja": 1718572572.8966963,
    "ko": 1718572588.0826485,
    "pl": 1718572603.2438347,
    "pt-BR": 1718572618.4189992,
    "ru": 1718572633.5973253,
    "tr": 1718572648.7652192
}