{
    "en-US": 1716225250.4200923,
    "ar": 1716225266.8364463,
    "de": 1716225282.713834,
    "es-ES": 1716225298.555938,
    "es-MX": 1716225314.4425876,
    "fr": 1716225330.005206,
    "it": 1716225345.8998744,
    "ja": 1716225364.1521237,
    "ko": 1716225381.9093094,
    "pl": 1716225397.8016481,
    "pt-BR": 1716225413.7236402,
    "ru": 1716225429.663754,
    "tr": 1716225445.7040558
}