{
    "en-US": 1714713159.3404179,
    "ar": 1714713175.429556,
    "de": 1714713191.1133592,
    "es-ES": 1714713206.777664,
    "es-MX": 1714713222.5339336,
    "fr": 1714713238.3836753,
    "it": 1714713254.1483798,
    "ja": 1714713270.6921349,
    "ko": 1714713286.9958367,
    "pl": 1714713302.9753282,
    "pt-BR": 1714713318.7092233,
    "ru": 1714713334.4708862,
    "tr": 1714713350.2754161
}