{
    "en-US": 1719097950.9755085,
    "ar": 1719097967.447426,
    "de": 1719097983.6523256,
    "es-ES": 1719097999.559496,
    "es-MX": 1719098015.7906928,
    "fr": 1719098032.0523586,
    "it": 1719098047.259162,
    "ja": 1719098062.4857914,
    "ko": 1719098077.6753502,
    "pl": 1719098092.8544178,
    "pt-BR": 1719098108.0338645,
    "ru": 1719098123.2117622,
    "tr": 1719098138.3936088
}