{
    "en-US": 1722222923.3371265,
    "ar": 1722222938.50245,
    "de": 1722222953.6814835,
    "es-ES": 1722222968.8442082,
    "es-MX": 1722222984.035982,
    "fr": 1722222999.1970956,
    "it": 1722223014.3872771,
    "ja": 1722223029.551589,
    "ko": 1722223044.7203937,
    "pl": 1722223059.8929148,
    "pt-BR": 1722223075.0973632,
    "ru": 1722223090.2689188,
    "tr": 1722223105.4856443
}