{
    "en-US": 1721830500.829466,
    "ar": 1721830515.928382,
    "de": 1721830531.0515625,
    "es-ES": 1721830546.1539297,
    "es-MX": 1721830561.2686756,
    "fr": 1721830576.3845994,
    "it": 1721830591.49664,
    "ja": 1721830606.5875955,
    "ko": 1721830621.6992815,
    "pl": 1721830636.7993593,
    "pt-BR": 1721830651.9077485,
    "ru": 1721830667.0640664,
    "tr": 1721830682.1727612
}