{
    "en-US": 1717207217.3551164,
    "ar": 1717207233.2532306,
    "de": 1717207249.038351,
    "es-ES": 1717207264.5623333,
    "es-MX": 1717207280.7113717,
    "fr": 1717207296.6446376,
    "it": 1717207312.6294231,
    "ja": 1717207329.193493,
    "ko": 1717207345.5169063,
    "pl": 1717207361.409837,
    "pt-BR": 1717207377.2820916,
    "ru": 1717207392.9334161,
    "tr": 1717207409.0591714
}