{
    "en-US": 1721139303.15421,
    "ar": 1721139318.272031,
    "de": 1721139333.388128,
    "es-ES": 1721139348.4866767,
    "es-MX": 1721139363.603937,
    "fr": 1721139378.711664,
    "it": 1721139393.8696022,
    "ja": 1721139408.9688032,
    "ko": 1721139424.0790715,
    "pl": 1721139439.2082748,
    "pt-BR": 1721139454.3249521,
    "ru": 1721139469.418433,
    "tr": 1721139484.69369
}