{
    "en-US": 1721305510.1265247,
    "ar": 1721305525.297638,
    "de": 1721305540.4668221,
    "es-ES": 1721305555.638625,
    "es-MX": 1721305570.815666,
    "fr": 1721305585.9825873,
    "it": 1721305601.1573946,
    "ja": 1721305616.3124354,
    "ko": 1721305631.4729905,
    "pl": 1721305646.6341262,
    "pt-BR": 1721305661.8259044,
    "ru": 1721305676.9876962,
    "tr": 1721305692.1526916
}