{
    "en-US": 1714849905.1812034,
    "ar": 1714849921.2697768,
    "de": 1714849936.8268163,
    "es-ES": 1714849952.3795156,
    "es-MX": 1714849968.018296,
    "fr": 1714849983.670634,
    "it": 1714849999.284227,
    "ja": 1714850016.831562,
    "ko": 1714850033.842093,
    "pl": 1714850049.5373805,
    "pt-BR": 1714850064.9891343,
    "ru": 1714850080.727179,
    "tr": 1714850096.6514962
}