{
    "en-US": 1715933772.8998833,
    "ar": 1715933789.0872083,
    "de": 1715933804.8426416,
    "es-ES": 1715933820.3348494,
    "es-MX": 1715933836.078189,
    "fr": 1715933851.6302598,
    "it": 1715933867.3917525,
    "ja": 1715933884.4511368,
    "ko": 1715933901.4030778,
    "pl": 1715933917.1969426,
    "pt-BR": 1715933933.057374,
    "ru": 1715933948.6462314,
    "tr": 1715933964.466496
}