{
    "en-US": 1719551634.256548,
    "ar": 1719551649.4004107,
    "de": 1719551664.5288846,
    "es-ES": 1719551679.641258,
    "es-MX": 1719551694.758617,
    "fr": 1719551709.8709931,
    "it": 1719551725.0005715,
    "ja": 1719551740.1329238,
    "ko": 1719551755.2469363,
    "pl": 1719551770.3462129,
    "pt-BR": 1719551785.4920106,
    "ru": 1719551800.5928018,
    "tr": 1719551815.7130523
}