{
    "en-US": 1715987667.2992713,
    "ar": 1715987683.4135547,
    "de": 1715987699.161401,
    "es-ES": 1715987715.3958664,
    "es-MX": 1715987731.2044623,
    "fr": 1715987747.0031564,
    "it": 1715987762.8510802,
    "ja": 1715987780.176489,
    "ko": 1715987797.1006382,
    "pl": 1715987812.9146478,
    "pt-BR": 1715987828.7240603,
    "ru": 1715987844.6150181,
    "tr": 1715987860.2111812
}