{
    "en-US": 1718568810.3981898,
    "ar": 1718568826.6054797,
    "de": 1718568842.6903336,
    "es-ES": 1718568858.2138634,
    "es-MX": 1718568873.4090323,
    "fr": 1718568888.5754058,
    "it": 1718568903.75184,
    "ja": 1718568918.9171298,
    "ko": 1718568934.0848582,
    "pl": 1718568949.2649705,
    "pt-BR": 1718568964.4370115,
    "ru": 1718568979.5999088,
    "tr": 1718568994.7768223
}