{
    "en-US": 1720296822.2387414,
    "ar": 1720296837.4167302,
    "de": 1720296852.5943835,
    "es-ES": 1720296867.7654116,
    "es-MX": 1720296882.9546049,
    "fr": 1720296898.124621,
    "it": 1720296913.3246107,
    "ja": 1720296928.49024,
    "ko": 1720296943.6625097,
    "pl": 1720296958.8349154,
    "pt-BR": 1720296974.0109224,
    "ru": 1720296989.1801097,
    "tr": 1720297004.3661735
}