{
    "en-US": 1718464520.7528427,
    "ar": 1718464535.8887157,
    "de": 1718464551.0407414,
    "es-ES": 1718464566.1371534,
    "es-MX": 1718464581.2509892,
    "fr": 1718464596.3498166,
    "it": 1718464611.4578907,
    "ja": 1718464626.5656004,
    "ko": 1718464641.6966646,
    "pl": 1718464656.7913744,
    "pt-BR": 1718464671.8936708,
    "ru": 1718464686.990515,
    "tr": 1718464702.1143777
}