{
    "en-US": 1721247289.0059404,
    "ar": 1721247304.1223,
    "de": 1721247319.272884,
    "es-ES": 1721247334.3799517,
    "es-MX": 1721247349.5082538,
    "fr": 1721247364.6428287,
    "it": 1721247379.773785,
    "ja": 1721247394.8872545,
    "ko": 1721247410.0030482,
    "pl": 1721247425.1054282,
    "pt-BR": 1721247440.2392175,
    "ru": 1721247455.3618307,
    "tr": 1721247470.5100338
}