{
    "en-US": 1716131563.7127717,
    "ar": 1716131579.9398592,
    "de": 1716131595.7729087,
    "es-ES": 1716131611.3871336,
    "es-MX": 1716131627.1434934,
    "fr": 1716131642.8265407,
    "it": 1716131658.4913983,
    "ja": 1716131675.8210495,
    "ko": 1716131692.7630036,
    "pl": 1716131708.421442,
    "pt-BR": 1716131723.8559234,
    "ru": 1716131739.377839,
    "tr": 1716131755.089281
}