{
    "en-US": 1714673733.4575498,
    "ar": 1714673749.8449416,
    "de": 1714673765.9346209,
    "es-ES": 1714673781.671492,
    "es-MX": 1714673797.5759063,
    "fr": 1714673813.402617,
    "it": 1714673829.1482315,
    "ja": 1714673846.1833954,
    "ko": 1714673863.3252437,
    "pl": 1714673879.2024348,
    "pt-BR": 1714673895.1382208,
    "ru": 1714673911.1064816,
    "tr": 1714673927.0701563
}