{
    "en-US": 1718205274.7312121,
    "ar": 1718205289.9079175,
    "de": 1718205305.0314913,
    "es-ES": 1718205320.1512687,
    "es-MX": 1718205335.2724624,
    "fr": 1718205350.3849673,
    "it": 1718205365.5462103,
    "ja": 1718205380.6856828,
    "ko": 1718205395.8385532,
    "pl": 1718205410.961614,
    "pt-BR": 1718205426.0766647,
    "ru": 1718205441.1987224,
    "tr": 1718205456.3128343
}