{
    "en-US": 1714179006.4064453,
    "ar": 1714179022.6387293,
    "de": 1714179038.3354654,
    "es-ES": 1714179054.0097597,
    "es-MX": 1714179069.7783515,
    "fr": 1714179085.5296512,
    "it": 1714179101.280331,
    "ja": 1714179119.0188062,
    "ko": 1714179136.266807,
    "pl": 1714179152.4940312,
    "pt-BR": 1714179168.2387476,
    "ru": 1714179184.021446,
    "tr": 1714179199.805942
}