{
    "en-US": 1715850811.3894303,
    "ar": 1715850827.4531393,
    "de": 1715850843.1769972,
    "es-ES": 1715850858.8455026,
    "es-MX": 1715850874.5861967,
    "fr": 1715850890.3974917,
    "it": 1715850906.1547806,
    "ja": 1715850922.4527934,
    "ko": 1715850938.6391091,
    "pl": 1715850954.3939254,
    "pt-BR": 1715850970.1297812,
    "ru": 1715850985.6968417,
    "tr": 1715851001.5309343
}