{
    "en-US": 1717938823.4478633,
    "ar": 1717938839.6242287,
    "de": 1717938855.4615843,
    "es-ES": 1717938870.6477387,
    "es-MX": 1717938885.8237047,
    "fr": 1717938900.990137,
    "it": 1717938916.1708276,
    "ja": 1717938931.3343527,
    "ko": 1717938946.5219746,
    "pl": 1717938961.696713,
    "pt-BR": 1717938976.8756273,
    "ru": 1717938992.0393362,
    "tr": 1717939007.2109525
}