{
    "en-US": 1715768098.0335565,
    "ar": 1715768114.2654219,
    "de": 1715768130.003345,
    "es-ES": 1715768145.793546,
    "es-MX": 1715768161.6360679,
    "fr": 1715768177.2141147,
    "it": 1715768193.0835533,
    "ja": 1715768210.624182,
    "ko": 1715768227.6201673,
    "pl": 1715768243.4653206,
    "pt-BR": 1715768259.27934,
    "ru": 1715768275.1532447,
    "tr": 1715768291.2121432
}