{
    "en-US": 1718378147.865107,
    "ar": 1718378164.1747804,
    "de": 1718378179.8558512,
    "es-ES": 1718378195.2739723,
    "es-MX": 1718378210.4606082,
    "fr": 1718378225.6545138,
    "it": 1718378240.7928002,
    "ja": 1718378255.9278083,
    "ko": 1718378271.0837803,
    "pl": 1718378286.2186654,
    "pt-BR": 1718378301.392953,
    "ru": 1718378316.5102668,
    "tr": 1718378331.635978
}