{
    "en-US": 1718867581.4189484,
    "ar": 1718867597.6211524,
    "de": 1718867613.4274952,
    "es-ES": 1718867628.6194544,
    "es-MX": 1718867643.7872732,
    "fr": 1718867658.9513316,
    "it": 1718867674.1287699,
    "ja": 1718867689.3009079,
    "ko": 1718867704.4768353,
    "pl": 1718867719.63941,
    "pt-BR": 1718867734.8149557,
    "ru": 1718867749.9869025,
    "tr": 1718867765.1562443
}