{
    "en-US": 1717125341.236201,
    "ar": 1717125357.4745717,
    "de": 1717125373.111726,
    "es-ES": 1717125388.7947662,
    "es-MX": 1717125404.5546763,
    "fr": 1717125420.2944891,
    "it": 1717125436.165836,
    "ja": 1717125453.4821103,
    "ko": 1717125470.6078293,
    "pl": 1717125486.3572793,
    "pt-BR": 1717125502.2726824,
    "ru": 1717125517.8062615,
    "tr": 1717125533.8274522
}