{
    "en-US": 1721978029.886658,
    "ar": 1721978045.0700939,
    "de": 1721978060.2378688,
    "es-ES": 1721978075.3985238,
    "es-MX": 1721978090.5880423,
    "fr": 1721978105.7414103,
    "it": 1721978120.906487,
    "ja": 1721978136.0757935,
    "ko": 1721978151.2421494,
    "pl": 1721978166.3976796,
    "pt-BR": 1721978181.5750878,
    "ru": 1721978196.7340355,
    "tr": 1721978211.9104424
}