{
    "en-US": 1714720366.8315322,
    "ar": 1714720383.0076334,
    "de": 1714720398.5364225,
    "es-ES": 1714720413.9298642,
    "es-MX": 1714720429.5375597,
    "fr": 1714720444.9163902,
    "it": 1714720460.4902382,
    "ja": 1714720479.542524,
    "ko": 1714720497.5967495,
    "pl": 1714720512.9937778,
    "pt-BR": 1714720528.5703223,
    "ru": 1714720544.4356074,
    "tr": 1714720560.101565
}