{
    "en-US": 1719670436.057966,
    "ar": 1719670451.171204,
    "de": 1719670466.2887,
    "es-ES": 1719670481.3877528,
    "es-MX": 1719670496.515348,
    "fr": 1719670511.612125,
    "it": 1719670526.756416,
    "ja": 1719670541.8593013,
    "ko": 1719670556.987565,
    "pl": 1719670572.0962424,
    "pt-BR": 1719670587.2093706,
    "ru": 1719670602.3108082,
    "tr": 1719670617.4406729
}