{
    "en-US": 1721395019.879871,
    "ar": 1721395035.0568733,
    "de": 1721395050.2248657,
    "es-ES": 1721395065.3841372,
    "es-MX": 1721395080.5721228,
    "fr": 1721395095.7300467,
    "it": 1721395110.8914607,
    "ja": 1721395126.0487316,
    "ko": 1721395141.2128553,
    "pl": 1721395156.368602,
    "pt-BR": 1721395171.5591078,
    "ru": 1721395186.7129447,
    "tr": 1721395201.8746488
}