{
    "en-US": 1721765684.8470545,
    "ar": 1721765700.010936,
    "de": 1721765715.1967852,
    "es-ES": 1721765730.3586555,
    "es-MX": 1721765745.537325,
    "fr": 1721765760.6869934,
    "it": 1721765775.8571017,
    "ja": 1721765791.0068123,
    "ko": 1721765806.16072,
    "pl": 1721765821.3123775,
    "pt-BR": 1721765836.5030417,
    "ru": 1721765851.6503787,
    "tr": 1721765866.8073325
}