{
    "en-US": 1716362117.9299216,
    "ar": 1716362134.1577852,
    "de": 1716362149.795364,
    "es-ES": 1716362165.382784,
    "es-MX": 1716362181.03328,
    "fr": 1716362196.7296205,
    "it": 1716362212.3808897,
    "ja": 1716362230.1298602,
    "ko": 1716362247.176159,
    "pl": 1716362262.6163247,
    "pt-BR": 1716362278.264003,
    "ru": 1716362294.0335867,
    "tr": 1716362309.7814949
}