{
    "en-US": 1714783824.2831094,
    "ar": 1714783840.5111918,
    "de": 1714783856.168195,
    "es-ES": 1714783871.9533029,
    "es-MX": 1714783887.8440132,
    "fr": 1714783903.6050124,
    "it": 1714783919.317131,
    "ja": 1714783936.764847,
    "ko": 1714783953.7074592,
    "pl": 1714783969.4869127,
    "pt-BR": 1714783985.2975898,
    "ru": 1714784001.2132194,
    "tr": 1714784017.0699458
}