{
    "en-US": 1719357210.772346,
    "ar": 1719357225.8899567,
    "de": 1719357241.020188,
    "es-ES": 1719357256.1220264,
    "es-MX": 1719357271.2593503,
    "fr": 1719357286.3617063,
    "it": 1719357301.5109801,
    "ja": 1719357316.6301992,
    "ko": 1719357331.7523818,
    "pl": 1719357346.8577173,
    "pt-BR": 1719357362.0229824,
    "ru": 1719357377.128086,
    "tr": 1719357392.2706254
}