{
    "en-US": 1721646714.7719,
    "ar": 1721646729.9258955,
    "de": 1721646745.088293,
    "es-ES": 1721646760.245376,
    "es-MX": 1721646775.4244633,
    "fr": 1721646790.5757968,
    "it": 1721646805.7368822,
    "ja": 1721646820.8879604,
    "ko": 1721646836.045225,
    "pl": 1721646851.2007887,
    "pt-BR": 1721646866.3956404,
    "ru": 1721646881.5527883,
    "tr": 1721646896.711841
}