{
    "en-US": 1715919368.6539605,
    "ar": 1715919384.717258,
    "de": 1715919400.4279351,
    "es-ES": 1715919416.106945,
    "es-MX": 1715919431.8732603,
    "fr": 1715919447.6184754,
    "it": 1715919463.3388276,
    "ja": 1715919480.7523775,
    "ko": 1715919497.7067516,
    "pl": 1715919513.4705606,
    "pt-BR": 1715919529.1902745,
    "ru": 1715919544.957354,
    "tr": 1715919560.7568364
}