{
    "en-US": 1717859638.1647372,
    "ar": 1717859653.325271,
    "de": 1717859668.442722,
    "es-ES": 1717859683.5411232,
    "es-MX": 1717859699.6723049,
    "fr": 1717859714.8010187,
    "it": 1717859729.9203863,
    "ja": 1717859745.0171084,
    "ko": 1717859760.1363728,
    "pl": 1717859775.2426589,
    "pt-BR": 1717859790.3972435,
    "ru": 1717859805.5008395,
    "tr": 1717859820.6311817
}