{
    "en-US": 1720124065.778958,
    "ar": 1720124080.8979764,
    "de": 1720124096.0243835,
    "es-ES": 1720124111.1330752,
    "es-MX": 1720124126.2799957,
    "fr": 1720124141.400537,
    "it": 1720124156.5291626,
    "ja": 1720124171.6355987,
    "ko": 1720124186.7462468,
    "pl": 1720124201.8560684,
    "pt-BR": 1720124217.0099247,
    "ru": 1720124232.1159456,
    "tr": 1720124247.2365994
}