{
    "en-US": 1716113547.5328124,
    "ar": 1716113563.290267,
    "de": 1716113578.8625124,
    "es-ES": 1716113594.2114632,
    "es-MX": 1716113609.8739047,
    "fr": 1716113625.2624483,
    "it": 1716113640.8831506,
    "ja": 1716113658.6328292,
    "ko": 1716113675.3310323,
    "pl": 1716113690.9953399,
    "pt-BR": 1716113706.655511,
    "ru": 1716113722.1628723,
    "tr": 1716113737.9710982
}