{
    "en-US": 1721049504.9662845,
    "ar": 1721049520.1296172,
    "de": 1721049535.3009753,
    "es-ES": 1721049550.4698439,
    "es-MX": 1721049565.6456888,
    "fr": 1721049580.8115542,
    "it": 1721049595.9979658,
    "ja": 1721049611.1485496,
    "ko": 1721049626.3257167,
    "pl": 1721049641.4788296,
    "pt-BR": 1721049656.6544783,
    "ru": 1721049671.814469,
    "tr": 1721049686.9900823
}