{
    "en-US": 1718457266.3487883,
    "ar": 1718457282.456401,
    "de": 1718457298.442704,
    "es-ES": 1718457314.195194,
    "es-MX": 1718457329.3269918,
    "fr": 1718457344.4331467,
    "it": 1718457359.5528653,
    "ja": 1718457374.6525202,
    "ko": 1718457389.7589412,
    "pl": 1718457404.8734918,
    "pt-BR": 1718457420.0119228,
    "ru": 1718457435.1107469,
    "tr": 1718457450.2137833
}