{
    "en-US": 1715656507.9542706,
    "ar": 1715656523.1632273,
    "de": 1715656538.3091338,
    "es-ES": 1715656553.4472744,
    "es-MX": 1715656568.595244,
    "fr": 1715656583.7200012,
    "it": 1715656598.857725,
    "ja": 1715656614.0071986,
    "ko": 1715656629.1424708,
    "pl": 1715656644.258248,
    "pt-BR": 1715656659.3903196,
    "ru": 1715656674.5072005,
    "tr": 1715656689.6260297
}