{
    "en-US": 1714770660.7888658,
    "ar": 1714770676.9699004,
    "de": 1714770692.961248,
    "es-ES": 1714770708.8410711,
    "es-MX": 1714770724.7133389,
    "fr": 1714770740.6417906,
    "it": 1714770756.5012257,
    "ja": 1714770774.489247,
    "ko": 1714770791.983703,
    "pl": 1714770807.8370068,
    "pt-BR": 1714770823.6444259,
    "ru": 1714770839.7764845,
    "tr": 1714770855.9308667
}