{
    "en-US": 1716272296.2316883,
    "ar": 1716272312.41028,
    "de": 1716272328.0402348,
    "es-ES": 1716272343.6441565,
    "es-MX": 1716272359.3229563,
    "fr": 1716272374.7278504,
    "it": 1716272390.3428962,
    "ja": 1716272407.8256578,
    "ko": 1716272424.7391973,
    "pl": 1716272440.1385674,
    "pt-BR": 1716272455.777739,
    "ru": 1716272471.2714942,
    "tr": 1716272487.019311
}