{
    "en-US": 1718435650.928902,
    "ar": 1718435667.1876216,
    "de": 1718435682.9890046,
    "es-ES": 1718435698.190951,
    "es-MX": 1718435713.4014454,
    "fr": 1718435728.578576,
    "it": 1718435743.771911,
    "ja": 1718435758.939779,
    "ko": 1718435774.1300437,
    "pl": 1718435789.2979403,
    "pt-BR": 1718435804.4793754,
    "ru": 1718435819.6486607,
    "tr": 1718435834.8289118
}