{
    "en-US": 1718737895.301592,
    "ar": 1718737911.9018486,
    "de": 1718737927.7213106,
    "es-ES": 1718737943.5615766,
    "es-MX": 1718737958.712234,
    "fr": 1718737973.9078414,
    "it": 1718737989.0314336,
    "ja": 1718738004.161116,
    "ko": 1718738019.274287,
    "pl": 1718738034.4128695,
    "pt-BR": 1718738049.5384948,
    "ru": 1718738064.654524,
    "tr": 1718738079.7817247
}