{
    "en-US": 1719505065.4496686,
    "ar": 1719505080.6323564,
    "de": 1719505095.8091738,
    "es-ES": 1719505110.9779267,
    "es-MX": 1719505126.1744792,
    "fr": 1719505141.3363533,
    "it": 1719505156.5423126,
    "ja": 1719505171.720195,
    "ko": 1719505186.8939757,
    "pl": 1719505202.067898,
    "pt-BR": 1719505217.2419333,
    "ru": 1719505232.3961062,
    "tr": 1719505247.5889876
}