{
    "en-US": 1718176403.3578634,
    "ar": 1718176418.4966857,
    "de": 1718176433.6556354,
    "es-ES": 1718176448.756139,
    "es-MX": 1718176463.8702862,
    "fr": 1718176478.9713264,
    "it": 1718176494.1140828,
    "ja": 1718176509.2177527,
    "ko": 1718176524.316735,
    "pl": 1718176539.4156373,
    "pt-BR": 1718176554.5388412,
    "ru": 1718176569.6429927,
    "tr": 1718176584.7687137
}