{
    "en-US": 1716275585.8271382,
    "ar": 1716275601.997283,
    "de": 1716275617.7856476,
    "es-ES": 1716275633.2650154,
    "es-MX": 1716275649.1455956,
    "fr": 1716275664.9506977,
    "it": 1716275680.8944063,
    "ja": 1716275698.2206047,
    "ko": 1716275715.150131,
    "pl": 1716275730.7325225,
    "pt-BR": 1716275746.601052,
    "ru": 1716275762.2215981,
    "tr": 1716275778.0473108
}