{
    "en-US": 1716041522.2576404,
    "ar": 1716041538.202978,
    "de": 1716041553.953189,
    "es-ES": 1716041569.845141,
    "es-MX": 1716041585.6938586,
    "fr": 1716041601.4998267,
    "it": 1716041617.2713196,
    "ja": 1716041634.205854,
    "ko": 1716041650.9751296,
    "pl": 1716041666.8198066,
    "pt-BR": 1716041682.7690535,
    "ru": 1716041698.6687524,
    "tr": 1716041714.5865185
}