{
    "en-US": 1720775733.6619854,
    "ar": 1720775748.7618475,
    "de": 1720775763.866852,
    "es-ES": 1720775778.954135,
    "es-MX": 1720775794.082015,
    "fr": 1720775809.1847115,
    "it": 1720775824.2780197,
    "ja": 1720775839.4029965,
    "ko": 1720775854.4918683,
    "pl": 1720775869.5887709,
    "pt-BR": 1720775884.6886158,
    "ru": 1720775899.783835,
    "tr": 1720775914.888208
}