{
    "en-US": 1713845681.3185666,
    "ar": 1713845697.5897033,
    "de": 1713845713.275804,
    "es-ES": 1713845728.9112341,
    "es-MX": 1713845744.618303,
    "fr": 1713845760.323741,
    "it": 1713845776.0508857,
    "ja": 1713845792.5272162,
    "ko": 1713845808.792251,
    "pl": 1713845835.7895424,
    "pt-BR": 1713845851.328982,
    "ru": 1713845867.0520403,
    "tr": 1713845882.9310107
}