{
    "en-US": 1721905980.20091,
    "ar": 1721905995.2996883,
    "de": 1721906010.3983161,
    "es-ES": 1721906025.484961,
    "es-MX": 1721906040.599234,
    "fr": 1721906055.7036707,
    "it": 1721906070.819389,
    "ja": 1721906085.9133224,
    "ko": 1721906101.0098321,
    "pl": 1721906116.0961812,
    "pt-BR": 1721906131.2365296,
    "ru": 1721906146.325796,
    "tr": 1721906161.4551306
}