{
    "en-US": 1717449264.5983825,
    "ar": 1717449280.7806225,
    "de": 1717449296.6531973,
    "es-ES": 1717449312.7136557,
    "es-MX": 1717449328.349685,
    "fr": 1717449344.375217,
    "it": 1717449360.2397683,
    "ja": 1717449378.0066955,
    "ko": 1717449395.033473,
    "pl": 1717449411.0199127,
    "pt-BR": 1717449427.016814,
    "ru": 1717449443.1807272,
    "tr": 1717449459.2751186
}