{
    "en-US": 1720787111.6181622,
    "ar": 1720787126.76472,
    "de": 1720787141.9217398,
    "es-ES": 1720787157.0591707,
    "es-MX": 1720787172.2302446,
    "fr": 1720787187.3668172,
    "it": 1720787202.5160344,
    "ja": 1720787217.6585855,
    "ko": 1720787232.805564,
    "pl": 1720787247.9449933,
    "pt-BR": 1720787263.1137002,
    "ru": 1720787278.2528644,
    "tr": 1720787293.3936229
}