{
    "en-US": 1718627065.0427651,
    "ar": 1718627082.7263541,
    "de": 1718627097.8554134,
    "es-ES": 1718627113.012747,
    "es-MX": 1718627128.134881,
    "fr": 1718627143.2295592,
    "it": 1718627158.345222,
    "ja": 1718627173.4840558,
    "ko": 1718627188.5834396,
    "pl": 1718627203.6814663,
    "pt-BR": 1718627218.77997,
    "ru": 1718627233.8929017,
    "tr": 1718627248.999595
}