{
    "en-US": 1721164503.309588,
    "ar": 1721164518.4090586,
    "de": 1721164533.5065472,
    "es-ES": 1721164548.6077948,
    "es-MX": 1721164563.849304,
    "fr": 1721164578.9431882,
    "it": 1721164594.0732186,
    "ja": 1721164609.1877954,
    "ko": 1721164624.2890553,
    "pl": 1721164639.3749855,
    "pt-BR": 1721164654.4766448,
    "ru": 1721164669.5654519,
    "tr": 1721164684.684722
}