{
    "en-US": 1722230150.6158462,
    "ar": 1722230165.7157362,
    "de": 1722230180.8254452,
    "es-ES": 1722230195.9121902,
    "es-MX": 1722230211.0202634,
    "fr": 1722230226.1131997,
    "it": 1722230241.2286074,
    "ja": 1722230256.3215506,
    "ko": 1722230271.419261,
    "pl": 1722230286.5042245,
    "pt-BR": 1722230301.606431,
    "ru": 1722230316.7021325,
    "tr": 1722230331.8099468
}