{
    "en-US": 1716333273.9855442,
    "ar": 1716333290.1335506,
    "de": 1716333305.7779336,
    "es-ES": 1716333321.3911428,
    "es-MX": 1716333337.2029643,
    "fr": 1716333352.6126518,
    "it": 1716333368.4012797,
    "ja": 1716333387.2348394,
    "ko": 1716333404.5042195,
    "pl": 1716333419.9106166,
    "pt-BR": 1716333435.6054046,
    "ru": 1716333451.491303,
    "tr": 1716333467.3355608
}