{
    "en-US": 1713741158.6650596,
    "ar": 1713741174.9020383,
    "de": 1713741190.5386775,
    "es-ES": 1713741206.2766368,
    "es-MX": 1713741221.8088892,
    "fr": 1713741237.5175085,
    "it": 1713741253.4854746,
    "ja": 1713741271.7697875,
    "ko": 1713741288.7694094,
    "pl": 1713741304.4951499,
    "pt-BR": 1713741320.4749625,
    "ru": 1713741336.5153663,
    "tr": 1713741352.264274
}