{
    "en-US": 1719890101.0863626,
    "ar": 1719890116.2753015,
    "de": 1719890131.4592187,
    "es-ES": 1719890146.6348772,
    "es-MX": 1719890161.8066716,
    "fr": 1719890176.9879463,
    "it": 1719890192.2039523,
    "ja": 1719890207.3737292,
    "ko": 1719890222.5600502,
    "pl": 1719890237.7380042,
    "pt-BR": 1719890252.9216354,
    "ru": 1719890268.0846891,
    "tr": 1719890283.312053
}