{
    "en-US": 1717136251.9680882,
    "ar": 1717136268.0046291,
    "de": 1717136283.7508044,
    "es-ES": 1717136299.2616885,
    "es-MX": 1717136315.1634,
    "fr": 1717136330.9575858,
    "it": 1717136346.8444781,
    "ja": 1717136364.2398922,
    "ko": 1717136381.1654677,
    "pl": 1717136397.0737212,
    "pt-BR": 1717136412.9947438,
    "ru": 1717136428.9273336,
    "tr": 1717136444.9065683
}