{
    "en-US": 1719764138.787999,
    "ar": 1719764153.9664788,
    "de": 1719764169.152954,
    "es-ES": 1719764184.319856,
    "es-MX": 1719764199.5020068,
    "fr": 1719764214.670124,
    "it": 1719764229.8737411,
    "ja": 1719764245.038796,
    "ko": 1719764260.213948,
    "pl": 1719764275.3803225,
    "pt-BR": 1719764290.5604079,
    "ru": 1719764305.7289152,
    "tr": 1719764320.922336
}