{
    "en-US": 1715308185.5379386,
    "ar": 1715308201.8235283,
    "de": 1715308217.4721138,
    "es-ES": 1715308232.8389533,
    "es-MX": 1715308248.496335,
    "fr": 1715308264.1364179,
    "it": 1715308279.7570796,
    "ja": 1715308298.3273597,
    "ko": 1715308315.8201408,
    "pl": 1715308331.484462,
    "pt-BR": 1715308347.1375172,
    "ru": 1715308363.0474706,
    "tr": 1715308378.871325
}