{
    "en-US": 1713762782.2912588,
    "ar": 1713762798.320711,
    "de": 1713762813.8236704,
    "es-ES": 1713762829.3126218,
    "es-MX": 1713762844.856508,
    "fr": 1713762860.4036264,
    "it": 1713762875.9577172,
    "ja": 1713762893.8784676,
    "ko": 1713762910.8067484,
    "pl": 1713762926.4344711,
    "pt-BR": 1713762941.9887977,
    "ru": 1713762957.6673987,
    "tr": 1713762973.298709
}