{
    "en-US": 1718540508.427405,
    "ar": 1718540524.6568968,
    "de": 1718540540.76419,
    "es-ES": 1718540555.9585438,
    "es-MX": 1718540571.1651952,
    "fr": 1718540586.3461115,
    "it": 1718540601.522463,
    "ja": 1718540616.6857498,
    "ko": 1718540631.8695867,
    "pl": 1718540647.0257838,
    "pt-BR": 1718540662.2056065,
    "ru": 1718540677.3606997,
    "tr": 1718540692.5308187
}