{
    "en-US": 1715296352.534365,
    "ar": 1715296367.7024457,
    "de": 1715296382.8333538,
    "es-ES": 1715296398.7106206,
    "es-MX": 1715296414.3325126,
    "fr": 1715296429.927541,
    "it": 1715296445.5122542,
    "ja": 1715296463.270133,
    "ko": 1715296478.451928,
    "pl": 1715296493.5582283,
    "pt-BR": 1715296508.6747627,
    "ru": 1715296524.691128,
    "tr": 1715296540.3846984
}