{
    "en-US": 1721024450.0563345,
    "ar": 1721024465.285205,
    "de": 1721024480.524362,
    "es-ES": 1721024495.7409246,
    "es-MX": 1721024510.9285364,
    "fr": 1721024526.0903234,
    "it": 1721024541.277878,
    "ja": 1721024556.4424121,
    "ko": 1721024571.6173759,
    "pl": 1721024586.802672,
    "pt-BR": 1721024601.9935393,
    "ru": 1721024617.1732507,
    "tr": 1721024632.36596
}