{
    "en-US": 1721233049.2268705,
    "ar": 1721233064.3477437,
    "de": 1721233079.5415852,
    "es-ES": 1721233094.6458507,
    "es-MX": 1721233109.7877252,
    "fr": 1721233124.8894434,
    "it": 1721233140.0162017,
    "ja": 1721233155.1240473,
    "ko": 1721233170.2303457,
    "pl": 1721233185.3518794,
    "pt-BR": 1721233200.5138884,
    "ru": 1721233215.6220272,
    "tr": 1721233230.7368333
}