{
    "en-US": 1717478200.1033814,
    "ar": 1717478216.1218946,
    "de": 1717478231.6992,
    "es-ES": 1717478247.2906666,
    "es-MX": 1717478263.065253,
    "fr": 1717478278.556458,
    "it": 1717478294.2643795,
    "ja": 1717478311.1540155,
    "ko": 1717478328.3949804,
    "pl": 1717478344.1931994,
    "pt-BR": 1717478359.9264653,
    "ru": 1717478375.707655,
    "tr": 1717478391.464223
}