{
    "en-US": 1717813798.384424,
    "ar": 1717813814.6791663,
    "de": 1717813830.5125024,
    "es-ES": 1717813845.7038486,
    "es-MX": 1717813860.880935,
    "fr": 1717813876.0610578,
    "it": 1717813891.2618477,
    "ja": 1717813906.553233,
    "ko": 1717813921.7266657,
    "pl": 1717813936.8983886,
    "pt-BR": 1717813952.0877419,
    "ru": 1717813967.2768111,
    "tr": 1717813982.4562733
}