{
    "en-US": 1716300755.670241,
    "ar": 1716300771.6298428,
    "de": 1716300787.4657502,
    "es-ES": 1716300803.2882853,
    "es-MX": 1716300819.1502635,
    "fr": 1716300834.7002506,
    "it": 1716300851.1430347,
    "ja": 1716300868.985884,
    "ko": 1716300886.2637303,
    "pl": 1716300902.208826,
    "pt-BR": 1716300918.0027106,
    "ru": 1716300934.265632,
    "tr": 1716300950.1735861
}