{
    "en-US": 1719180766.1484916,
    "ar": 1719180782.1316857,
    "de": 1719180798.123342,
    "es-ES": 1719180813.2494838,
    "es-MX": 1719180828.3990731,
    "fr": 1719180843.523449,
    "it": 1719180858.6514463,
    "ja": 1719180873.7801433,
    "ko": 1719180888.92707,
    "pl": 1719180904.0445323,
    "pt-BR": 1719180919.1726267,
    "ru": 1719180934.289515,
    "tr": 1719180949.4054806
}