{
    "en-US": 1718133151.8977852,
    "ar": 1718133168.3881845,
    "de": 1718133184.4150813,
    "es-ES": 1718133199.6243827,
    "es-MX": 1718133214.8315434,
    "fr": 1718133230.015907,
    "it": 1718133245.2113922,
    "ja": 1718133260.3891468,
    "ko": 1718133275.6082373,
    "pl": 1718133290.784729,
    "pt-BR": 1718133305.9837782,
    "ru": 1718133321.152233,
    "tr": 1718133336.350029
}