{
    "en-US": 1716329505.871401,
    "ar": 1716329522.0437202,
    "de": 1716329537.8495536,
    "es-ES": 1716329553.4141607,
    "es-MX": 1716329569.0284996,
    "fr": 1716329584.6080618,
    "it": 1716329600.5818706,
    "ja": 1716329618.592309,
    "ko": 1716329634.8951035,
    "pl": 1716329650.533309,
    "pt-BR": 1716329666.7028725,
    "ru": 1716329682.6187317,
    "tr": 1716329698.977321
}