{
    "en-US": 1717265798.9176278,
    "ar": 1717265814.8420405,
    "de": 1717265830.3842995,
    "es-ES": 1717265846.2493927,
    "es-MX": 1717265862.1358109,
    "fr": 1717265878.060629,
    "it": 1717265894.0099413,
    "ja": 1717265911.2284198,
    "ko": 1717265927.9144146,
    "pl": 1717265944.1541848,
    "pt-BR": 1717265960.3797388,
    "ru": 1717265976.392949,
    "tr": 1717265992.5171614
}