{
    "en-US": 1715046935.5468583,
    "ar": 1715046951.5933118,
    "de": 1715046967.1674159,
    "es-ES": 1715046982.5385637,
    "es-MX": 1715046998.167322,
    "fr": 1715047013.7805681,
    "it": 1715047029.4499164,
    "ja": 1715047047.095798,
    "ko": 1715047064.4415538,
    "pl": 1715047080.211282,
    "pt-BR": 1715047095.8964305,
    "ru": 1715047111.6812346,
    "tr": 1715047127.4352555
}