{
    "en-US": 1716675161.452965,
    "ar": 1716675177.4076405,
    "de": 1716675193.0879734,
    "es-ES": 1716675208.7628973,
    "es-MX": 1716675224.6334424,
    "fr": 1716675240.2439823,
    "it": 1716675256.045976,
    "ja": 1716675273.7274137,
    "ko": 1716675290.6532192,
    "pl": 1716675306.4756227,
    "pt-BR": 1716675322.323777,
    "ru": 1716675337.9538882,
    "tr": 1716675353.8318634
}