{
    "en-US": 1714472014.021201,
    "ar": 1714472030.0805848,
    "de": 1714472045.7098212,
    "es-ES": 1714472061.3075113,
    "es-MX": 1714472076.994481,
    "fr": 1714472092.5335803,
    "it": 1714472108.222709,
    "ja": 1714472124.8204415,
    "ko": 1714472141.0775325,
    "pl": 1714472156.808936,
    "pt-BR": 1714472172.5510454,
    "ru": 1714472188.2644622,
    "tr": 1714472204.0192368
}