{
    "en-US": 1720818896.5246067,
    "ar": 1720818911.7503672,
    "de": 1720818926.8668916,
    "es-ES": 1720818941.9843378,
    "es-MX": 1720818957.141007,
    "fr": 1720818972.2567053,
    "it": 1720818987.3704488,
    "ja": 1720819002.4738853,
    "ko": 1720819017.58537,
    "pl": 1720819032.6809537,
    "pt-BR": 1720819047.8108256,
    "ru": 1720819062.8976223,
    "tr": 1720819078.0051553
}