{
    "en-US": 1717462521.9162421,
    "ar": 1717462540.082447,
    "de": 1717462555.6658547,
    "es-ES": 1717462571.3642747,
    "es-MX": 1717462587.3489099,
    "fr": 1717462603.137316,
    "it": 1717462619.050356,
    "ja": 1717462636.6689606,
    "ko": 1717462653.8739765,
    "pl": 1717462669.379086,
    "pt-BR": 1717462684.8752563,
    "ru": 1717462701.059957,
    "tr": 1717462716.9302006
}