{
    "en-US": 1719756768.9845054,
    "ar": 1719756784.1604283,
    "de": 1719756799.3341198,
    "es-ES": 1719756814.5013537,
    "es-MX": 1719756829.6839786,
    "fr": 1719756844.8456612,
    "it": 1719756860.0987413,
    "ja": 1719756875.257136,
    "ko": 1719756890.4313183,
    "pl": 1719756905.6058779,
    "pt-BR": 1719756920.7891335,
    "ru": 1719756935.9570115,
    "tr": 1719756951.1542058
}