{
    "en-US": 1720678755.9892464,
    "ar": 1720678771.0866158,
    "de": 1720678786.1813128,
    "es-ES": 1720678801.2718103,
    "es-MX": 1720678816.3945453,
    "fr": 1720678831.4871936,
    "it": 1720678846.5983007,
    "ja": 1720678861.694753,
    "ko": 1720678876.7821198,
    "pl": 1720678891.866096,
    "pt-BR": 1720678906.9822402,
    "ru": 1720678922.0887046,
    "tr": 1720678937.1806443
}