{
    "en-US": 1719455681.309378,
    "ar": 1719455696.4287798,
    "de": 1719455711.5631847,
    "es-ES": 1719455726.6893547,
    "es-MX": 1719455741.8547897,
    "fr": 1719455757.0015135,
    "it": 1719455772.1786158,
    "ja": 1719455787.2907233,
    "ko": 1719455802.4364293,
    "pl": 1719455817.5631588,
    "pt-BR": 1719455832.7294981,
    "ru": 1719455847.8425636,
    "tr": 1719455862.9997144
}