{
    "en-US": 1719472436.4649231,
    "ar": 1719472451.5848932,
    "de": 1719472466.699675,
    "es-ES": 1719472481.8041303,
    "es-MX": 1719472496.9339259,
    "fr": 1719472512.059781,
    "it": 1719472527.1850586,
    "ja": 1719472542.2861233,
    "ko": 1719472557.4128435,
    "pl": 1719472572.5199249,
    "pt-BR": 1719472587.6515837,
    "ru": 1719472602.778183,
    "tr": 1719472617.9032903
}