{
    "en-US": 1720009422.4259603,
    "ar": 1720009437.6058369,
    "de": 1720009452.8441293,
    "es-ES": 1720009468.0066123,
    "es-MX": 1720009483.251217,
    "fr": 1720009498.4171538,
    "it": 1720009513.5941093,
    "ja": 1720009528.7697186,
    "ko": 1720009543.9318535,
    "pl": 1720009559.0915937,
    "pt-BR": 1720009574.287306,
    "ru": 1720009589.4484444,
    "tr": 1720009604.6168532
}