{
    "en-US": 1714677021.0169156,
    "ar": 1714677037.158016,
    "de": 1714677052.8369029,
    "es-ES": 1714677068.2328553,
    "es-MX": 1714677083.6154447,
    "fr": 1714677099.4271245,
    "it": 1714677115.3248634,
    "ja": 1714677133.456036,
    "ko": 1714677150.7671943,
    "pl": 1714677166.5403683,
    "pt-BR": 1714677182.282635,
    "ru": 1714677198.1393864,
    "tr": 1714677214.0319302
}