{
    "en-US": 1721067496.3474715,
    "ar": 1721067511.5119553,
    "de": 1721067526.691521,
    "es-ES": 1721067541.854613,
    "es-MX": 1721067557.055289,
    "fr": 1721067572.21353,
    "it": 1721067587.3868937,
    "ja": 1721067602.5560396,
    "ko": 1721067617.7142963,
    "pl": 1721067632.8839583,
    "pt-BR": 1721067648.090401,
    "ru": 1721067663.2711055,
    "tr": 1721067678.4438176
}