{
    "en-US": 1716690843.8660474,
    "ar": 1716690859.684295,
    "de": 1716690875.0555549,
    "es-ES": 1716690890.3895137,
    "es-MX": 1716690905.8676364,
    "fr": 1716690921.3338008,
    "it": 1716690936.8404026,
    "ja": 1716690954.2624557,
    "ko": 1716690971.0735962,
    "pl": 1716690986.83007,
    "pt-BR": 1716691002.2991428,
    "ru": 1716691018.1270084,
    "tr": 1716691033.7990642
}