{
    "en-US": 1714259547.2836132,
    "ar": 1714259563.5719726,
    "de": 1714259579.182722,
    "es-ES": 1714259594.5156865,
    "es-MX": 1714259610.1270435,
    "fr": 1714259625.7245004,
    "it": 1714259641.3273022,
    "ja": 1714259659.1499739,
    "ko": 1714259676.6244974,
    "pl": 1714259692.2182562,
    "pt-BR": 1714259707.8439798,
    "ru": 1714259723.4972336,
    "tr": 1714259739.1295228
}