{
    "en-US": 1720595736.2457526,
    "ar": 1720595751.4260354,
    "de": 1720595766.604891,
    "es-ES": 1720595781.7798629,
    "es-MX": 1720595796.9837668,
    "fr": 1720595812.1541684,
    "it": 1720595827.3531637,
    "ja": 1720595842.518525,
    "ko": 1720595857.6924996,
    "pl": 1720595872.8590245,
    "pt-BR": 1720595888.0421236,
    "ru": 1720595903.2057326,
    "tr": 1720595918.395845
}