{
    "en-US": 1716289946.6569328,
    "ar": 1716289962.7210324,
    "de": 1716289978.3545792,
    "es-ES": 1716289993.9587805,
    "es-MX": 1716290009.659685,
    "fr": 1716290025.0533295,
    "it": 1716290040.8319733,
    "ja": 1716290058.318026,
    "ko": 1716290075.4893532,
    "pl": 1716290090.9154925,
    "pt-BR": 1716290106.6387718,
    "ru": 1716290122.1544588,
    "tr": 1716290137.854341
}