{
    "en-US": 1713892438.155433,
    "ar": 1713892454.453078,
    "de": 1713892470.1354449,
    "es-ES": 1713892485.4970353,
    "es-MX": 1713892501.0703223,
    "fr": 1713892516.450325,
    "it": 1713892532.0662322,
    "ja": 1713892551.8878345,
    "ko": 1713892570.5443063,
    "pl": 1713892586.3859596,
    "pt-BR": 1713892602.084033,
    "ru": 1713892617.817538,
    "tr": 1713892633.5106065
}