{
    "en-US": 1715343652.891309,
    "ar": 1715343669.4102638,
    "de": 1715343685.1862667,
    "es-ES": 1715343700.8813193,
    "es-MX": 1715343716.7030344,
    "fr": 1715343732.5730064,
    "it": 1715343748.4827275,
    "ja": 1715343766.4068131,
    "ko": 1715343783.4334104,
    "pl": 1715343799.2455733,
    "pt-BR": 1715343815.091072,
    "ru": 1715343831.0104976,
    "tr": 1715343846.8938696
}