{
    "en-US": 1717945974.0687962,
    "ar": 1717945990.3673666,
    "de": 1717946006.4653015,
    "es-ES": 1717946021.658677,
    "es-MX": 1717946036.8428774,
    "fr": 1717946052.0301507,
    "it": 1717946067.2078872,
    "ja": 1717946082.3721998,
    "ko": 1717946097.568017,
    "pl": 1717946112.7358704,
    "pt-BR": 1717946127.9144244,
    "ru": 1717946143.0915835,
    "tr": 1717946158.2687097
}