{
    "en-US": 1718424967.0078647,
    "ar": 1718424983.1707182,
    "de": 1718424998.962881,
    "es-ES": 1718425014.157158,
    "es-MX": 1718425029.3328118,
    "fr": 1718425044.5012686,
    "it": 1718425059.6804085,
    "ja": 1718425074.849411,
    "ko": 1718425090.0468433,
    "pl": 1718425105.2116942,
    "pt-BR": 1718425120.3875608,
    "ru": 1718425135.5628207,
    "tr": 1718425150.7385662
}