{
    "en-US": 1715368258.8358462,
    "ar": 1715368274.8786762,
    "de": 1715368290.6722915,
    "es-ES": 1715368306.5856783,
    "es-MX": 1715368322.4817166,
    "fr": 1715368338.287581,
    "it": 1715368354.1626728,
    "ja": 1715368370.8712978,
    "ko": 1715368387.5161285,
    "pl": 1715368403.37375,
    "pt-BR": 1715368419.14939,
    "ru": 1715368435.0208092,
    "tr": 1715368450.862828
}