{
    "en-US": 1717665346.2152133,
    "ar": 1717665362.5977898,
    "de": 1717665378.394318,
    "es-ES": 1717665393.5883253,
    "es-MX": 1717665408.7730908,
    "fr": 1717665423.9396749,
    "it": 1717665439.1238315,
    "ja": 1717665454.2936912,
    "ko": 1717665469.486586,
    "pl": 1717665484.6506174,
    "pt-BR": 1717665499.8254306,
    "ru": 1717665514.9952507,
    "tr": 1717665530.1672423
}