{
    "en-US": 1721686417.4957364,
    "ar": 1721686432.6091166,
    "de": 1721686447.7161686,
    "es-ES": 1721686462.823523,
    "es-MX": 1721686477.9943933,
    "fr": 1721686493.1024268,
    "it": 1721686508.260413,
    "ja": 1721686523.3555963,
    "ko": 1721686538.4762702,
    "pl": 1721686553.6018713,
    "pt-BR": 1721686568.7217803,
    "ru": 1721686583.8428936,
    "tr": 1721686598.9723094
}