{
    "en-US": 1717984937.383395,
    "ar": 1717984953.6899283,
    "de": 1717984969.65098,
    "es-ES": 1717984985.0656269,
    "es-MX": 1717985000.2633722,
    "fr": 1717985015.374543,
    "it": 1717985030.5168717,
    "ja": 1717985045.6341832,
    "ko": 1717985060.747427,
    "pl": 1717985075.8756375,
    "pt-BR": 1717985091.004907,
    "ru": 1717985106.1163707,
    "tr": 1717985121.2250166
}