{
    "en-US": 1715206276.9512775,
    "ar": 1715206292.9974337,
    "de": 1715206308.774794,
    "es-ES": 1715206324.48759,
    "es-MX": 1715206340.475484,
    "fr": 1715206356.0317855,
    "it": 1715206371.8022313,
    "ja": 1715206388.3131752,
    "ko": 1715206404.3776512,
    "pl": 1715206420.1465743,
    "pt-BR": 1715206435.9284275,
    "ru": 1715206451.7879112,
    "tr": 1715206467.920701
}