{
    "en-US": 1720710899.7780485,
    "ar": 1720710914.9070961,
    "de": 1720710930.0293844,
    "es-ES": 1720710945.127899,
    "es-MX": 1720710960.2679176,
    "fr": 1720710975.373672,
    "it": 1720710990.5070846,
    "ja": 1720711005.6193638,
    "ko": 1720711020.729695,
    "pl": 1720711035.8438876,
    "pt-BR": 1720711050.9638283,
    "ru": 1720711066.0647378,
    "tr": 1720711081.198528
}