{
    "en-US": 1718140470.189358,
    "ar": 1718140487.6080866,
    "de": 1718140503.6866405,
    "es-ES": 1718140519.4423826,
    "es-MX": 1718140534.564977,
    "fr": 1718140549.673685,
    "it": 1718140564.8028786,
    "ja": 1718140579.9308167,
    "ko": 1718140595.0446658,
    "pl": 1718140610.1635463,
    "pt-BR": 1718140625.28716,
    "ru": 1718140640.391567,
    "tr": 1718140655.5023544
}