{
    "en-US": 1715487312.2888973,
    "ar": 1715487328.3928938,
    "de": 1715487343.9455936,
    "es-ES": 1715487359.5708022,
    "es-MX": 1715487375.1163616,
    "fr": 1715487390.7652276,
    "it": 1715487406.3580673,
    "ja": 1715487424.057935,
    "ko": 1715487441.039078,
    "pl": 1715487456.6914356,
    "pt-BR": 1715487472.3379512,
    "ru": 1715487488.122854,
    "tr": 1715487503.9014063
}