{
    "en-US": 1715847232.5841258,
    "ar": 1715847248.862425,
    "de": 1715847264.6217067,
    "es-ES": 1715847280.3543155,
    "es-MX": 1715847296.1519198,
    "fr": 1715847311.6856701,
    "it": 1715847327.4925869,
    "ja": 1715847344.8338711,
    "ko": 1715847361.9351542,
    "pl": 1715847377.7817698,
    "pt-BR": 1715847393.5984073,
    "ru": 1715847409.5052505,
    "tr": 1715847425.3480735
}