{
    "en-US": 1719750163.2489212,
    "ar": 1719750178.3681476,
    "de": 1719750193.4833934,
    "es-ES": 1719750208.5823061,
    "es-MX": 1719750223.692137,
    "fr": 1719750238.790484,
    "it": 1719750253.9333627,
    "ja": 1719750269.028049,
    "ko": 1719750284.128791,
    "pl": 1719750299.2303677,
    "pt-BR": 1719750314.3524055,
    "ru": 1719750329.47039,
    "tr": 1719750344.6054168
}