{
    "en-US": 1720233006.2997973,
    "ar": 1720233021.4780102,
    "de": 1720233036.6443653,
    "es-ES": 1720233051.7979658,
    "es-MX": 1720233066.9627526,
    "fr": 1720233082.1383584,
    "it": 1720233097.3443236,
    "ja": 1720233112.5097747,
    "ko": 1720233127.6694148,
    "pl": 1720233142.8267384,
    "pt-BR": 1720233157.9876194,
    "ru": 1720233173.1461923,
    "tr": 1720233188.3127828
}