{
    "en-US": 1716401920.6371906,
    "ar": 1716401936.921153,
    "de": 1716401952.7217238,
    "es-ES": 1716401968.5189025,
    "es-MX": 1716401984.3640163,
    "fr": 1716401999.9203138,
    "it": 1716402015.8352911,
    "ja": 1716402033.7356024,
    "ko": 1716402051.1060092,
    "pl": 1716402066.6535516,
    "pt-BR": 1716402082.5954309,
    "ru": 1716402098.2057426,
    "tr": 1716402114.1092224
}