{
    "en-US": 1720048492.4583077,
    "ar": 1720048507.6325295,
    "de": 1720048522.8238254,
    "es-ES": 1720048537.9914412,
    "es-MX": 1720048553.1933002,
    "fr": 1720048568.368951,
    "it": 1720048583.544385,
    "ja": 1720048598.7126012,
    "ko": 1720048613.8830414,
    "pl": 1720048629.0589168,
    "pt-BR": 1720048644.261137,
    "ru": 1720048659.4433815,
    "tr": 1720048674.6132216
}