{
    "en-US": 1716099358.4538321,
    "ar": 1716099374.2233346,
    "de": 1716099389.7871478,
    "es-ES": 1716099405.3545644,
    "es-MX": 1716099421.0269701,
    "fr": 1716099436.4258854,
    "it": 1716099452.04885,
    "ja": 1716099469.009504,
    "ko": 1716099485.8152022,
    "pl": 1716099501.4924862,
    "pt-BR": 1716099517.0143626,
    "ru": 1716099532.4725566,
    "tr": 1716099548.151826
}