{
    "en-US": 1715937312.958418,
    "ar": 1715937329.1510108,
    "de": 1715937344.7397218,
    "es-ES": 1715937360.3242629,
    "es-MX": 1715937375.9472187,
    "fr": 1715937391.5570862,
    "it": 1715937406.9517415,
    "ja": 1715937425.7559657,
    "ko": 1715937443.0210073,
    "pl": 1715937458.6296654,
    "pt-BR": 1715937474.1653404,
    "ru": 1715937489.7345111,
    "tr": 1715937505.4474146
}