{
    "en-US": 1716743500.5512059,
    "ar": 1716743516.4546883,
    "de": 1716743532.2525365,
    "es-ES": 1716743548.0063493,
    "es-MX": 1716743563.627397,
    "fr": 1716743579.2400973,
    "it": 1716743595.1403964,
    "ja": 1716743611.5345979,
    "ko": 1716743627.787338,
    "pl": 1716743643.393246,
    "pt-BR": 1716743659.5117004,
    "ru": 1716743675.3810778,
    "tr": 1716743690.9897616
}