{
    "en-US": 1720400260.745865,
    "ar": 1720400275.864493,
    "de": 1720400290.9771724,
    "es-ES": 1720400306.0847237,
    "es-MX": 1720400321.2029145,
    "fr": 1720400336.2996874,
    "it": 1720400351.4269762,
    "ja": 1720400366.5300946,
    "ko": 1720400381.641756,
    "pl": 1720400396.7641582,
    "pt-BR": 1720400411.8871758,
    "ru": 1720400427.008102,
    "tr": 1720400442.145606
}