{
    "en-US": 1721502641.7548287,
    "ar": 1721502656.9380598,
    "de": 1721502672.1119275,
    "es-ES": 1721502687.2645948,
    "es-MX": 1721502702.4503343,
    "fr": 1721502717.602578,
    "it": 1721502732.7776723,
    "ja": 1721502747.9298108,
    "ko": 1721502763.0864744,
    "pl": 1721502778.234583,
    "pt-BR": 1721502793.418226,
    "ru": 1721502808.5759032,
    "tr": 1721502823.7331197
}