{
    "en-US": 1719577377.4671776,
    "ar": 1719577392.6446853,
    "de": 1719577407.8357742,
    "es-ES": 1719577423.0044222,
    "es-MX": 1719577438.1858273,
    "fr": 1719577453.3551798,
    "it": 1719577468.557989,
    "ja": 1719577483.7219245,
    "ko": 1719577498.900358,
    "pl": 1719577514.0646756,
    "pt-BR": 1719577529.2414415,
    "ru": 1719577544.406742,
    "tr": 1719577559.5938542
}