{
    "en-US": 1714633998.6424289,
    "ar": 1714634014.847944,
    "de": 1714634030.581742,
    "es-ES": 1714634046.3070652,
    "es-MX": 1714634062.066198,
    "fr": 1714634077.5939393,
    "it": 1714634093.3060744,
    "ja": 1714634111.4116008,
    "ko": 1714634128.4079463,
    "pl": 1714634144.1663308,
    "pt-BR": 1714634160.1002614,
    "ru": 1714634175.9471831,
    "tr": 1714634191.9818637
}