{
    "en-US": 1715019483.0987968,
    "ar": 1715019499.4384124,
    "de": 1715019515.1112185,
    "es-ES": 1715019530.4649673,
    "es-MX": 1715019546.6103644,
    "fr": 1715019562.325434,
    "it": 1715019578.0292003,
    "ja": 1715019597.3983371,
    "ko": 1715019615.3334458,
    "pl": 1715019631.0535579,
    "pt-BR": 1715019646.8154159,
    "ru": 1715019662.8373373,
    "tr": 1715019678.8557792
}