{
    "en-US": 1720624588.666605,
    "ar": 1720624603.7949917,
    "de": 1720624618.9043963,
    "es-ES": 1720624634.015565,
    "es-MX": 1720624649.1224315,
    "fr": 1720624664.2276556,
    "it": 1720624679.372476,
    "ja": 1720624694.5006294,
    "ko": 1720624709.602747,
    "pl": 1720624724.7143779,
    "pt-BR": 1720624739.8273594,
    "ru": 1720624754.9546647,
    "tr": 1720624770.1001363
}