{
    "en-US": 1718997158.528651,
    "ar": 1718997173.6861384,
    "de": 1718997188.8661318,
    "es-ES": 1718997203.969174,
    "es-MX": 1718997219.0871162,
    "fr": 1718997234.1932442,
    "it": 1718997249.331407,
    "ja": 1718997264.4346833,
    "ko": 1718997279.5445805,
    "pl": 1718997294.667222,
    "pt-BR": 1718997309.7925482,
    "ru": 1718997324.8959937,
    "tr": 1718997340.0442946
}