{
    "en-US": 1721625298.0204847,
    "ar": 1721625313.1326647,
    "de": 1721625328.2569616,
    "es-ES": 1721625343.3476422,
    "es-MX": 1721625358.4813814,
    "fr": 1721625373.5914721,
    "it": 1721625388.6889808,
    "ja": 1721625403.7898707,
    "ko": 1721625418.8725364,
    "pl": 1721625433.9560764,
    "pt-BR": 1721625449.073402,
    "ru": 1721625464.164506,
    "tr": 1721625479.2649076
}