{
    "en-US": 1719839882.3751373,
    "ar": 1719839897.486103,
    "de": 1719839912.6148825,
    "es-ES": 1719839927.7161546,
    "es-MX": 1719839942.8639803,
    "fr": 1719839957.9581735,
    "it": 1719839973.0893242,
    "ja": 1719839988.1886916,
    "ko": 1719840003.3170252,
    "pl": 1719840018.4120367,
    "pt-BR": 1719840033.5610518,
    "ru": 1719840048.6703477,
    "tr": 1719840063.7855794
}