{
    "en-US": 1717366306.3888998,
    "ar": 1717366322.6079311,
    "de": 1717366338.1154268,
    "es-ES": 1717366353.8708773,
    "es-MX": 1717366369.7033794,
    "fr": 1717366385.5329182,
    "it": 1717366401.477307,
    "ja": 1717366418.7692754,
    "ko": 1717366435.6520498,
    "pl": 1717366451.5341625,
    "pt-BR": 1717366467.4161901,
    "ru": 1717366483.3875427,
    "tr": 1717366499.3083656
}