{
    "en-US": 1717279957.4901073,
    "ar": 1717279973.901552,
    "de": 1717279989.6933844,
    "es-ES": 1717280005.493885,
    "es-MX": 1717280021.3951418,
    "fr": 1717280037.5697258,
    "it": 1717280053.6924045,
    "ja": 1717280070.9187236,
    "ko": 1717280087.686633,
    "pl": 1717280103.8230534,
    "pt-BR": 1717280119.9090652,
    "ru": 1717280135.660977,
    "tr": 1717280151.8422673
}