{
    "en-US": 1720998824.5231771,
    "ar": 1720998839.6347558,
    "de": 1720998854.7609098,
    "es-ES": 1720998869.868335,
    "es-MX": 1720998884.9784915,
    "fr": 1720998900.0688791,
    "it": 1720998915.209201,
    "ja": 1720998930.314255,
    "ko": 1720998945.4291742,
    "pl": 1720998960.5315092,
    "pt-BR": 1720998975.6392276,
    "ru": 1720998990.741312,
    "tr": 1720999005.8793547
}