{
    "en-US": 1718514911.9149683,
    "ar": 1718514928.0123353,
    "de": 1718514943.6496458,
    "es-ES": 1718514958.7837205,
    "es-MX": 1718514973.8944876,
    "fr": 1718514989.01116,
    "it": 1718515004.1296926,
    "ja": 1718515019.2460773,
    "ko": 1718515034.3756351,
    "pl": 1718515049.4988894,
    "pt-BR": 1718515064.6066785,
    "ru": 1718515079.7237587,
    "tr": 1718515094.8372004
}