{
    "en-US": 1715253065.1236253,
    "ar": 1715253081.2067804,
    "de": 1715253096.9595673,
    "es-ES": 1715253112.6744113,
    "es-MX": 1715253128.2297943,
    "fr": 1715253144.0111861,
    "it": 1715253159.8416855,
    "ja": 1715253176.3566089,
    "ko": 1715253192.62132,
    "pl": 1715253208.6082165,
    "pt-BR": 1715253224.4090602,
    "ru": 1715253240.254253,
    "tr": 1715253256.109504
}