{
    "en-US": 1717855972.7412643,
    "ar": 1717855987.9546113,
    "de": 1717856003.1446264,
    "es-ES": 1717856018.304201,
    "es-MX": 1717856033.4921694,
    "fr": 1717856048.6581964,
    "it": 1717856063.8491726,
    "ja": 1717856079.025992,
    "ko": 1717856094.1941152,
    "pl": 1717856109.361063,
    "pt-BR": 1717856124.5364113,
    "ru": 1717856139.6987622,
    "tr": 1717856154.8909664
}