{
    "en-US": 1716121243.3166273,
    "ar": 1716121259.1159914,
    "de": 1716121274.6312518,
    "es-ES": 1716121290.384587,
    "es-MX": 1716121306.1451917,
    "fr": 1716121321.7007596,
    "it": 1716121337.5353363,
    "ja": 1716121353.9110367,
    "ko": 1716121370.103364,
    "pl": 1716121385.6424053,
    "pt-BR": 1716121401.5371451,
    "ru": 1716121417.1034849,
    "tr": 1716121432.904843
}