{
    "en-US": 1722237283.630391,
    "ar": 1722237298.7363973,
    "de": 1722237313.836073,
    "es-ES": 1722237328.9173532,
    "es-MX": 1722237344.0395155,
    "fr": 1722237359.1197631,
    "it": 1722237374.212836,
    "ja": 1722237389.2973964,
    "ko": 1722237404.3896325,
    "pl": 1722237419.473418,
    "pt-BR": 1722237434.5886774,
    "ru": 1722237449.669907,
    "tr": 1722237464.7603405
}