{
    "en-US": 1720696391.0928159,
    "ar": 1720696406.1990123,
    "de": 1720696421.3147466,
    "es-ES": 1720696436.4133449,
    "es-MX": 1720696451.5343626,
    "fr": 1720696466.639351,
    "it": 1720696481.7685447,
    "ja": 1720696496.8648024,
    "ko": 1720696511.969951,
    "pl": 1720696527.074117,
    "pt-BR": 1720696542.192779,
    "ru": 1720696557.294955,
    "tr": 1720696572.4175296
}