{
    "en-US": 1715674643.0251195,
    "ar": 1715674659.0486994,
    "de": 1715674674.6380074,
    "es-ES": 1715674690.1964679,
    "es-MX": 1715674705.9185638,
    "fr": 1715674721.52325,
    "it": 1715674737.1421814,
    "ja": 1715674754.364095,
    "ko": 1715674771.2356493,
    "pl": 1715674786.914363,
    "pt-BR": 1715674802.6374605,
    "ru": 1715674818.101908,
    "tr": 1715674833.7550979
}