{
    "en-US": 1716484462.3818636,
    "ar": 1716484478.394479,
    "de": 1716484494.2891533,
    "es-ES": 1716484509.7890058,
    "es-MX": 1716484525.9504976,
    "fr": 1716484541.5436342,
    "it": 1716484557.5480118,
    "ja": 1716484574.0490346,
    "ko": 1716484590.4221585,
    "pl": 1716484606.3391423,
    "pt-BR": 1716484622.2068453,
    "ru": 1716484637.8245127,
    "tr": 1716484653.8813336
}