{
    "en-US": 1720408584.5680401,
    "ar": 1720408599.7413437,
    "de": 1720408614.9151056,
    "es-ES": 1720408630.095275,
    "es-MX": 1720408645.284294,
    "fr": 1720408660.4520295,
    "it": 1720408675.6565616,
    "ja": 1720408690.8230634,
    "ko": 1720408706.0045042,
    "pl": 1720408721.177931,
    "pt-BR": 1720408736.3848646,
    "ru": 1720408751.5570734,
    "tr": 1720408766.7461193
}