{
    "en-US": 1715159610.2640283,
    "ar": 1715159626.2948782,
    "de": 1715159642.0755467,
    "es-ES": 1715159657.6627643,
    "es-MX": 1715159673.2354288,
    "fr": 1715159688.6374855,
    "it": 1715159704.241531,
    "ja": 1715159721.6435013,
    "ko": 1715159738.5470357,
    "pl": 1715159754.138515,
    "pt-BR": 1715159769.7313442,
    "ru": 1715159785.4592772,
    "tr": 1715159801.1150534
}