{
    "en-US": 1719540081.3054934,
    "ar": 1719540096.4383776,
    "de": 1719540111.5648136,
    "es-ES": 1719540126.6679835,
    "es-MX": 1719540141.7787719,
    "fr": 1719540156.9067273,
    "it": 1719540172.178939,
    "ja": 1719540187.2823536,
    "ko": 1719540202.3969455,
    "pl": 1719540217.5079193,
    "pt-BR": 1719540232.6961243,
    "ru": 1719540247.8039083,
    "tr": 1719540262.928778
}