{
    "en-US": 1718320483.6054068,
    "ar": 1718320498.7462971,
    "de": 1718320513.9337895,
    "es-ES": 1718320529.0507019,
    "es-MX": 1718320544.17133,
    "fr": 1718320559.2888114,
    "it": 1718320574.4635088,
    "ja": 1718320589.5750268,
    "ko": 1718320604.6869576,
    "pl": 1718320619.7908242,
    "pt-BR": 1718320634.906913,
    "ru": 1718320650.0153685,
    "tr": 1718320665.1570325
}