{
    "en-US": 1714191250.9973917,
    "ar": 1714191267.069622,
    "de": 1714191282.6246336,
    "es-ES": 1714191298.1863132,
    "es-MX": 1714191313.7988286,
    "fr": 1714191329.3616447,
    "it": 1714191344.9473627,
    "ja": 1714191362.2840798,
    "ko": 1714191379.7282536,
    "pl": 1714191395.329405,
    "pt-BR": 1714191410.913585,
    "ru": 1714191426.6233063,
    "tr": 1714191442.4876666
}