{
    "en-US": 1721366132.8464398,
    "ar": 1721366147.948158,
    "de": 1721366163.0470738,
    "es-ES": 1721366178.1447024,
    "es-MX": 1721366193.2487965,
    "fr": 1721366208.3606431,
    "it": 1721366223.46795,
    "ja": 1721366238.561647,
    "ko": 1721366253.6560714,
    "pl": 1721366268.7519076,
    "pt-BR": 1721366283.869187,
    "ru": 1721366298.9821708,
    "tr": 1721366314.06796
}