{
    "en-US": 1719209933.6426003,
    "ar": 1719209948.8532407,
    "de": 1719209964.0213985,
    "es-ES": 1719209979.1312125,
    "es-MX": 1719209994.2475882,
    "fr": 1719210009.346674,
    "it": 1719210024.488176,
    "ja": 1719210039.5904772,
    "ko": 1719210054.7036827,
    "pl": 1719210069.8198605,
    "pt-BR": 1719210084.9457352,
    "ru": 1719210100.051129,
    "tr": 1719210115.1888769
}