{
    "en-US": 1713755618.3271358,
    "ar": 1713755634.3906875,
    "de": 1713755649.7651978,
    "es-ES": 1713755665.3271158,
    "es-MX": 1713755680.932857,
    "fr": 1713755696.5009763,
    "it": 1713755712.1012661,
    "ja": 1713755729.6404228,
    "ko": 1713755746.668618,
    "pl": 1713755762.2923915,
    "pt-BR": 1713755777.9175348,
    "ru": 1713755793.5668473,
    "tr": 1713755809.150106
}