{
    "en-US": 1713716061.3544893,
    "ar": 1713716077.5815258,
    "de": 1713716093.278466,
    "es-ES": 1713716108.9636958,
    "es-MX": 1713716124.89183,
    "fr": 1713716140.6384223,
    "it": 1713716156.6105223,
    "ja": 1713716173.5014396,
    "ko": 1713716189.6488984,
    "pl": 1713716205.4023232,
    "pt-BR": 1713716221.1283574,
    "ru": 1713716236.8932133,
    "tr": 1713716252.815879
}