{
    "en-US": 1717596875.0753183,
    "ar": 1717596891.3494468,
    "de": 1717596907.3881328,
    "es-ES": 1717596922.5459414,
    "es-MX": 1717596937.678899,
    "fr": 1717596952.7884321,
    "it": 1717596967.9263515,
    "ja": 1717596983.0370874,
    "ko": 1717596998.2049713,
    "pl": 1717597013.5510743,
    "pt-BR": 1717597028.6743739,
    "ru": 1717597043.7997468,
    "tr": 1717597058.955983
}