{
    "en-US": 1720649561.451337,
    "ar": 1720649576.6066437,
    "de": 1720649591.7694376,
    "es-ES": 1720649606.9271514,
    "es-MX": 1720649622.1061938,
    "fr": 1720649637.288834,
    "it": 1720649652.4529023,
    "ja": 1720649667.60997,
    "ko": 1720649682.7663083,
    "pl": 1720649697.9217863,
    "pt-BR": 1720649713.1278598,
    "ru": 1720649728.290266,
    "tr": 1720649743.4492145
}