{
    "en-US": 1721859260.2435174,
    "ar": 1721859275.341427,
    "de": 1721859290.4488068,
    "es-ES": 1721859305.5417445,
    "es-MX": 1721859320.651659,
    "fr": 1721859335.7407837,
    "it": 1721859350.8662372,
    "ja": 1721859365.9585018,
    "ko": 1721859381.0588336,
    "pl": 1721859396.157212,
    "pt-BR": 1721859411.2765965,
    "ru": 1721859426.3655372,
    "tr": 1721859441.4929144
}