{
    "en-US": 1720901684.7947185,
    "ar": 1720901699.9562697,
    "de": 1720901715.1293864,
    "es-ES": 1720901730.297554,
    "es-MX": 1720901745.507984,
    "fr": 1720901760.6614547,
    "it": 1720901775.8410578,
    "ja": 1720901791.0169065,
    "ko": 1720901806.1822753,
    "pl": 1720901821.3456316,
    "pt-BR": 1720901836.556097,
    "ru": 1720901851.7258046,
    "tr": 1720901866.887225
}