{
    "en-US": 1717776999.147022,
    "ar": 1717777015.4177315,
    "de": 1717777031.2437353,
    "es-ES": 1717777046.3796403,
    "es-MX": 1717777061.512628,
    "fr": 1717777076.6420894,
    "it": 1717777091.772972,
    "ja": 1717777106.8862422,
    "ko": 1717777122.0160956,
    "pl": 1717777137.1226144,
    "pt-BR": 1717777152.2582932,
    "ru": 1717777167.3863866,
    "tr": 1717777182.5294502
}