{
    "en-US": 1715814770.657527,
    "ar": 1715814786.8023264,
    "de": 1715814802.6302314,
    "es-ES": 1715814818.4009778,
    "es-MX": 1715814834.2771764,
    "fr": 1715814849.815424,
    "it": 1715814865.6615872,
    "ja": 1715814882.1457133,
    "ko": 1715814898.460613,
    "pl": 1715814914.239402,
    "pt-BR": 1715814930.1360924,
    "ru": 1715814945.9900305,
    "tr": 1715814961.8156016
}