{
    "en-US": 1719850594.6994529,
    "ar": 1719850609.8267853,
    "de": 1719850624.9580207,
    "es-ES": 1719850640.053186,
    "es-MX": 1719850655.1959698,
    "fr": 1719850670.3220234,
    "it": 1719850685.4715362,
    "ja": 1719850700.578984,
    "ko": 1719850715.6923738,
    "pl": 1719850730.8270779,
    "pt-BR": 1719850745.9920397,
    "ru": 1719850761.1000605,
    "tr": 1719850776.2643821
}