{
    "en-US": 1718777933.9273195,
    "ar": 1718777949.0677145,
    "de": 1718777964.2414782,
    "es-ES": 1718777979.3460803,
    "es-MX": 1718777994.4541094,
    "fr": 1718778009.5525212,
    "it": 1718778024.696176,
    "ja": 1718778039.7995908,
    "ko": 1718778054.9057338,
    "pl": 1718778070.0167286,
    "pt-BR": 1718778085.1269116,
    "ru": 1718778100.2342243,
    "tr": 1718778115.3766143
}