{
    "en-US": 1715948501.1213856,
    "ar": 1715948517.2892573,
    "de": 1715948533.056513,
    "es-ES": 1715948548.8535473,
    "es-MX": 1715948564.6445374,
    "fr": 1715948580.466393,
    "it": 1715948596.2784972,
    "ja": 1715948614.0504982,
    "ko": 1715948631.4004757,
    "pl": 1715948647.2356315,
    "pt-BR": 1715948663.0693378,
    "ru": 1715948678.9697733,
    "tr": 1715948694.8111997
}