{
    "en-US": 1714566111.9185731,
    "ar": 1714566128.1767411,
    "de": 1714566143.6893976,
    "es-ES": 1714566159.4445918,
    "es-MX": 1714566175.2188451,
    "fr": 1714566190.7989597,
    "it": 1714566206.5672414,
    "ja": 1714566223.903554,
    "ko": 1714566240.9094498,
    "pl": 1714566256.6943748,
    "pt-BR": 1714566272.5130124,
    "ru": 1714566288.584744,
    "tr": 1714566304.7382662
}