{
    "en-US": 1721700232.028323,
    "ar": 1721700247.2204287,
    "de": 1721700262.4115083,
    "es-ES": 1721700277.5803053,
    "es-MX": 1721700292.7557845,
    "fr": 1721700307.9673493,
    "it": 1721700323.1509738,
    "ja": 1721700338.3286965,
    "ko": 1721700353.5054479,
    "pl": 1721700368.6871324,
    "pt-BR": 1721700383.8775668,
    "ru": 1721700399.0806918,
    "tr": 1721700414.2595599
}