{
    "en-US": 1722114811.1404018,
    "ar": 1722114826.2724857,
    "de": 1722114841.3729327,
    "es-ES": 1722114856.4629576,
    "es-MX": 1722114871.555812,
    "fr": 1722114886.6420465,
    "it": 1722114901.7387352,
    "ja": 1722114916.827001,
    "ko": 1722114931.917148,
    "pl": 1722114947.016619,
    "pt-BR": 1722114962.1153815,
    "ru": 1722114977.196561,
    "tr": 1722114992.2792766
}