{
    "en-US": 1716542078.356606,
    "ar": 1716542094.5154333,
    "de": 1716542110.5432227,
    "es-ES": 1716542126.6000597,
    "es-MX": 1716542142.4517167,
    "fr": 1716542158.3130932,
    "it": 1716542174.254898,
    "ja": 1716542192.0247326,
    "ko": 1716542208.9516747,
    "pl": 1716542224.5895796,
    "pt-BR": 1716542240.8140059,
    "ru": 1716542256.7980373,
    "tr": 1716542272.7193115
}