{
    "en-US": 1721996587.1977432,
    "ar": 1721996602.36832,
    "de": 1721996617.5499623,
    "es-ES": 1721996632.7101188,
    "es-MX": 1721996647.8835983,
    "fr": 1721996663.0463254,
    "it": 1721996678.22466,
    "ja": 1721996693.3832426,
    "ko": 1721996708.5682995,
    "pl": 1721996723.7309043,
    "pt-BR": 1721996738.8915253,
    "ru": 1721996754.0578547,
    "tr": 1721996769.2191525
}