{
    "en-US": 1717683268.1415582,
    "ar": 1717683284.5642726,
    "de": 1717683300.3725185,
    "es-ES": 1717683315.5086567,
    "es-MX": 1717683330.6729538,
    "fr": 1717683345.7847624,
    "it": 1717683360.913508,
    "ja": 1717683376.0432339,
    "ko": 1717683391.2024717,
    "pl": 1717683406.3367746,
    "pt-BR": 1717683421.4865,
    "ru": 1717683436.6002593,
    "tr": 1717683451.7558165
}