{
    "en-US": 1716653636.9357736,
    "ar": 1716653652.707297,
    "de": 1716653668.592005,
    "es-ES": 1716653684.3348598,
    "es-MX": 1716653700.4540818,
    "fr": 1716653716.0980299,
    "it": 1716653732.094185,
    "ja": 1716653748.5706432,
    "ko": 1716653764.8360493,
    "pl": 1716653780.4595761,
    "pt-BR": 1716653796.5273983,
    "ru": 1716653812.1763985,
    "tr": 1716653828.2540476
}