{
    "en-US": 1718313274.3472967,
    "ar": 1718313290.6984477,
    "de": 1718313306.5306804,
    "es-ES": 1718313322.3972337,
    "es-MX": 1718313337.6150696,
    "fr": 1718313352.7928016,
    "it": 1718313367.9722793,
    "ja": 1718313383.1403587,
    "ko": 1718313398.3088753,
    "pl": 1718313413.4847414,
    "pt-BR": 1718313428.6760986,
    "ru": 1718313443.8389494,
    "tr": 1718313459.0092032
}