{
    "en-US": 1719832339.2634215,
    "ar": 1719832354.3739023,
    "de": 1719832369.4849916,
    "es-ES": 1719832384.585421,
    "es-MX": 1719832399.704675,
    "fr": 1719832414.810433,
    "it": 1719832429.95099,
    "ja": 1719832445.047377,
    "ko": 1719832460.1748402,
    "pl": 1719832475.2716444,
    "pt-BR": 1719832490.402259,
    "ru": 1719832505.5133107,
    "tr": 1719832520.7042553
}