{
    "en-US": 1717381976.3666837,
    "ar": 1717381992.1787336,
    "de": 1717382007.6149826,
    "es-ES": 1717382023.0236564,
    "es-MX": 1717382038.577185,
    "fr": 1717382054.1325712,
    "it": 1717382069.6894827,
    "ja": 1717382086.5209205,
    "ko": 1717382102.936037,
    "pl": 1717382118.1742516,
    "pt-BR": 1717382133.3581426,
    "ru": 1717382149.1845045,
    "tr": 1717382164.649863
}