{
    "en-US": 1714065215.3097303,
    "ar": 1714065231.525302,
    "de": 1714065247.0942488,
    "es-ES": 1714065262.5994027,
    "es-MX": 1714065278.3247578,
    "fr": 1714065294.082539,
    "it": 1714065310.207819,
    "ja": 1714065328.9098344,
    "ko": 1714065346.2707012,
    "pl": 1714065362.1919363,
    "pt-BR": 1714065377.974207,
    "ru": 1714065393.9913793,
    "tr": 1714065409.885155
}