{
    "en-US": 1717269190.5356436,
    "ar": 1717269206.6120703,
    "de": 1717269222.3580177,
    "es-ES": 1717269238.1540828,
    "es-MX": 1717269254.279534,
    "fr": 1717269270.3669336,
    "it": 1717269285.9992714,
    "ja": 1717269303.1887426,
    "ko": 1717269320.071686,
    "pl": 1717269335.996288,
    "pt-BR": 1717269351.9654438,
    "ru": 1717269367.6291716,
    "tr": 1717269383.637179
}