{
    "en-US": 1722136510.1337209,
    "ar": 1722136525.2954364,
    "de": 1722136540.462972,
    "es-ES": 1722136555.6240156,
    "es-MX": 1722136570.8085108,
    "fr": 1722136585.963961,
    "it": 1722136601.123461,
    "ja": 1722136616.268953,
    "ko": 1722136631.4303408,
    "pl": 1722136646.5764337,
    "pt-BR": 1722136661.7486837,
    "ru": 1722136676.8973691,
    "tr": 1722136692.0485692
}