{
    "en-US": 1714756280.9593806,
    "ar": 1714756297.0685713,
    "de": 1714756312.8810854,
    "es-ES": 1714756328.6742246,
    "es-MX": 1714756344.461822,
    "fr": 1714756360.295151,
    "it": 1714756376.1499646,
    "ja": 1714756392.4359276,
    "ko": 1714756408.846528,
    "pl": 1714756424.6979117,
    "pt-BR": 1714756440.779867,
    "ru": 1714756456.6332395,
    "tr": 1714756472.4710064
}