{
    "en-US": 1718557905.815112,
    "ar": 1718557920.9750807,
    "de": 1718557936.1471508,
    "es-ES": 1718557951.2540877,
    "es-MX": 1718557966.3863769,
    "fr": 1718557981.5173986,
    "it": 1718557996.6616087,
    "ja": 1718558011.7609985,
    "ko": 1718558026.8884127,
    "pl": 1718558042.0050106,
    "pt-BR": 1718558057.1347594,
    "ru": 1718558072.2427845,
    "tr": 1718558087.3922412
}