{
    "en-US": 1716985379.4888134,
    "ar": 1716985395.603184,
    "de": 1716985411.2686696,
    "es-ES": 1716985426.893618,
    "es-MX": 1716985442.6921623,
    "fr": 1716985458.1643758,
    "it": 1716985473.9707966,
    "ja": 1716985491.6123774,
    "ko": 1716985508.8718374,
    "pl": 1716985524.3538606,
    "pt-BR": 1716985540.3438685,
    "ru": 1716985555.8599648,
    "tr": 1716985571.3974738
}