{
    "en-US": 1721927539.8369443,
    "ar": 1721927555.0056276,
    "de": 1721927570.187677,
    "es-ES": 1721927585.3638492,
    "es-MX": 1721927600.5543914,
    "fr": 1721927615.727739,
    "it": 1721927630.963935,
    "ja": 1721927646.1425173,
    "ko": 1721927661.3302991,
    "pl": 1721927676.515878,
    "pt-BR": 1721927691.7334802,
    "ru": 1721927706.9112794,
    "tr": 1721927722.1341722
}