{
    "en-US": 1719861144.7594028,
    "ar": 1719861159.8854554,
    "de": 1719861175.0270593,
    "es-ES": 1719861190.132526,
    "es-MX": 1719861205.2559638,
    "fr": 1719861220.3850126,
    "it": 1719861235.5783854,
    "ja": 1719861250.689953,
    "ko": 1719861265.8100538,
    "pl": 1719861280.9171553,
    "pt-BR": 1719861296.0583012,
    "ru": 1719861311.1603959,
    "tr": 1719861326.3079424
}