{
    "en-US": 1716445071.8511515,
    "ar": 1716445088.06533,
    "de": 1716445103.8407168,
    "es-ES": 1716445119.5775778,
    "es-MX": 1716445135.3363595,
    "fr": 1716445151.1093245,
    "it": 1716445166.9064837,
    "ja": 1716445184.1847851,
    "ko": 1716445201.1641016,
    "pl": 1716445216.6867278,
    "pt-BR": 1716445232.47409,
    "ru": 1716445248.2913282,
    "tr": 1716445264.1112707
}