{
    "en-US": 1717506933.0350363,
    "ar": 1717506949.2152839,
    "de": 1717506965.0961342,
    "es-ES": 1717506980.9839816,
    "es-MX": 1717506996.9716992,
    "fr": 1717507013.1264665,
    "it": 1717507029.360144,
    "ja": 1717507046.387569,
    "ko": 1717507063.4715757,
    "pl": 1717507079.482952,
    "pt-BR": 1717507095.7169254,
    "ru": 1717507111.8690257,
    "tr": 1717507127.8773715
}