{
    "en-US": 1721362703.3341875,
    "ar": 1721362718.513115,
    "de": 1721362733.6919212,
    "es-ES": 1721362748.8687854,
    "es-MX": 1721362764.0540226,
    "fr": 1721362779.2239258,
    "it": 1721362794.39397,
    "ja": 1721362809.553073,
    "ko": 1721362824.7279232,
    "pl": 1721362839.9183438,
    "pt-BR": 1721362855.2092252,
    "ru": 1721362870.9794662,
    "tr": 1721362886.2361562
}