{
    "en-US": 1721924217.695478,
    "ar": 1721924232.9330888,
    "de": 1721924248.1771605,
    "es-ES": 1721924263.4155056,
    "es-MX": 1721924278.663017,
    "fr": 1721924293.89142,
    "it": 1721924309.1683643,
    "ja": 1721924324.397779,
    "ko": 1721924339.6516445,
    "pl": 1721924354.8833559,
    "pt-BR": 1721924370.1437132,
    "ru": 1721924385.3780987,
    "tr": 1721924400.6598046
}