{
    "en-US": 1718576051.942471,
    "ar": 1718576068.0525644,
    "de": 1718576084.1172397,
    "es-ES": 1718576099.9697406,
    "es-MX": 1718576115.163838,
    "fr": 1718576130.3289664,
    "it": 1718576145.522086,
    "ja": 1718576160.6876233,
    "ko": 1718576175.8531337,
    "pl": 1718576191.0201287,
    "pt-BR": 1718576206.1883779,
    "ru": 1718576221.3522925,
    "tr": 1718576236.5315416
}