{
    "en-US": 1717120727.4389336,
    "ar": 1717120743.5112228,
    "de": 1717120759.1695526,
    "es-ES": 1717120774.7889593,
    "es-MX": 1717120790.3418539,
    "fr": 1717120806.148423,
    "it": 1717120822.03973,
    "ja": 1717120839.2607913,
    "ko": 1717120856.3184898,
    "pl": 1717120872.0022624,
    "pt-BR": 1717120887.8118145,
    "ru": 1717120903.703505,
    "tr": 1717120919.5528796
}