{
    "en-US": 1721715540.8779702,
    "ar": 1721715555.979586,
    "de": 1721715571.082929,
    "es-ES": 1721715586.1652398,
    "es-MX": 1721715601.2773924,
    "fr": 1721715616.3734388,
    "it": 1721715631.4982126,
    "ja": 1721715646.5885942,
    "ko": 1721715661.6824324,
    "pl": 1721715676.7698855,
    "pt-BR": 1721715691.868665,
    "ru": 1721715706.9540594,
    "tr": 1721715722.0803108
}