{
    "en-US": 1714810464.24411,
    "ar": 1714810480.3099532,
    "de": 1714810496.0624943,
    "es-ES": 1714810511.722083,
    "es-MX": 1714810527.435178,
    "fr": 1714810543.1345973,
    "it": 1714810558.880134,
    "ja": 1714810576.2979014,
    "ko": 1714810593.3608985,
    "pl": 1714810609.0850186,
    "pt-BR": 1714810624.7927089,
    "ru": 1714810641.0299914,
    "tr": 1714810656.960718
}