{
    "en-US": 1717116883.0791855,
    "ar": 1717116898.9790733,
    "de": 1717116914.7767508,
    "es-ES": 1717116930.5071013,
    "es-MX": 1717116946.4352636,
    "fr": 1717116962.01618,
    "it": 1717116977.9130878,
    "ja": 1717116995.2153862,
    "ko": 1717117012.278364,
    "pl": 1717117028.3152509,
    "pt-BR": 1717117044.1812572,
    "ru": 1717117059.8770263,
    "tr": 1717117076.0337744
}