{
    "en-US": 1718246040.9553561,
    "ar": 1718246056.9518876,
    "de": 1718246072.384835,
    "es-ES": 1718246087.528064,
    "es-MX": 1718246102.709177,
    "fr": 1718246117.8348136,
    "it": 1718246132.9903276,
    "ja": 1718246148.1079268,
    "ko": 1718246163.244618,
    "pl": 1718246178.3539884,
    "pt-BR": 1718246193.4958236,
    "ru": 1718246208.6031153,
    "tr": 1718246223.7254913
}