{
    "en-US": 1717987179.4505112,
    "ar": 1717987195.4108772,
    "de": 1717987211.1732388,
    "es-ES": 1717987226.3645635,
    "es-MX": 1717987241.5610209,
    "fr": 1717987256.7273016,
    "it": 1717987271.9006608,
    "ja": 1717987287.06656,
    "ko": 1717987302.2491539,
    "pl": 1717987317.414768,
    "pt-BR": 1717987332.5914392,
    "ru": 1717987347.7607496,
    "tr": 1717987362.9406333
}