{
    "en-US": 1715394166.7712448,
    "ar": 1715394183.0623176,
    "de": 1715394198.7597194,
    "es-ES": 1715394214.4212437,
    "es-MX": 1715394230.1180127,
    "fr": 1715394245.778688,
    "it": 1715394261.4415174,
    "ja": 1715394279.1000495,
    "ko": 1715394296.246493,
    "pl": 1715394311.9721813,
    "pt-BR": 1715394327.5967872,
    "ru": 1715394343.4002573,
    "tr": 1715394359.1710134
}