{
    "en-US": 1716415953.3452468,
    "ar": 1716415969.5684903,
    "de": 1716415985.382823,
    "es-ES": 1716416001.1581702,
    "es-MX": 1716416017.0440443,
    "fr": 1716416032.5926821,
    "it": 1716416048.4177053,
    "ja": 1716416066.4250977,
    "ko": 1716416083.9179428,
    "pl": 1716416099.499326,
    "pt-BR": 1716416115.3623924,
    "ru": 1716416131.264415,
    "tr": 1716416147.113802
}