{
    "en-US": 1720585074.9652278,
    "ar": 1720585090.1266549,
    "de": 1720585105.293207,
    "es-ES": 1720585120.4465501,
    "es-MX": 1720585135.6241899,
    "fr": 1720585150.777051,
    "it": 1720585165.942142,
    "ja": 1720585181.1009538,
    "ko": 1720585196.2582238,
    "pl": 1720585211.4138796,
    "pt-BR": 1720585226.607166,
    "ru": 1720585241.7689872,
    "tr": 1720585256.9299843
}