{
    "en-US": 1713971655.1658041,
    "ar": 1713971671.3402085,
    "de": 1713971686.8504722,
    "es-ES": 1713971702.49645,
    "es-MX": 1713971718.132936,
    "fr": 1713971733.7375681,
    "it": 1713971749.1687171,
    "ja": 1713971767.857625,
    "ko": 1713971785.5476475,
    "pl": 1713971801.1782968,
    "pt-BR": 1713971816.5931573,
    "ru": 1713971832.258551,
    "tr": 1713971847.9607954
}