{
    "en-US": 1720060657.9987233,
    "ar": 1720060673.1867936,
    "de": 1720060688.3625097,
    "es-ES": 1720060703.5338862,
    "es-MX": 1720060718.7413263,
    "fr": 1720060733.912455,
    "it": 1720060749.1028223,
    "ja": 1720060764.2664063,
    "ko": 1720060779.4362414,
    "pl": 1720060794.5997672,
    "pt-BR": 1720060809.8452349,
    "ru": 1720060825.0202484,
    "tr": 1720060840.2437377
}