{
    "en-US": 1716135303.1225817,
    "ar": 1716135318.9051807,
    "de": 1716135334.6790802,
    "es-ES": 1716135350.4091418,
    "es-MX": 1716135366.2371275,
    "fr": 1716135382.0109775,
    "it": 1716135397.8485265,
    "ja": 1716135413.950788,
    "ko": 1716135430.1588569,
    "pl": 1716135446.0273495,
    "pt-BR": 1716135461.8749366,
    "ru": 1716135477.464733,
    "tr": 1716135493.1731727
}