{
    "en-US": 1715912804.61268,
    "ar": 1715912821.6971254,
    "de": 1715912837.829576,
    "es-ES": 1715912853.5108118,
    "es-MX": 1715912869.2359672,
    "fr": 1715912885.0545368,
    "it": 1715912900.768842,
    "ja": 1715912918.5359447,
    "ko": 1715912935.5284004,
    "pl": 1715912951.238304,
    "pt-BR": 1715912966.9360473,
    "ru": 1715912982.4868226,
    "tr": 1715912998.263327
}