{
    "en-US": 1717514057.6490152,
    "ar": 1717514073.938764,
    "de": 1717514089.8419404,
    "es-ES": 1717514105.7602155,
    "es-MX": 1717514122.084035,
    "fr": 1717514138.040346,
    "it": 1717514154.079558,
    "ja": 1717514172.0038826,
    "ko": 1717514189.154378,
    "pl": 1717514205.0398715,
    "pt-BR": 1717514221.1310034,
    "ru": 1717514237.0703616,
    "tr": 1717514253.3253093
}