{
    "en-US": 1721189753.7158804,
    "ar": 1721189769.268285,
    "de": 1721189784.370574,
    "es-ES": 1721189799.4593751,
    "es-MX": 1721189814.5678947,
    "fr": 1721189829.6505866,
    "it": 1721189844.7604604,
    "ja": 1721189859.8520942,
    "ko": 1721189874.9501863,
    "pl": 1721189890.039837,
    "pt-BR": 1721189905.135734,
    "ru": 1721189920.2273679,
    "tr": 1721189935.3321173
}