{
    "en-US": 1718594146.8789787,
    "ar": 1718594162.0975235,
    "de": 1718594177.3541,
    "es-ES": 1718594192.5275745,
    "es-MX": 1718594207.7058976,
    "fr": 1718594222.8738987,
    "it": 1718594238.079026,
    "ja": 1718594253.2453423,
    "ko": 1718594268.420165,
    "pl": 1718594283.6306312,
    "pt-BR": 1718594298.808704,
    "ru": 1718594313.9776704,
    "tr": 1718594329.1797276
}