{
    "en-US": 1720149297.893992,
    "ar": 1720149313.0802093,
    "de": 1720149328.2721143,
    "es-ES": 1720149343.4594395,
    "es-MX": 1720149358.6543005,
    "fr": 1720149373.8233635,
    "it": 1720149389.042422,
    "ja": 1720149404.2054176,
    "ko": 1720149419.3698065,
    "pl": 1720149434.5399885,
    "pt-BR": 1720149449.73926,
    "ru": 1720149464.9070623,
    "tr": 1720149480.1001654
}