{
    "en-US": 1721063601.9405456,
    "ar": 1721063617.1439567,
    "de": 1721063632.3179824,
    "es-ES": 1721063647.4802547,
    "es-MX": 1721063662.6556997,
    "fr": 1721063677.8125136,
    "it": 1721063692.9868908,
    "ja": 1721063708.1483567,
    "ko": 1721063723.3096,
    "pl": 1721063738.4740365,
    "pt-BR": 1721063753.6710558,
    "ru": 1721063768.8477728,
    "tr": 1721063784.0043874
}