{
    "en-US": 1713672811.4797738,
    "ar": 1713672827.6505632,
    "de": 1713672843.4009202,
    "es-ES": 1713672859.0147648,
    "es-MX": 1713672874.69213,
    "fr": 1713672890.383016,
    "it": 1713672906.1201727,
    "ja": 1713672922.4220853,
    "ko": 1713672938.5167341,
    "pl": 1713672954.2259862,
    "pt-BR": 1713672969.9360378,
    "ru": 1713672985.8691695,
    "tr": 1713673001.8464632
}