{
    "en-US": 1720894561.4080098,
    "ar": 1720894576.5233622,
    "de": 1720894591.6363366,
    "es-ES": 1720894606.733412,
    "es-MX": 1720894621.8713334,
    "fr": 1720894636.9780834,
    "it": 1720894652.1513674,
    "ja": 1720894667.2483706,
    "ko": 1720894682.357255,
    "pl": 1720894697.4529512,
    "pt-BR": 1720894712.560501,
    "ru": 1720894727.6937826,
    "tr": 1720894742.8018515
}