{
    "en-US": 1721751571.4923625,
    "ar": 1721751586.6146443,
    "de": 1721751601.7316306,
    "es-ES": 1721751616.8391995,
    "es-MX": 1721751631.95479,
    "fr": 1721751647.0808938,
    "it": 1721751662.2296717,
    "ja": 1721751677.3387794,
    "ko": 1721751692.4366796,
    "pl": 1721751707.560776,
    "pt-BR": 1721751722.662637,
    "ru": 1721751737.7707293,
    "tr": 1721751752.8904803
}