{
    "en-US": 1718100928.1897151,
    "ar": 1718100944.6223123,
    "de": 1718100960.4661689,
    "es-ES": 1718100976.5280712,
    "es-MX": 1718100991.7327635,
    "fr": 1718101006.9119866,
    "it": 1718101022.10514,
    "ja": 1718101037.2883193,
    "ko": 1718101052.4787283,
    "pl": 1718101067.6865246,
    "pt-BR": 1718101082.86591,
    "ru": 1718101098.0394983,
    "tr": 1718101113.2274334
}