{
    "en-US": 1716944220.4835725,
    "ar": 1716944236.2640796,
    "de": 1716944251.9260724,
    "es-ES": 1716944267.2772305,
    "es-MX": 1716944282.7808967,
    "fr": 1716944298.5699868,
    "it": 1716944314.3387256,
    "ja": 1716944331.7296484,
    "ko": 1716944348.5223122,
    "pl": 1716944364.0025523,
    "pt-BR": 1716944379.8021078,
    "ru": 1716944395.648844,
    "tr": 1716944411.5875933
}