{
    "en-US": 1718608392.3371313,
    "ar": 1718608408.6912324,
    "de": 1718608424.737083,
    "es-ES": 1718608440.2708747,
    "es-MX": 1718608455.4640272,
    "fr": 1718608470.6857257,
    "it": 1718608485.8623447,
    "ja": 1718608501.0362787,
    "ko": 1718608516.2153544,
    "pl": 1718608531.4014893,
    "pt-BR": 1718608546.5797074,
    "ru": 1718608561.74744,
    "tr": 1718608576.916068
}