{
    "en-US": 1718748756.9002633,
    "ar": 1718748773.215867,
    "de": 1718748789.0750558,
    "es-ES": 1718748804.2793322,
    "es-MX": 1718748819.521597,
    "fr": 1718748834.7023704,
    "it": 1718748849.8788698,
    "ja": 1718748865.0522714,
    "ko": 1718748880.2624128,
    "pl": 1718748895.4320717,
    "pt-BR": 1718748910.6206667,
    "ru": 1718748925.7974856,
    "tr": 1718748940.9883053
}