{
    "en-US": 1716527639.3643506,
    "ar": 1716527655.477198,
    "de": 1716527671.0993161,
    "es-ES": 1716527686.6956232,
    "es-MX": 1716527702.5442486,
    "fr": 1716527717.9607983,
    "it": 1716527733.629603,
    "ja": 1716527751.4455636,
    "ko": 1716527768.4103022,
    "pl": 1716527783.8041022,
    "pt-BR": 1716527799.638347,
    "ru": 1716527815.3971667,
    "tr": 1716527831.1284797
}