{
    "en-US": 1714410682.3125062,
    "ar": 1714410698.802102,
    "de": 1714410714.376678,
    "es-ES": 1714410729.9413378,
    "es-MX": 1714410745.6542978,
    "fr": 1714410761.279585,
    "it": 1714410776.8955414,
    "ja": 1714410796.0432394,
    "ko": 1714410814.3052247,
    "pl": 1714410829.9110558,
    "pt-BR": 1714410845.6004663,
    "ru": 1714410861.5443387,
    "tr": 1714410877.4146767
}