{
    "en-US": 1718525750.5885847,
    "ar": 1718525765.7307596,
    "de": 1718525780.900494,
    "es-ES": 1718525796.0019877,
    "es-MX": 1718525811.1139684,
    "fr": 1718525826.2099304,
    "it": 1718525841.3370953,
    "ja": 1718525856.4343944,
    "ko": 1718525871.540134,
    "pl": 1718525886.6420631,
    "pt-BR": 1718525901.7662916,
    "ru": 1718525916.8665955,
    "tr": 1718525931.9843273
}