{
    "en-US": 1718910786.4737265,
    "ar": 1718910802.8516536,
    "de": 1718910818.9425628,
    "es-ES": 1718910834.1532278,
    "es-MX": 1718910849.4186187,
    "fr": 1718910864.6057165,
    "it": 1718910879.7928472,
    "ja": 1718910894.96661,
    "ko": 1718910910.1877942,
    "pl": 1718910925.357805,
    "pt-BR": 1718910940.5453763,
    "ru": 1718910955.7114244,
    "tr": 1718910970.9015734
}