{
    "en-US": 1721070753.5591626,
    "ar": 1721070768.7467155,
    "de": 1721070783.916091,
    "es-ES": 1721070799.089903,
    "es-MX": 1721070814.295568,
    "fr": 1721070829.4593337,
    "it": 1721070844.6395235,
    "ja": 1721070859.817351,
    "ko": 1721070874.9827158,
    "pl": 1721070890.160227,
    "pt-BR": 1721070905.352053,
    "ru": 1721070920.5183523,
    "tr": 1721070935.6961753
}