{
    "en-US": 1717355483.5482128,
    "ar": 1717355499.7984247,
    "de": 1717355515.4815798,
    "es-ES": 1717355530.9189372,
    "es-MX": 1717355546.7725782,
    "fr": 1717355562.6587021,
    "it": 1717355578.5303764,
    "ja": 1717355596.0581017,
    "ko": 1717355613.1073263,
    "pl": 1717355628.9523294,
    "pt-BR": 1717355644.864463,
    "ru": 1717355660.8588793,
    "tr": 1717355676.9354
}