{
    "en-US": 1715260505.443172,
    "ar": 1715260521.7461514,
    "de": 1715260537.6554327,
    "es-ES": 1715260553.4092464,
    "es-MX": 1715260569.2505996,
    "fr": 1715260585.3350794,
    "it": 1715260601.209037,
    "ja": 1715260618.2665315,
    "ko": 1715260635.2658377,
    "pl": 1715260651.1302805,
    "pt-BR": 1715260666.7028124,
    "ru": 1715260682.6306078,
    "tr": 1715260698.7640593
}