{
    "en-US": 1715134535.4422617,
    "ar": 1715134551.694966,
    "de": 1715134567.2908266,
    "es-ES": 1715134582.8465495,
    "es-MX": 1715134598.4603221,
    "fr": 1715134614.1317575,
    "it": 1715134629.5629723,
    "ja": 1715134647.6796484,
    "ko": 1715134665.1031766,
    "pl": 1715134680.787157,
    "pt-BR": 1715134696.4941032,
    "ru": 1715134712.3537443,
    "tr": 1715134728.151481
}