{
    "en-US": 1720534381.2013595,
    "ar": 1720534396.3801575,
    "de": 1720534411.5612564,
    "es-ES": 1720534426.7236536,
    "es-MX": 1720534441.9376414,
    "fr": 1720534457.1135511,
    "it": 1720534472.3112507,
    "ja": 1720534487.4733405,
    "ko": 1720534502.6516845,
    "pl": 1720534517.8463163,
    "pt-BR": 1720534533.0507183,
    "ru": 1720534548.226468,
    "tr": 1720534563.4048426
}