{
    "en-US": 1715984010.9923704,
    "ar": 1715984026.1701648,
    "de": 1715984041.3071287,
    "es-ES": 1715984056.4377346,
    "es-MX": 1715984072.4570627,
    "fr": 1715984087.609491,
    "it": 1715984103.5451066,
    "ja": 1715984118.7240834,
    "ko": 1715984136.2395928,
    "pl": 1715984151.399061,
    "pt-BR": 1715984166.5525472,
    "ru": 1715984181.673501,
    "tr": 1715984196.834938
}