{
    "en-US": 1716786884.5852454,
    "ar": 1716786900.8617566,
    "de": 1716786916.5489345,
    "es-ES": 1716786932.1777241,
    "es-MX": 1716786948.1930225,
    "fr": 1716786963.7050135,
    "it": 1716786979.500098,
    "ja": 1716786998.2154515,
    "ko": 1716787016.1887746,
    "pl": 1716787031.7586436,
    "pt-BR": 1716787047.5754647,
    "ru": 1716787063.4380157,
    "tr": 1716787079.4109645
}