{
    "en-US": 1719108290.653314,
    "ar": 1719108305.8035018,
    "de": 1719108320.950448,
    "es-ES": 1719108336.0654705,
    "es-MX": 1719108351.1629915,
    "fr": 1719108366.2537518,
    "it": 1719108381.380283,
    "ja": 1719108396.4764857,
    "ko": 1719108411.5850255,
    "pl": 1719108426.6847699,
    "pt-BR": 1719108441.8022738,
    "ru": 1719108456.89813,
    "tr": 1719108472.0486944
}