{
    "en-US": 1714932853.8126101,
    "ar": 1714932869.9310346,
    "de": 1714932885.7006252,
    "es-ES": 1714932901.200732,
    "es-MX": 1714932916.993007,
    "fr": 1714932932.9608884,
    "it": 1714932948.822332,
    "ja": 1714932966.0802565,
    "ko": 1714932983.009586,
    "pl": 1714932998.7316887,
    "pt-BR": 1714933014.5265937,
    "ru": 1714933030.589363,
    "tr": 1714933046.6195016
}