{
    "en-US": 1720285881.682878,
    "ar": 1720285896.8568435,
    "de": 1720285912.0285697,
    "es-ES": 1720285927.187616,
    "es-MX": 1720285942.374725,
    "fr": 1720285957.530275,
    "it": 1720285972.7016287,
    "ja": 1720285987.8683746,
    "ko": 1720286003.0472517,
    "pl": 1720286018.2111893,
    "pt-BR": 1720286033.4024994,
    "ru": 1720286048.5760317,
    "tr": 1720286063.7453015
}