{
    "en-US": 1719881771.648827,
    "ar": 1719881786.7671263,
    "de": 1719881801.955224,
    "es-ES": 1719881817.0721655,
    "es-MX": 1719881832.3355062,
    "fr": 1719881847.470921,
    "it": 1719881862.600182,
    "ja": 1719881877.702841,
    "ko": 1719881892.8105989,
    "pl": 1719881907.9116933,
    "pt-BR": 1719881923.0698073,
    "ru": 1719881938.1700795,
    "tr": 1719881953.2907891
}