{
    "en-US": 1722014102.5867584,
    "ar": 1722014117.6906774,
    "de": 1722014132.798721,
    "es-ES": 1722014147.8991022,
    "es-MX": 1722014163.0011604,
    "fr": 1722014178.138972,
    "it": 1722014193.2948484,
    "ja": 1722014208.3787317,
    "ko": 1722014223.4786956,
    "pl": 1722014238.5717897,
    "pt-BR": 1722014253.6827672,
    "ru": 1722014268.7771814,
    "tr": 1722014283.909943
}