{
    "en-US": 1715433131.3918507,
    "ar": 1715433147.5330043,
    "de": 1715433163.0632784,
    "es-ES": 1715433178.6543317,
    "es-MX": 1715433194.282229,
    "fr": 1715433209.8737657,
    "it": 1715433225.501344,
    "ja": 1715433243.5962782,
    "ko": 1715433260.6411867,
    "pl": 1715433276.2746372,
    "pt-BR": 1715433291.9278429,
    "ru": 1715433307.4765904,
    "tr": 1715433323.284701
}