{
    "en-US": 1719425877.3107395,
    "ar": 1719425892.4589086,
    "de": 1719425907.6046987,
    "es-ES": 1719425922.7584317,
    "es-MX": 1719425937.9468834,
    "fr": 1719425953.0614657,
    "it": 1719425968.2059574,
    "ja": 1719425983.3402057,
    "ko": 1719425998.477827,
    "pl": 1719426013.6169438,
    "pt-BR": 1719426028.81355,
    "ru": 1719426043.9542022,
    "tr": 1719426059.0961332
}