{
    "en-US": 1715087608.3824186,
    "ar": 1715087624.5634067,
    "de": 1715087640.156385,
    "es-ES": 1715087655.5096676,
    "es-MX": 1715087671.2354152,
    "fr": 1715087686.9108253,
    "it": 1715087702.659462,
    "ja": 1715087720.913842,
    "ko": 1715087738.051003,
    "pl": 1715087753.7884114,
    "pt-BR": 1715087769.4738104,
    "ru": 1715087785.4265194,
    "tr": 1715087801.1537294
}