{
    "en-US": 1722356292.5090878,
    "ar": 1722356307.6333828,
    "de": 1722356322.7598412,
    "es-ES": 1722356337.8513327,
    "es-MX": 1722356352.9735055,
    "fr": 1722356368.0856233,
    "it": 1722356383.2017198,
    "ja": 1722356398.2945313,
    "ko": 1722356413.3948817,
    "pl": 1722356428.484124,
    "pt-BR": 1722356443.6012685,
    "ru": 1722356458.7437677,
    "tr": 1722356473.8517008
}