{
    "en-US": 1718162175.7945316,
    "ar": 1718162192.2589827,
    "de": 1718162207.9809406,
    "es-ES": 1718162223.1459036,
    "es-MX": 1718162238.3667595,
    "fr": 1718162253.486381,
    "it": 1718162268.5880492,
    "ja": 1718162283.7122452,
    "ko": 1718162298.8610609,
    "pl": 1718162313.974802,
    "pt-BR": 1718162329.0740426,
    "ru": 1718162344.1983287,
    "tr": 1718162359.3091226
}