{
    "en-US": 1715681724.9887285,
    "ar": 1715681741.0803833,
    "de": 1715681756.751623,
    "es-ES": 1715681772.438649,
    "es-MX": 1715681788.1498647,
    "fr": 1715681803.8809357,
    "it": 1715681819.5884395,
    "ja": 1715681836.974134,
    "ko": 1715681854.1293144,
    "pl": 1715681869.9325228,
    "pt-BR": 1715681885.6914918,
    "ru": 1715681901.5212598,
    "tr": 1715681917.369978
}