{
    "en-US": 1715131987.6168053,
    "ar": 1715132003.8616402,
    "de": 1715132019.4513958,
    "es-ES": 1715132034.824793,
    "es-MX": 1715132050.527557,
    "fr": 1715132066.1650238,
    "it": 1715132081.7958608,
    "ja": 1715132099.9017048,
    "ko": 1715132117.8179889,
    "pl": 1715132133.5384188,
    "pt-BR": 1715132148.962321,
    "ru": 1715132164.7850626,
    "tr": 1715132180.5919383
}