{
    "en-US": 1716369316.5534947,
    "ar": 1716369332.7649586,
    "de": 1716369348.554328,
    "es-ES": 1716369364.2998152,
    "es-MX": 1716369380.096533,
    "fr": 1716369395.8780313,
    "it": 1716369411.713408,
    "ja": 1716369428.836249,
    "ko": 1716369446.0238535,
    "pl": 1716369461.832698,
    "pt-BR": 1716369477.5839536,
    "ru": 1716369493.5092382,
    "tr": 1716369509.3539445
}