{
    "en-US": 1717251165.7482038,
    "ar": 1717251181.537405,
    "de": 1717251197.3469608,
    "es-ES": 1717251213.1824143,
    "es-MX": 1717251229.29626,
    "fr": 1717251244.9122045,
    "it": 1717251260.8466876,
    "ja": 1717251277.2443924,
    "ko": 1717251297.5374792,
    "pl": 1717251313.5027177,
    "pt-BR": 1717251329.4090204,
    "ru": 1717251345.3161705,
    "tr": 1717251361.3755834
}