{
    "en-US": 1720494996.7350752,
    "ar": 1720495011.9129794,
    "de": 1720495027.1232874,
    "es-ES": 1720495042.2903836,
    "es-MX": 1720495057.462051,
    "fr": 1720495072.6298203,
    "it": 1720495087.8203914,
    "ja": 1720495102.986195,
    "ko": 1720495118.1633646,
    "pl": 1720495133.3180895,
    "pt-BR": 1720495148.4892993,
    "ru": 1720495163.6568756,
    "tr": 1720495178.8613806
}