{
    "en-US": 1717215347.3682847,
    "ar": 1717215363.1311395,
    "de": 1717215378.7644794,
    "es-ES": 1717215394.3694155,
    "es-MX": 1717215410.0470161,
    "fr": 1717215425.769738,
    "it": 1717215441.4951284,
    "ja": 1717215458.884586,
    "ko": 1717215475.9019296,
    "pl": 1717215491.6081762,
    "pt-BR": 1717215507.5795858,
    "ru": 1717215523.1071208,
    "tr": 1717215538.9120724
}