{
    "en-US": 1720918891.215049,
    "ar": 1720918906.3442426,
    "de": 1720918921.4482763,
    "es-ES": 1720918936.544721,
    "es-MX": 1720918951.662123,
    "fr": 1720918966.775978,
    "it": 1720918981.9238303,
    "ja": 1720918997.0252614,
    "ko": 1720919012.1865954,
    "pl": 1720919027.2849293,
    "pt-BR": 1720919042.3880355,
    "ru": 1720919057.5087152,
    "tr": 1720919072.6274955
}