{
    "en-US": 1717643756.7017698,
    "ar": 1717643772.9448264,
    "de": 1717643788.7556827,
    "es-ES": 1717643803.9485893,
    "es-MX": 1717643819.1613493,
    "fr": 1717643834.3318539,
    "it": 1717643849.5059066,
    "ja": 1717643864.6719766,
    "ko": 1717643879.860196,
    "pl": 1717643895.0278573,
    "pt-BR": 1717643910.2014732,
    "ru": 1717643925.3652809,
    "tr": 1717643940.5370622
}