{
    "en-US": 1720077316.7154653,
    "ar": 1720077331.8878849,
    "de": 1720077347.067518,
    "es-ES": 1720077362.2323844,
    "es-MX": 1720077377.4323316,
    "fr": 1720077392.6002593,
    "it": 1720077407.7745907,
    "ja": 1720077422.9363616,
    "ko": 1720077438.0981982,
    "pl": 1720077453.3229895,
    "pt-BR": 1720077468.5246072,
    "ru": 1720077483.6918688,
    "tr": 1720077498.8668709
}