{
    "en-US": 1720023433.8777819,
    "ar": 1720023449.0095377,
    "de": 1720023464.1430135,
    "es-ES": 1720023479.2522726,
    "es-MX": 1720023494.4026377,
    "fr": 1720023509.5188382,
    "it": 1720023524.6537628,
    "ja": 1720023539.7757676,
    "ko": 1720023554.9017782,
    "pl": 1720023570.022322,
    "pt-BR": 1720023585.3181906,
    "ru": 1720023600.4372938,
    "tr": 1720023615.5717387
}