{
    "en-US": 1716812558.8795657,
    "ar": 1716812586.3255296,
    "de": 1716812601.9570847,
    "es-ES": 1716812617.642978,
    "es-MX": 1716812633.1024365,
    "fr": 1716812648.9138174,
    "it": 1716812665.2813132,
    "ja": 1716812682.794962,
    "ko": 1716812699.9376795,
    "pl": 1716812715.43321,
    "pt-BR": 1716812730.898023,
    "ru": 1716812747.0761101,
    "tr": 1716812762.5987315
}