{
    "en-US": 1717445760.1253512,
    "ar": 1717445776.4605386,
    "de": 1717445792.3299077,
    "es-ES": 1717445808.1882362,
    "es-MX": 1717445823.701029,
    "fr": 1717445839.3080454,
    "it": 1717445855.2679482,
    "ja": 1717445872.5194814,
    "ko": 1717445889.4959352,
    "pl": 1717445905.564604,
    "pt-BR": 1717445921.8136141,
    "ru": 1717445938.1468213,
    "tr": 1717445954.4844146
}