{
    "en-US": 1716092120.4121077,
    "ar": 1716092136.23705,
    "de": 1716092151.966858,
    "es-ES": 1716092167.7285748,
    "es-MX": 1716092183.5416296,
    "fr": 1716092199.0929534,
    "it": 1716092214.8769307,
    "ja": 1716092231.1830084,
    "ko": 1716092247.3421018,
    "pl": 1716092262.877187,
    "pt-BR": 1716092278.7224896,
    "ru": 1716092294.2802758,
    "tr": 1716092310.099089
}