{
    "en-US": 1715418782.924057,
    "ar": 1715418799.155442,
    "de": 1715418814.890201,
    "es-ES": 1715418830.6327991,
    "es-MX": 1715418846.436411,
    "fr": 1715418862.406023,
    "it": 1715418878.139305,
    "ja": 1715418894.642537,
    "ko": 1715418910.8101945,
    "pl": 1715418926.6114187,
    "pt-BR": 1715418942.4564629,
    "ru": 1715418958.4135993,
    "tr": 1715418974.4069593
}