{
    "en-US": 1717741169.7787383,
    "ar": 1717741185.8494556,
    "de": 1717741201.8060408,
    "es-ES": 1717741217.4171433,
    "es-MX": 1717741232.561514,
    "fr": 1717741247.6730652,
    "it": 1717741262.788973,
    "ja": 1717741277.8908746,
    "ko": 1717741292.9925394,
    "pl": 1717741308.1199925,
    "pt-BR": 1717741323.2344747,
    "ru": 1717741338.3606012,
    "tr": 1717741353.483237
}