{
    "en-US": 1718828055.7955751,
    "ar": 1718828072.13564,
    "de": 1718828087.995892,
    "es-ES": 1718828103.1407464,
    "es-MX": 1718828118.3211577,
    "fr": 1718828133.4314306,
    "it": 1718828148.5543559,
    "ja": 1718828163.675853,
    "ko": 1718828178.7886932,
    "pl": 1718828193.90485,
    "pt-BR": 1718828209.042624,
    "ru": 1718828224.1935368,
    "tr": 1718828239.316099
}