{
    "en-US": 1714385653.622158,
    "ar": 1714385669.8065307,
    "de": 1714385685.3477492,
    "es-ES": 1714385700.8542266,
    "es-MX": 1714385716.4176683,
    "fr": 1714385732.0084264,
    "it": 1714385747.5978556,
    "ja": 1714385764.994122,
    "ko": 1714385782.1355743,
    "pl": 1714385797.7509813,
    "pt-BR": 1714385813.3345833,
    "ru": 1714385828.979612,
    "tr": 1714385844.657394
}