{
    "en-US": 1720167378.8142905,
    "ar": 1720167393.9486337,
    "de": 1720167409.0878382,
    "es-ES": 1720167424.1964014,
    "es-MX": 1720167439.3239708,
    "fr": 1720167454.4290996,
    "it": 1720167469.5557272,
    "ja": 1720167484.6614914,
    "ko": 1720167499.7996097,
    "pl": 1720167514.9064064,
    "pt-BR": 1720167530.0401742,
    "ru": 1720167545.1559474,
    "tr": 1720167560.269521
}