{
    "en-US": 1720945148.9104507,
    "ar": 1720945164.0230594,
    "de": 1720945179.123996,
    "es-ES": 1720945194.224153,
    "es-MX": 1720945209.4002097,
    "fr": 1720945224.5164945,
    "it": 1720945239.6338007,
    "ja": 1720945254.7262373,
    "ko": 1720945269.8138094,
    "pl": 1720945284.9057097,
    "pt-BR": 1720945300.0026226,
    "ru": 1720945315.0960686,
    "tr": 1720945330.2083333
}