{
    "en-US": 1716729125.501488,
    "ar": 1716729141.6180437,
    "de": 1716729157.4864163,
    "es-ES": 1716729173.5270677,
    "es-MX": 1716729189.358856,
    "fr": 1716729205.2677703,
    "it": 1716729221.1307302,
    "ja": 1716729237.5373056,
    "ko": 1716729253.7423575,
    "pl": 1716729269.6081903,
    "pt-BR": 1716729285.6830986,
    "ru": 1716729301.3372364,
    "tr": 1716729317.2175965
}