{
    "en-US": 1719436545.1002223,
    "ar": 1719436560.2628224,
    "de": 1719436575.383858,
    "es-ES": 1719436590.4908614,
    "es-MX": 1719436605.619134,
    "fr": 1719436620.734651,
    "it": 1719436635.8457754,
    "ja": 1719436650.9777565,
    "ko": 1719436666.1023605,
    "pl": 1719436681.2296274,
    "pt-BR": 1719436696.3459215,
    "ru": 1719436711.4780285,
    "tr": 1719436726.596745
}