{
    "en-US": 1721564558.5700784,
    "ar": 1721564573.7811043,
    "de": 1721564588.961585,
    "es-ES": 1721564604.1211934,
    "es-MX": 1721564619.2910695,
    "fr": 1721564634.4577768,
    "it": 1721564649.6295772,
    "ja": 1721564664.8188164,
    "ko": 1721564679.985038,
    "pl": 1721564695.147497,
    "pt-BR": 1721564710.3209062,
    "ru": 1721564725.4813886,
    "tr": 1721564740.6460922
}