{
    "en-US": 1714281223.3110118,
    "ar": 1714281239.3380234,
    "de": 1714281254.8366804,
    "es-ES": 1714281270.1782973,
    "es-MX": 1714281285.7286274,
    "fr": 1714281301.3120847,
    "it": 1714281316.7043748,
    "ja": 1714281334.1662862,
    "ko": 1714281351.3496816,
    "pl": 1714281366.9630854,
    "pt-BR": 1714281382.3690488,
    "ru": 1714281398.0325778,
    "tr": 1714281413.727472
}