{
    "en-US": 1716902115.9514163,
    "ar": 1716902132.2755253,
    "de": 1716902147.9750996,
    "es-ES": 1716902163.696114,
    "es-MX": 1716902179.3728383,
    "fr": 1716902196.2424815,
    "it": 1716902212.1053877,
    "ja": 1716902229.3824599,
    "ko": 1716902246.3864937,
    "pl": 1716902261.9731374,
    "pt-BR": 1716902277.8947606,
    "ru": 1716902293.5426598,
    "tr": 1716902309.376529
}