{
    "en-US": 1716823011.9871025,
    "ar": 1716823028.1446002,
    "de": 1716823043.8417125,
    "es-ES": 1716823059.569287,
    "es-MX": 1716823075.2551842,
    "fr": 1716823090.7430382,
    "it": 1716823106.6268783,
    "ja": 1716823123.9030917,
    "ko": 1716823141.2591567,
    "pl": 1716823156.7506518,
    "pt-BR": 1716823172.5972784,
    "ru": 1716823188.1817775,
    "tr": 1716823203.974592
}