{
    "en-US": 1717731088.3803594,
    "ar": 1717731104.771456,
    "de": 1717731120.473565,
    "es-ES": 1717731135.604383,
    "es-MX": 1717731150.720612,
    "fr": 1717731165.8320165,
    "it": 1717731180.9539402,
    "ja": 1717731196.067091,
    "ko": 1717731211.1956265,
    "pl": 1717731226.307856,
    "pt-BR": 1717731241.4650896,
    "ru": 1717731256.5963113,
    "tr": 1717731271.7230263
}