{
    "en-US": 1722309488.8657093,
    "ar": 1722309504.025307,
    "de": 1722309519.198347,
    "es-ES": 1722309534.363368,
    "es-MX": 1722309549.5552282,
    "fr": 1722309564.7206085,
    "it": 1722309579.8883746,
    "ja": 1722309595.043107,
    "ko": 1722309610.2033505,
    "pl": 1722309625.3496938,
    "pt-BR": 1722309640.529236,
    "ru": 1722309655.6837115,
    "tr": 1722309670.8485916
}