{
    "en-US": 1716995707.5945837,
    "ar": 1716995723.7762322,
    "de": 1716995739.6403701,
    "es-ES": 1716995755.4815536,
    "es-MX": 1716995771.5227253,
    "fr": 1716995787.1604798,
    "it": 1716995803.1333373,
    "ja": 1716995820.531866,
    "ko": 1716995837.5304832,
    "pl": 1716995853.5044572,
    "pt-BR": 1716995869.1421647,
    "ru": 1716995885.4157667,
    "tr": 1716995901.4840252
}