{
    "en-US": 1720573040.3169756,
    "ar": 1720573055.4472246,
    "de": 1720573071.1630728,
    "es-ES": 1720573086.2798889,
    "es-MX": 1720573101.4294207,
    "fr": 1720573116.5401247,
    "it": 1720573131.65109,
    "ja": 1720573146.746165,
    "ko": 1720573161.857021,
    "pl": 1720573176.9569414,
    "pt-BR": 1720573192.1095865,
    "ru": 1720573207.2149842,
    "tr": 1720573222.3360848
}