{
    "en-US": 1720412303.5759141,
    "ar": 1720412318.7378352,
    "de": 1720412333.8472238,
    "es-ES": 1720412348.9448001,
    "es-MX": 1720412364.0718272,
    "fr": 1720412379.1893294,
    "it": 1720412394.3127077,
    "ja": 1720412409.4083054,
    "ko": 1720412424.518728,
    "pl": 1720412439.635238,
    "pt-BR": 1720412454.744209,
    "ru": 1720412469.8767986,
    "tr": 1720412484.9772823
}