{
    "en-US": 1716988485.445649,
    "ar": 1716988501.2709076,
    "de": 1716988516.773075,
    "es-ES": 1716988532.254604,
    "es-MX": 1716988548.0256536,
    "fr": 1716988563.7644045,
    "it": 1716988579.7175877,
    "ja": 1716988596.3457258,
    "ko": 1716988612.7138717,
    "pl": 1716988628.657141,
    "pt-BR": 1716988644.602802,
    "ru": 1716988660.2980626,
    "tr": 1716988676.2157793
}