{
    "en-US": 1717406075.4616816,
    "ar": 1717406091.5312574,
    "de": 1717406107.2889006,
    "es-ES": 1717406123.0351,
    "es-MX": 1717406138.9042363,
    "fr": 1717406154.7854824,
    "it": 1717406170.697317,
    "ja": 1717406187.1054857,
    "ko": 1717406203.3598802,
    "pl": 1717406219.3697054,
    "pt-BR": 1717406235.22691,
    "ru": 1717406251.0929298,
    "tr": 1717406267.6265297
}