{
    "en-US": 1718954084.5533607,
    "ar": 1718954100.9734154,
    "de": 1718954116.7993107,
    "es-ES": 1718954132.006604,
    "es-MX": 1718954147.2470016,
    "fr": 1718954162.4684727,
    "it": 1718954177.645084,
    "ja": 1718954192.816942,
    "ko": 1718954208.0173697,
    "pl": 1718954223.187556,
    "pt-BR": 1718954238.3681717,
    "ru": 1718954253.5393987,
    "tr": 1718954268.7149742
}