{
    "en-US": 1716083953.6877527,
    "ar": 1716083969.4717665,
    "de": 1716083985.0878983,
    "es-ES": 1716084000.700708,
    "es-MX": 1716084016.1208873,
    "fr": 1716084031.5220282,
    "it": 1716084047.1564395,
    "ja": 1716084065.1314304,
    "ko": 1716084081.902089,
    "pl": 1716084097.3312974,
    "pt-BR": 1716084113.0615182,
    "ru": 1716084128.8148847,
    "tr": 1716084144.5196278
}