{
    "en-US": 1717816443.5312145,
    "ar": 1717816459.6218271,
    "de": 1717816475.4883773,
    "es-ES": 1717816490.680854,
    "es-MX": 1717816505.8545938,
    "fr": 1717816521.0316002,
    "it": 1717816536.2025518,
    "ja": 1717816551.364464,
    "ko": 1717816566.563891,
    "pl": 1717816581.7343585,
    "pt-BR": 1717816596.90956,
    "ru": 1717816612.0804152,
    "tr": 1717816627.2522478
}