{
    "en-US": 1718874926.7020864,
    "ar": 1718874942.7464948,
    "de": 1718874958.7344882,
    "es-ES": 1718874973.8650336,
    "es-MX": 1718874988.992697,
    "fr": 1718875004.09264,
    "it": 1718875019.214543,
    "ja": 1718875034.3155754,
    "ko": 1718875049.4469182,
    "pl": 1718875064.5638878,
    "pt-BR": 1718875079.6854348,
    "ru": 1718875094.7955112,
    "tr": 1718875109.9036276
}