{
    "en-US": 1717107306.7470982,
    "ar": 1717107322.8365834,
    "de": 1717107338.3442698,
    "es-ES": 1717107353.8260508,
    "es-MX": 1717107369.04997,
    "fr": 1717107384.2205555,
    "it": 1717107400.1071436,
    "ja": 1717107416.1681075,
    "ko": 1717107432.5785077,
    "pl": 1717107448.4860456,
    "pt-BR": 1717107464.4251146,
    "ru": 1717107480.290226,
    "tr": 1717107496.2327065
}