{
    "en-US": 1719378854.6050575,
    "ar": 1719378869.7379591,
    "de": 1719378884.8545654,
    "es-ES": 1719378899.9499307,
    "es-MX": 1719378915.080912,
    "fr": 1719378930.1854625,
    "it": 1719378945.3168423,
    "ja": 1719378960.4225297,
    "ko": 1719378975.52661,
    "pl": 1719378990.624545,
    "pt-BR": 1719379005.7387094,
    "ru": 1719379020.8618073,
    "tr": 1719379035.9729497
}