{
    "en-US": 1718332478.4011812,
    "ar": 1718332494.3406062,
    "de": 1718332510.0349517,
    "es-ES": 1718332525.7607255,
    "es-MX": 1718332541.6858525,
    "fr": 1718332556.9037075,
    "it": 1718332572.1427393,
    "ja": 1718332587.3277555,
    "ko": 1718332602.490125,
    "pl": 1718332617.6732564,
    "pt-BR": 1718332632.855801,
    "ru": 1718332648.0171022,
    "tr": 1718332663.1896498
}