{
    "en-US": 1716020089.8954234,
    "ar": 1716020105.9094422,
    "de": 1716020121.471382,
    "es-ES": 1716020137.0407448,
    "es-MX": 1716020152.6183689,
    "fr": 1716020167.9974093,
    "it": 1716020183.596047,
    "ja": 1716020201.1147146,
    "ko": 1716020218.0231254,
    "pl": 1716020233.4291377,
    "pt-BR": 1716020249.056645,
    "ru": 1716020264.5212393,
    "tr": 1716020280.1500485
}