{
    "en-US": 1716243136.253837,
    "ar": 1716243152.5586061,
    "de": 1716243168.4072943,
    "es-ES": 1716243184.200928,
    "es-MX": 1716243199.7534986,
    "fr": 1716243215.593797,
    "it": 1716243231.1607847,
    "ja": 1716243248.866111,
    "ko": 1716243266.0128603,
    "pl": 1716243281.8442588,
    "pt-BR": 1716243297.5471969,
    "ru": 1716243313.474196,
    "tr": 1716243329.4677055
}