{
    "en-US": 1720386859.162958,
    "ar": 1720386874.3309507,
    "de": 1720386889.5055792,
    "es-ES": 1720386904.6681619,
    "es-MX": 1720386919.840141,
    "fr": 1720386935.0008197,
    "it": 1720386950.188419,
    "ja": 1720386965.3456943,
    "ko": 1720386980.5067785,
    "pl": 1720386995.6709642,
    "pt-BR": 1720387010.8421872,
    "ru": 1720387026.0037887,
    "tr": 1720387041.2375147
}