{
    "en-US": 1719198963.2698884,
    "ar": 1719198978.4190886,
    "de": 1719198993.5859282,
    "es-ES": 1719199008.6928158,
    "es-MX": 1719199023.8179328,
    "fr": 1719199038.9306836,
    "it": 1719199054.086933,
    "ja": 1719199069.2104902,
    "ko": 1719199084.3244095,
    "pl": 1719199099.4268622,
    "pt-BR": 1719199114.5567942,
    "ru": 1719199129.6704226,
    "tr": 1719199144.8295748
}