{
    "en-US": 1721117922.8770642,
    "ar": 1721117937.9771597,
    "de": 1721117953.0759616,
    "es-ES": 1721117968.1652858,
    "es-MX": 1721117983.2769895,
    "fr": 1721117998.4003112,
    "it": 1721118013.5129206,
    "ja": 1721118028.6088192,
    "ko": 1721118043.6965072,
    "pl": 1721118058.7874773,
    "pt-BR": 1721118073.888623,
    "ru": 1721118088.9981215,
    "tr": 1721118104.0950167
}