{
    "en-US": 1722352490.787783,
    "ar": 1722352505.998217,
    "de": 1722352521.1844113,
    "es-ES": 1722352536.3400333,
    "es-MX": 1722352551.5131333,
    "fr": 1722352566.6775615,
    "it": 1722352581.848224,
    "ja": 1722352597.1078486,
    "ko": 1722352612.2814238,
    "pl": 1722352627.44176,
    "pt-BR": 1722352642.6065369,
    "ru": 1722352657.7640977,
    "tr": 1722352672.9290547
}