{
    "en-US": 1717485210.7432206,
    "ar": 1717485226.575656,
    "de": 1717485242.3416455,
    "es-ES": 1717485257.8206835,
    "es-MX": 1717485273.7444415,
    "fr": 1717485289.647809,
    "it": 1717485305.69881,
    "ja": 1717485322.1778386,
    "ko": 1717485338.4985824,
    "pl": 1717485354.1535962,
    "pt-BR": 1717485369.9563994,
    "ru": 1717485385.8963985,
    "tr": 1717485401.8205934
}