{
    "en-US": 1721495568.846913,
    "ar": 1721495583.9484243,
    "de": 1721495599.071158,
    "es-ES": 1721495614.16929,
    "es-MX": 1721495629.2849958,
    "fr": 1721495644.3753486,
    "it": 1721495659.5169356,
    "ja": 1721495674.6150181,
    "ko": 1721495689.7297554,
    "pl": 1721495704.8187513,
    "pt-BR": 1721495719.960076,
    "ru": 1721495735.0724792,
    "tr": 1721495750.1901102
}