{
    "en-US": 1720239396.2406044,
    "ar": 1720239411.4071085,
    "de": 1720239426.5800223,
    "es-ES": 1720239441.7301488,
    "es-MX": 1720239456.8938675,
    "fr": 1720239472.0505033,
    "it": 1720239487.2354345,
    "ja": 1720239502.3976464,
    "ko": 1720239517.5523574,
    "pl": 1720239532.7183864,
    "pt-BR": 1720239547.8939657,
    "ru": 1720239563.0512614,
    "tr": 1720239578.2409961
}