{
    "en-US": 1720836138.6270669,
    "ar": 1720836153.7394416,
    "de": 1720836168.8625834,
    "es-ES": 1720836183.9650831,
    "es-MX": 1720836199.0723474,
    "fr": 1720836214.1818523,
    "it": 1720836229.294192,
    "ja": 1720836244.3888257,
    "ko": 1720836259.4960313,
    "pl": 1720836274.5861702,
    "pt-BR": 1720836289.6971917,
    "ru": 1720836304.8105886,
    "tr": 1720836319.9176035
}