{
    "en-US": 1715138056.0348926,
    "ar": 1715138071.3077242,
    "de": 1715138086.5346024,
    "es-ES": 1715138101.7562964,
    "es-MX": 1715138116.971883,
    "fr": 1715138132.9817588,
    "it": 1715138148.7219923,
    "ja": 1715138166.2330992,
    "ko": 1715138183.1958523,
    "pl": 1715138198.9497352,
    "pt-BR": 1715138214.7108357,
    "ru": 1715138230.521977,
    "tr": 1715138246.3596456
}