{
    "en-US": 1721988897.821661,
    "ar": 1721988912.922486,
    "de": 1721988928.017875,
    "es-ES": 1721988943.115734,
    "es-MX": 1721988958.219794,
    "fr": 1721988973.3104174,
    "it": 1721988988.4303,
    "ja": 1721989003.5156617,
    "ko": 1721989018.6077645,
    "pl": 1721989033.6968367,
    "pt-BR": 1721989048.7935743,
    "ru": 1721989063.890204,
    "tr": 1721989079.0026102
}