{
    "en-US": 1717571621.1932075,
    "ar": 1717571637.4388685,
    "de": 1717571653.46918,
    "es-ES": 1717571669.1844237,
    "es-MX": 1717571684.7765682,
    "fr": 1717571700.6173134,
    "it": 1717571716.4669912,
    "ja": 1717571733.9716861,
    "ko": 1717571750.992783,
    "pl": 1717571766.624074,
    "pt-BR": 1717571782.8743103,
    "ru": 1717571798.8329475,
    "tr": 1717571814.735295
}