{
    "en-US": 1720960334.8942213,
    "ar": 1720960350.064845,
    "de": 1720960365.2521186,
    "es-ES": 1720960380.4113283,
    "es-MX": 1720960395.5965254,
    "fr": 1720960410.7595198,
    "it": 1720960425.9388885,
    "ja": 1720960441.112444,
    "ko": 1720960456.2835238,
    "pl": 1720960471.4565334,
    "pt-BR": 1720960486.645234,
    "ru": 1720960501.8285828,
    "tr": 1720960517.003947
}