{
    "en-US": 1718730817.3804905,
    "ar": 1718730833.7315857,
    "de": 1718730850.0405257,
    "es-ES": 1718730865.1833718,
    "es-MX": 1718730880.3967116,
    "fr": 1718730895.514779,
    "it": 1718730910.638295,
    "ja": 1718730925.7675507,
    "ko": 1718730940.9163673,
    "pl": 1718730956.0417552,
    "pt-BR": 1718730971.186088,
    "ru": 1718730986.3009796,
    "tr": 1718731001.4417784
}