{
    "en-US": 1720293070.5864823,
    "ar": 1720293085.7642062,
    "de": 1720293100.9425774,
    "es-ES": 1720293116.1265311,
    "es-MX": 1720293131.3393462,
    "fr": 1720293146.5118475,
    "it": 1720293161.6849418,
    "ja": 1720293176.8597705,
    "ko": 1720293192.0311913,
    "pl": 1720293207.1936908,
    "pt-BR": 1720293222.3985424,
    "ru": 1720293237.578152,
    "tr": 1720293252.7581735
}