{
    "en-US": 1717272777.1814802,
    "ar": 1717272793.5523815,
    "de": 1717272809.3495545,
    "es-ES": 1717272825.1258817,
    "es-MX": 1717272841.0488076,
    "fr": 1717272857.022342,
    "it": 1717272873.1639552,
    "ja": 1717272890.6413014,
    "ko": 1717272907.7830768,
    "pl": 1717272923.991305,
    "pt-BR": 1717272940.1006186,
    "ru": 1717272956.166779,
    "tr": 1717272972.1776428
}