{
    "en-US": 1715764565.460003,
    "ar": 1715764581.516114,
    "de": 1715764597.3233361,
    "es-ES": 1715764613.030922,
    "es-MX": 1715764628.935926,
    "fr": 1715764644.7657669,
    "it": 1715764660.6171198,
    "ja": 1715764676.7413998,
    "ko": 1715764692.957503,
    "pl": 1715764708.7698107,
    "pt-BR": 1715764724.5812023,
    "ru": 1715764740.7625058,
    "tr": 1715764756.5999358
}