{
    "en-US": 1717211803.825204,
    "ar": 1717211819.9937215,
    "de": 1717211835.6010132,
    "es-ES": 1717211851.2635648,
    "es-MX": 1717211867.0342867,
    "fr": 1717211882.672611,
    "it": 1717211898.6468036,
    "ja": 1717211916.517353,
    "ko": 1717211933.6059146,
    "pl": 1717211948.7468145,
    "pt-BR": 1717211964.8144312,
    "ru": 1717211980.3489296,
    "tr": 1717211996.0419774
}