{
    "en-US": 1715475383.3569024,
    "ar": 1715475399.6729014,
    "de": 1715475414.9119911,
    "es-ES": 1715475430.0947747,
    "es-MX": 1715475446.1945724,
    "fr": 1715475461.4172354,
    "it": 1715475477.5132403,
    "ja": 1715475495.5454462,
    "ko": 1715475510.7727084,
    "pl": 1715475525.9481316,
    "pt-BR": 1715475541.142249,
    "ru": 1715475556.3302765,
    "tr": 1715475571.5140111
}