{
    "en-US": 1721430824.4995813,
    "ar": 1721430839.6638865,
    "de": 1721430854.840602,
    "es-ES": 1721430869.9986439,
    "es-MX": 1721430885.183242,
    "fr": 1721430900.3398645,
    "it": 1721430915.5142238,
    "ja": 1721430930.67955,
    "ko": 1721430945.8422413,
    "pl": 1721430961.0045505,
    "pt-BR": 1721430976.2002845,
    "ru": 1721430991.3596535,
    "tr": 1721431006.5343094
}