{
    "en-US": 1715231612.6641822,
    "ar": 1715231628.8497088,
    "de": 1715231644.5846846,
    "es-ES": 1715231660.5022771,
    "es-MX": 1715231676.466815,
    "fr": 1715231692.3305984,
    "it": 1715231708.422046,
    "ja": 1715231726.1166484,
    "ko": 1715231743.4764042,
    "pl": 1715231759.2656333,
    "pt-BR": 1715231775.0442486,
    "ru": 1715231790.932624,
    "tr": 1715231806.7895904
}