{
    "en-US": 1721895524.2727768,
    "ar": 1721895539.4473565,
    "de": 1721895554.6115148,
    "es-ES": 1721895569.7700408,
    "es-MX": 1721895584.95892,
    "fr": 1721895600.122991,
    "it": 1721895615.3185189,
    "ja": 1721895630.4876213,
    "ko": 1721895645.649874,
    "pl": 1721895660.8071287,
    "pt-BR": 1721895675.9754853,
    "ru": 1721895691.138181,
    "tr": 1721895706.3143983
}