{
    "en-US": 1714137156.4342222,
    "ar": 1714137172.5151753,
    "de": 1714137188.247448,
    "es-ES": 1714137203.73967,
    "es-MX": 1714137219.6328638,
    "fr": 1714137235.3459637,
    "it": 1714137251.1173508,
    "ja": 1714137268.260281,
    "ko": 1714137285.120085,
    "pl": 1714137300.8820393,
    "pt-BR": 1714137316.58236,
    "ru": 1714137332.5404785,
    "tr": 1714137348.4262354
}