{
    "en-US": 1718270136.5250182,
    "ar": 1718270151.6714177,
    "de": 1718270166.8368974,
    "es-ES": 1718270181.9418323,
    "es-MX": 1718270197.047261,
    "fr": 1718270212.1666327,
    "it": 1718270227.2868085,
    "ja": 1718270242.401139,
    "ko": 1718270257.5151167,
    "pl": 1718270272.6155672,
    "pt-BR": 1718270287.726161,
    "ru": 1718270302.841561,
    "tr": 1718270317.9725163
}