{
    "en-US": 1716279408.9116457,
    "ar": 1716279424.6757886,
    "de": 1716279440.2935064,
    "es-ES": 1716279456.1919146,
    "es-MX": 1716279471.8642719,
    "fr": 1716279487.5301907,
    "it": 1716279503.1935806,
    "ja": 1716279520.5379603,
    "ko": 1716279537.2461963,
    "pl": 1716279552.6380239,
    "pt-BR": 1716279568.2985888,
    "ru": 1716279584.017602,
    "tr": 1716279599.6616852
}