{
    "en-US": 1716477247.9334824,
    "ar": 1716477264.1181214,
    "de": 1716477279.6403096,
    "es-ES": 1716477295.14317,
    "es-MX": 1716477311.0728905,
    "fr": 1716477326.7401125,
    "it": 1716477342.7350605,
    "ja": 1716477359.2112873,
    "ko": 1716477375.6124442,
    "pl": 1716477391.529166,
    "pt-BR": 1716477407.2759752,
    "ru": 1716477423.2275977,
    "tr": 1716477439.1430507
}