{
    "en-US": 1715980354.0699456,
    "ar": 1715980370.2373226,
    "de": 1715980385.7817035,
    "es-ES": 1715980401.436159,
    "es-MX": 1715980416.8375893,
    "fr": 1715980432.2462761,
    "it": 1715980448.0362387,
    "ja": 1715980465.846164,
    "ko": 1715980485.2712057,
    "pl": 1715980501.0132115,
    "pt-BR": 1715980516.7062418,
    "ru": 1715980532.4719622,
    "tr": 1715980548.1993809
}