{
    "en-US": 1721312044.460302,
    "ar": 1721312059.6420305,
    "de": 1721312074.820324,
    "es-ES": 1721312089.98443,
    "es-MX": 1721312105.1868587,
    "fr": 1721312120.3442757,
    "it": 1721312135.5207162,
    "ja": 1721312150.6820178,
    "ko": 1721312165.8544588,
    "pl": 1721312181.015488,
    "pt-BR": 1721312196.2090652,
    "ru": 1721312211.371166,
    "tr": 1721312226.5427017
}