{
    "en-US": 1722068179.0187194,
    "ar": 1722068194.122736,
    "de": 1722068209.2207258,
    "es-ES": 1722068224.3050065,
    "es-MX": 1722068239.4338694,
    "fr": 1722068254.519324,
    "it": 1722068269.6104755,
    "ja": 1722068284.6940806,
    "ko": 1722068299.781034,
    "pl": 1722068314.872094,
    "pt-BR": 1722068329.9862363,
    "ru": 1722068345.071028,
    "tr": 1722068360.1631584
}