{
    "en-US": 1722021280.002248,
    "ar": 1722021295.1031864,
    "de": 1722021310.2092621,
    "es-ES": 1722021325.3119771,
    "es-MX": 1722021340.4795892,
    "fr": 1722021355.5755932,
    "it": 1722021370.689497,
    "ja": 1722021385.786601,
    "ko": 1722021400.8851652,
    "pl": 1722021415.982362,
    "pt-BR": 1722021431.116512,
    "ru": 1722021446.2080524,
    "tr": 1722021461.3057134
}