{
    "en-US": 1719213273.3116148,
    "ar": 1719213289.7076118,
    "de": 1719213305.7543526,
    "es-ES": 1719213320.9718778,
    "es-MX": 1719213336.1924975,
    "fr": 1719213351.3902116,
    "it": 1719213366.5816,
    "ja": 1719213381.7662542,
    "ko": 1719213396.954465,
    "pl": 1719213412.1316245,
    "pt-BR": 1719213427.3235223,
    "ru": 1719213442.533341,
    "tr": 1719213457.724208
}