{
    "en-US": 1720033897.3613837,
    "ar": 1720033912.4822323,
    "de": 1720033927.64212,
    "es-ES": 1720033942.754276,
    "es-MX": 1720033957.9063199,
    "fr": 1720033973.025496,
    "it": 1720033988.1584585,
    "ja": 1720034003.3057418,
    "ko": 1720034018.446429,
    "pl": 1720034033.5751462,
    "pt-BR": 1720034048.7063286,
    "ru": 1720034063.8239481,
    "tr": 1720034078.9606977
}