{
    "en-US": 1717045998.226986,
    "ar": 1717046014.3918896,
    "de": 1717046030.1754978,
    "es-ES": 1717046046.315788,
    "es-MX": 1717046062.1307263,
    "fr": 1717046077.9672582,
    "it": 1717046095.1353834,
    "ja": 1717046112.4567127,
    "ko": 1717046130.4449549,
    "pl": 1717046146.3616564,
    "pt-BR": 1717046162.425418,
    "ru": 1717046179.684586,
    "tr": 1717046196.7147934
}