{
    "en-US": 1715706699.9115329,
    "ar": 1715706716.2146194,
    "de": 1715706731.7320232,
    "es-ES": 1715706747.578189,
    "es-MX": 1715706763.5522447,
    "fr": 1715706779.4168866,
    "it": 1715706795.5825162,
    "ja": 1715706812.818046,
    "ko": 1715706829.7552338,
    "pl": 1715706845.736342,
    "pt-BR": 1715706861.701067,
    "ru": 1715706877.3275347,
    "tr": 1715706893.388269
}