{
    "en-US": 1719731630.9885015,
    "ar": 1719731646.1505945,
    "de": 1719731661.3024979,
    "es-ES": 1719731676.4213936,
    "es-MX": 1719731691.559609,
    "fr": 1719731706.7259088,
    "it": 1719731721.8758426,
    "ja": 1719731737.001297,
    "ko": 1719731752.1297364,
    "pl": 1719731767.2650642,
    "pt-BR": 1719731782.4151237,
    "ru": 1719731797.5623794,
    "tr": 1719731812.6960287
}