{
    "en-US": 1717639118.7102761,
    "ar": 1717639134.6019337,
    "de": 1717639150.3530576,
    "es-ES": 1717639166.6441252,
    "es-MX": 1717639182.5613334,
    "fr": 1717639198.2180805,
    "it": 1717639213.4431903,
    "ja": 1717639228.6189108,
    "ko": 1717639243.8188028,
    "pl": 1717639259.0112998,
    "pt-BR": 1717639274.4708126,
    "ru": 1717639289.668927,
    "tr": 1717639304.8779323
}