{
    "en-US": 1719774659.3898735,
    "ar": 1719774674.5672793,
    "de": 1719774689.7602048,
    "es-ES": 1719774704.927279,
    "es-MX": 1719774720.1090293,
    "fr": 1719774735.2676256,
    "it": 1719774750.4617028,
    "ja": 1719774765.6287186,
    "ko": 1719774780.7985413,
    "pl": 1719774795.9654202,
    "pt-BR": 1719774811.1322758,
    "ru": 1719774826.2924733,
    "tr": 1719774841.4812412
}