{
    "en-US": 1719605625.1203365,
    "ar": 1719605640.3096707,
    "de": 1719605655.4885776,
    "es-ES": 1719605670.6593416,
    "es-MX": 1719605685.8542466,
    "fr": 1719605701.0210927,
    "it": 1719605716.197199,
    "ja": 1719605731.372551,
    "ko": 1719605746.5501935,
    "pl": 1719605761.71507,
    "pt-BR": 1719605776.9142222,
    "ru": 1719605792.0954876,
    "tr": 1719605807.2691066
}