{
    "en-US": 1716693239.644672,
    "ar": 1716693255.4320383,
    "de": 1716693271.0607235,
    "es-ES": 1716693286.6172733,
    "es-MX": 1716693302.621663,
    "fr": 1716693318.0885382,
    "it": 1716693333.8948162,
    "ja": 1716693351.6085527,
    "ko": 1716693368.9505136,
    "pl": 1716693384.6405141,
    "pt-BR": 1716693400.3503294,
    "ru": 1716693416.1373122,
    "tr": 1716693431.873341
}