{
    "en-US": 1721974749.155314,
    "ar": 1721974764.3201413,
    "de": 1721974779.4831567,
    "es-ES": 1721974794.6429079,
    "es-MX": 1721974809.8451462,
    "fr": 1721974824.9955082,
    "it": 1721974840.1706414,
    "ja": 1721974855.322993,
    "ko": 1721974870.4816458,
    "pl": 1721974885.6383662,
    "pt-BR": 1721974900.8059518,
    "ru": 1721974915.965178,
    "tr": 1721974931.1394246
}