{
    "en-US": 1718223304.5429192,
    "ar": 1718223320.596193,
    "de": 1718223336.4933422,
    "es-ES": 1718223351.6847076,
    "es-MX": 1718223366.9020493,
    "fr": 1718223382.0742664,
    "it": 1718223397.2478178,
    "ja": 1718223412.417957,
    "ko": 1718223427.6232207,
    "pl": 1718223442.7970362,
    "pt-BR": 1718223457.9669225,
    "ru": 1718223473.1352787,
    "tr": 1718223488.313786
}