{
    "en-US": 1715195447.9812856,
    "ar": 1715195464.2186162,
    "de": 1715195479.9471986,
    "es-ES": 1715195495.4290504,
    "es-MX": 1715195511.3825006,
    "fr": 1715195527.265062,
    "it": 1715195543.1369007,
    "ja": 1715195560.809554,
    "ko": 1715195578.090285,
    "pl": 1715195593.8711495,
    "pt-BR": 1715195609.4212368,
    "ru": 1715195625.4340236,
    "tr": 1715195641.3721895
}