{
    "en-US": 1719393396.8478813,
    "ar": 1719393412.034254,
    "de": 1719393427.2121468,
    "es-ES": 1719393442.381363,
    "es-MX": 1719393457.5764976,
    "fr": 1719393472.7496417,
    "it": 1719393487.9415588,
    "ja": 1719393503.114563,
    "ko": 1719393518.2896264,
    "pl": 1719393533.4689164,
    "pt-BR": 1719393548.6501706,
    "ru": 1719393563.8208551,
    "tr": 1719393579.0217245
}