{
    "en-US": 1718853313.3027403,
    "ar": 1718853328.5105183,
    "de": 1718853343.7143176,
    "es-ES": 1718853358.8766267,
    "es-MX": 1718853374.0656056,
    "fr": 1718853389.241313,
    "it": 1718853404.444348,
    "ja": 1718853419.6090639,
    "ko": 1718853434.7805717,
    "pl": 1718853449.9519928,
    "pt-BR": 1718853465.1268733,
    "ru": 1718853480.2920136,
    "tr": 1718853495.4806924
}