{
    "en-US": 1715483649.8518243,
    "ar": 1715483665.9637268,
    "de": 1715483681.5349963,
    "es-ES": 1715483697.0697706,
    "es-MX": 1715483712.4913123,
    "fr": 1715483728.1276639,
    "it": 1715483743.9466617,
    "ja": 1715483761.645191,
    "ko": 1715483778.8503761,
    "pl": 1715483794.476512,
    "pt-BR": 1715483810.119925,
    "ru": 1715483825.8370867,
    "tr": 1715483841.6754677
}