{
    "en-US": 1716837095.0456038,
    "ar": 1716837111.3563802,
    "de": 1716837127.3030524,
    "es-ES": 1716837143.1306777,
    "es-MX": 1716837158.9808805,
    "fr": 1716837174.760458,
    "it": 1716837190.6871257,
    "ja": 1716837208.3300729,
    "ko": 1716837225.4622788,
    "pl": 1716837241.4382937,
    "pt-BR": 1716837257.1430314,
    "ru": 1716837272.8671186,
    "tr": 1716837288.8234003
}