{
    "en-US": 1721931437.0873044,
    "ar": 1721931452.2001646,
    "de": 1721931467.3290544,
    "es-ES": 1721931482.4275072,
    "es-MX": 1721931497.5609112,
    "fr": 1721931512.656552,
    "it": 1721931527.768785,
    "ja": 1721931542.8837998,
    "ko": 1721931557.9835067,
    "pl": 1721931573.0782175,
    "pt-BR": 1721931588.2163205,
    "ru": 1721931603.3230808,
    "tr": 1721931618.4282665
}