{
    "en-US": 1718111790.6221514,
    "ar": 1718111805.7861474,
    "de": 1718111820.9750881,
    "es-ES": 1718111836.1485717,
    "es-MX": 1718111851.3407204,
    "fr": 1718111866.5042,
    "it": 1718111881.6848903,
    "ja": 1718111896.8565352,
    "ko": 1718111912.0351012,
    "pl": 1718111927.1996443,
    "pt-BR": 1718111942.4073832,
    "ru": 1718111957.5944307,
    "tr": 1718111972.7702897
}