{
    "en-US": 1721535316.0285888,
    "ar": 1721535331.1919782,
    "de": 1721535346.3815444,
    "es-ES": 1721535361.5451117,
    "es-MX": 1721535376.7307382,
    "fr": 1721535391.88707,
    "it": 1721535407.0804014,
    "ja": 1721535422.2390141,
    "ko": 1721535437.4146845,
    "pl": 1721535452.571721,
    "pt-BR": 1721535467.7625124,
    "ru": 1721535482.9281747,
    "tr": 1721535498.0916698
}