{
    "en-US": 1717233350.0259159,
    "ar": 1717233366.2135077,
    "de": 1717233382.0282829,
    "es-ES": 1717233397.7600725,
    "es-MX": 1717233413.6110704,
    "fr": 1717233429.6126482,
    "it": 1717233445.2226803,
    "ja": 1717233462.543584,
    "ko": 1717233479.4859056,
    "pl": 1717233495.2665854,
    "pt-BR": 1717233511.0635207,
    "ru": 1717233526.777847,
    "tr": 1717233542.702978
}