{
    "en-US": 1715775859.8630683,
    "ar": 1715775875.9612038,
    "de": 1715775891.6326263,
    "es-ES": 1715775907.415868,
    "es-MX": 1715775923.1858647,
    "fr": 1715775938.9365842,
    "it": 1715775954.717195,
    "ja": 1715775972.4510689,
    "ko": 1715775989.3827035,
    "pl": 1715776005.2139366,
    "pt-BR": 1715776020.9730806,
    "ru": 1715776036.862769,
    "tr": 1715776052.7942107
}