{
    "en-US": 1714119360.3235261,
    "ar": 1714119376.5010283,
    "de": 1714119391.8837147,
    "es-ES": 1714119407.4506068,
    "es-MX": 1714119423.0789196,
    "fr": 1714119438.629917,
    "it": 1714119454.3524234,
    "ja": 1714119471.9043329,
    "ko": 1714119488.9329188,
    "pl": 1714119504.5506473,
    "pt-BR": 1714119520.0961518,
    "ru": 1714119535.7858646,
    "tr": 1714119551.856837
}