{
    "en-US": 1722381201.0193582,
    "ar": 1722381216.1912858,
    "de": 1722381231.3634582,
    "es-ES": 1722381246.5304625,
    "es-MX": 1722381261.711667,
    "fr": 1722381276.8651316,
    "it": 1722381292.0533004,
    "ja": 1722381307.2161398,
    "ko": 1722381322.3795273,
    "pl": 1722381337.538406,
    "pt-BR": 1722381352.7025287,
    "ru": 1722381367.8658304,
    "tr": 1722381383.0466397
}