{
    "en-US": 1720174501.1200147,
    "ar": 1720174516.305584,
    "de": 1720174531.479965,
    "es-ES": 1720174546.6540983,
    "es-MX": 1720174561.8342397,
    "fr": 1720174576.9960885,
    "it": 1720174592.203534,
    "ja": 1720174607.3823473,
    "ko": 1720174622.5558288,
    "pl": 1720174637.7217581,
    "pt-BR": 1720174652.896907,
    "ru": 1720174668.064048,
    "tr": 1720174683.2524009
}