{
    "en-US": 1716819211.1789792,
    "ar": 1716819227.0475247,
    "de": 1716819242.7718387,
    "es-ES": 1716819258.380379,
    "es-MX": 1716819274.1648,
    "fr": 1716819289.8547974,
    "it": 1716819305.641592,
    "ja": 1716819323.4388437,
    "ko": 1716819340.552012,
    "pl": 1716819356.5807035,
    "pt-BR": 1716819372.4491847,
    "ru": 1716819387.967659,
    "tr": 1716819403.838439
}