{
    "en-US": 1721099904.5539906,
    "ar": 1721099919.7088878,
    "de": 1721099934.8741004,
    "es-ES": 1721099950.0340958,
    "es-MX": 1721099965.2348907,
    "fr": 1721099980.3926222,
    "it": 1721099995.5684695,
    "ja": 1721100010.7378786,
    "ko": 1721100025.9001353,
    "pl": 1721100041.0603943,
    "pt-BR": 1721100056.2560334,
    "ru": 1721100071.427531,
    "tr": 1721100086.60696
}