{
    "en-US": 1714414551.6569872,
    "ar": 1714414567.9278307,
    "de": 1714414583.5569723,
    "es-ES": 1714414599.1724894,
    "es-MX": 1714414614.99933,
    "fr": 1714414630.8610952,
    "it": 1714414646.5182405,
    "ja": 1714414666.281246,
    "ko": 1714414684.0609488,
    "pl": 1714414699.6669993,
    "pt-BR": 1714414715.2823858,
    "ru": 1714414730.99781,
    "tr": 1714414746.7556398
}