{
    "en-US": 1718622769.356314,
    "ar": 1718622784.4959624,
    "de": 1718622799.6723952,
    "es-ES": 1718622814.785282,
    "es-MX": 1718622829.905145,
    "fr": 1718622845.0214696,
    "it": 1718622860.1511457,
    "ja": 1718622875.258595,
    "ko": 1718622890.3898878,
    "pl": 1718622905.4912786,
    "pt-BR": 1718622920.6098316,
    "ru": 1718622935.7175,
    "tr": 1718622950.8546352
}