{
    "en-US": 1722338028.8276742,
    "ar": 1722338043.9276545,
    "de": 1722338059.030338,
    "es-ES": 1722338074.1223083,
    "es-MX": 1722338089.2316658,
    "fr": 1722338104.353499,
    "it": 1722338119.5478473,
    "ja": 1722338134.6435552,
    "ko": 1722338149.7394102,
    "pl": 1722338164.8269446,
    "pt-BR": 1722338179.9523258,
    "ru": 1722338195.0511365,
    "tr": 1722338210.1826346
}