{
    "en-US": 1714475536.4312239,
    "ar": 1714475553.1958027,
    "de": 1714475568.767881,
    "es-ES": 1714475584.100524,
    "es-MX": 1714475599.6768858,
    "fr": 1714475615.2327344,
    "it": 1714475630.7900693,
    "ja": 1714475649.8468344,
    "ko": 1714475667.2733734,
    "pl": 1714475682.9168522,
    "pt-BR": 1714475698.5131607,
    "ru": 1714475714.331182,
    "tr": 1714475729.9793015
}