{
    "en-US": 1714403614.2411911,
    "ar": 1714403630.5052297,
    "de": 1714403646.2398825,
    "es-ES": 1714403661.8546793,
    "es-MX": 1714403677.3211877,
    "fr": 1714403693.0480773,
    "it": 1714403708.7081568,
    "ja": 1714403728.4446645,
    "ko": 1714403746.2859266,
    "pl": 1714403762.040718,
    "pt-BR": 1714403777.7603817,
    "ru": 1714403793.497364,
    "tr": 1714403809.271034
}