{
    "en-US": 1717424048.9767885,
    "ar": 1717424065.3067453,
    "de": 1717424081.1621034,
    "es-ES": 1717424096.9872744,
    "es-MX": 1717424112.9969316,
    "fr": 1717424128.9718251,
    "it": 1717424145.104897,
    "ja": 1717424163.0000212,
    "ko": 1717424179.714603,
    "pl": 1717424195.7506657,
    "pt-BR": 1717424211.382175,
    "ru": 1717424227.0442438,
    "tr": 1717424243.174928
}