{
    "en-US": 1716425571.4355044,
    "ar": 1716425587.835531,
    "de": 1716425603.640857,
    "es-ES": 1716425619.4068255,
    "es-MX": 1716425635.2359617,
    "fr": 1716425651.1012177,
    "it": 1716425666.939154,
    "ja": 1716425684.3141806,
    "ko": 1716425701.2827563,
    "pl": 1716425717.1620712,
    "pt-BR": 1716425732.9273267,
    "ru": 1716425748.8004606,
    "tr": 1716425764.67766
}