{
    "en-US": 1714796092.4858148,
    "ar": 1714796108.5711694,
    "de": 1714796124.2938523,
    "es-ES": 1714796139.790183,
    "es-MX": 1714796155.5248883,
    "fr": 1714796171.2631838,
    "it": 1714796187.0038254,
    "ja": 1714796203.5184965,
    "ko": 1714796219.8539984,
    "pl": 1714796235.635599,
    "pt-BR": 1714796251.3954585,
    "ru": 1714796267.1444092,
    "tr": 1714796283.1364217
}