{
    "en-US": 1721197124.1242485,
    "ar": 1721197139.2288656,
    "de": 1721197154.3425543,
    "es-ES": 1721197169.4277139,
    "es-MX": 1721197184.5372722,
    "fr": 1721197199.6323507,
    "it": 1721197214.7459517,
    "ja": 1721197229.8351634,
    "ko": 1721197244.9246545,
    "pl": 1721197260.0201266,
    "pt-BR": 1721197275.1316943,
    "ru": 1721197290.2560086,
    "tr": 1721197305.3672597
}