{
    "en-US": 1720325715.6392853,
    "ar": 1720325730.794616,
    "de": 1720325745.9593072,
    "es-ES": 1720325761.13787,
    "es-MX": 1720325776.323612,
    "fr": 1720325791.4925547,
    "it": 1720325806.673084,
    "ja": 1720325821.8382773,
    "ko": 1720325837.0062203,
    "pl": 1720325852.163703,
    "pt-BR": 1720325867.3444397,
    "ru": 1720325882.5044248,
    "tr": 1720325897.6645098
}