{
    "en-US": 1717222614.8730097,
    "ar": 1717222631.1898024,
    "de": 1717222646.6735601,
    "es-ES": 1717222662.0092537,
    "es-MX": 1717222677.7731917,
    "fr": 1717222693.4879196,
    "it": 1717222709.4414926,
    "ja": 1717222726.5131974,
    "ko": 1717222743.2797818,
    "pl": 1717222758.8892922,
    "pt-BR": 1717222774.546122,
    "ru": 1717222790.078378,
    "tr": 1717222805.8695605
}