{
    "en-US": 1716448384.2050703,
    "ar": 1716448400.2287521,
    "de": 1716448415.7974117,
    "es-ES": 1716448431.3838792,
    "es-MX": 1716448446.9993865,
    "fr": 1716448462.406746,
    "it": 1716448478.0276194,
    "ja": 1716448495.8405433,
    "ko": 1716448512.9170802,
    "pl": 1716448528.3137317,
    "pt-BR": 1716448543.9075382,
    "ru": 1716448559.3753622,
    "tr": 1716448575.0156024
}