{
    "en-US": 1714054212.4742782,
    "ar": 1714054228.7130404,
    "de": 1714054244.43569,
    "es-ES": 1714054259.9738874,
    "es-MX": 1714054275.9495554,
    "fr": 1714054291.9444194,
    "it": 1714054307.705452,
    "ja": 1714054326.0347502,
    "ko": 1714054343.5295017,
    "pl": 1714054359.2925818,
    "pt-BR": 1714054375.0696397,
    "ru": 1714054390.8735902,
    "tr": 1714054406.6996944
}