{
    "en-US": 1715807519.4711277,
    "ar": 1715807535.5568378,
    "de": 1715807551.2577233,
    "es-ES": 1715807566.7794294,
    "es-MX": 1715807582.5693655,
    "fr": 1715807597.9814148,
    "it": 1715807613.6626694,
    "ja": 1715807630.975138,
    "ko": 1715807648.263159,
    "pl": 1715807664.0022907,
    "pt-BR": 1715807679.9300964,
    "ru": 1715807695.412665,
    "tr": 1715807711.1543176
}