{
    "en-US": 1718831690.6630251,
    "ar": 1718831705.7820039,
    "de": 1718831720.8864727,
    "es-ES": 1718831736.0161207,
    "es-MX": 1718831751.135641,
    "fr": 1718831766.251386,
    "it": 1718831781.4060128,
    "ja": 1718831796.5135713,
    "ko": 1718831811.626064,
    "pl": 1718831826.7497444,
    "pt-BR": 1718831841.8608594,
    "ru": 1718831856.9719226,
    "tr": 1718831872.0934942
}