{
    "en-US": 1715804056.299145,
    "ar": 1715804072.3555858,
    "de": 1715804088.1631002,
    "es-ES": 1715804103.7714026,
    "es-MX": 1715804119.7881756,
    "fr": 1715804135.640778,
    "it": 1715804151.432469,
    "ja": 1715804167.8184035,
    "ko": 1715804183.9017916,
    "pl": 1715804199.588105,
    "pt-BR": 1715804215.5553637,
    "ru": 1715804231.3826132,
    "tr": 1715804246.9337802
}