{
    "en-US": 1720170929.2904215,
    "ar": 1720170944.4666238,
    "de": 1720170959.6435103,
    "es-ES": 1720170974.8124278,
    "es-MX": 1720170990.0168383,
    "fr": 1720171005.1806855,
    "it": 1720171020.3614738,
    "ja": 1720171035.5326352,
    "ko": 1720171050.703144,
    "pl": 1720171065.870501,
    "pt-BR": 1720171081.076851,
    "ru": 1720171096.2490551,
    "tr": 1720171111.4213717
}