{
    "en-US": 1718864278.3650053,
    "ar": 1718864294.3030307,
    "de": 1718864310.0696957,
    "es-ES": 1718864325.2441988,
    "es-MX": 1718864340.434549,
    "fr": 1718864355.5795197,
    "it": 1718864370.7521126,
    "ja": 1718864385.9127698,
    "ko": 1718864401.0931084,
    "pl": 1718864416.2531466,
    "pt-BR": 1718864431.4244876,
    "ru": 1718864446.57984,
    "tr": 1718864461.743253
}