{
    "en-US": 1716294144.8917289,
    "ar": 1716294160.9034078,
    "de": 1716294176.5600193,
    "es-ES": 1716294192.2181573,
    "es-MX": 1716294207.8952162,
    "fr": 1716294223.3069994,
    "it": 1716294239.033903,
    "ja": 1716294256.7685163,
    "ko": 1716294274.0032074,
    "pl": 1716294289.676115,
    "pt-BR": 1716294305.4965138,
    "ru": 1716294321.2926278,
    "tr": 1716294337.028316
}