{
    "en-US": 1717442031.2102058,
    "ar": 1717442047.2900753,
    "de": 1717442062.9991126,
    "es-ES": 1717442078.3743289,
    "es-MX": 1717442094.2595675,
    "fr": 1717442110.149974,
    "it": 1717442125.9531965,
    "ja": 1717442145.5687137,
    "ko": 1717442163.1068375,
    "pl": 1717442179.0645711,
    "pt-BR": 1717442195.046388,
    "ru": 1717442211.0084853,
    "tr": 1717442226.9131746
}