{
    "en-US": 1716286425.3252974,
    "ar": 1716286441.6052718,
    "de": 1716286457.437145,
    "es-ES": 1716286473.1917567,
    "es-MX": 1716286488.973471,
    "fr": 1716286504.7534876,
    "it": 1716286520.4867668,
    "ja": 1716286537.7822273,
    "ko": 1716286554.783464,
    "pl": 1716286570.605408,
    "pt-BR": 1716286586.6486342,
    "ru": 1716286602.3035412,
    "tr": 1716286618.1521058
}