{
    "en-US": 1721639836.3965638,
    "ar": 1721639852.0643525,
    "de": 1721639867.2343302,
    "es-ES": 1721639882.4007366,
    "es-MX": 1721639897.5608997,
    "fr": 1721639912.7389972,
    "it": 1721639927.9450066,
    "ja": 1721639943.1121964,
    "ko": 1721639958.299174,
    "pl": 1721639973.456088,
    "pt-BR": 1721639988.619979,
    "ru": 1721640003.7935529,
    "tr": 1721640018.9740913
}