{
    "en-US": 1720091697.4630733,
    "ar": 1720091712.5824752,
    "de": 1720091727.7038507,
    "es-ES": 1720091742.8114321,
    "es-MX": 1720091757.9326298,
    "fr": 1720091773.0475607,
    "it": 1720091788.1768687,
    "ja": 1720091803.2898097,
    "ko": 1720091818.4167373,
    "pl": 1720091833.522758,
    "pt-BR": 1720091848.6384332,
    "ru": 1720091863.7470024,
    "tr": 1720091878.8699753
}