{
    "en-US": 1719810848.4004784,
    "ar": 1719810863.5508997,
    "de": 1719810878.6615767,
    "es-ES": 1719810893.7656393,
    "es-MX": 1719810908.9054346,
    "fr": 1719810924.0140498,
    "it": 1719810939.129242,
    "ja": 1719810954.2270935,
    "ko": 1719810969.3354816,
    "pl": 1719810984.449252,
    "pt-BR": 1719810999.5911593,
    "ru": 1719811014.6931636,
    "tr": 1719811029.8024342
}