{
    "en-US": 1721672231.465137,
    "ar": 1721672246.6342416,
    "de": 1721672261.812323,
    "es-ES": 1721672276.972591,
    "es-MX": 1721672292.1447322,
    "fr": 1721672307.2994835,
    "it": 1721672322.4953868,
    "ja": 1721672337.6576345,
    "ko": 1721672352.8297668,
    "pl": 1721672368.4062688,
    "pt-BR": 1721672383.5827544,
    "ru": 1721672398.7435467,
    "tr": 1721672413.926805
}