{
    "en-US": 1716794101.8786054,
    "ar": 1716794118.1450558,
    "de": 1716794133.6872537,
    "es-ES": 1716794149.3909087,
    "es-MX": 1716794165.2550058,
    "fr": 1716794181.1181853,
    "it": 1716794196.9789567,
    "ja": 1716794214.928512,
    "ko": 1716794232.3092952,
    "pl": 1716794248.1779501,
    "pt-BR": 1716794264.2244046,
    "ru": 1716794279.892791,
    "tr": 1716794295.945171
}