{
    "en-US": 1719382791.4551535,
    "ar": 1719382806.5664566,
    "de": 1719382821.6835735,
    "es-ES": 1719382836.7789745,
    "es-MX": 1719382851.892012,
    "fr": 1719382867.0146658,
    "it": 1719382882.1241505,
    "ja": 1719382897.2279081,
    "ko": 1719382912.3449562,
    "pl": 1719382927.4416265,
    "pt-BR": 1719382942.5609245,
    "ru": 1719382957.68302,
    "tr": 1719382972.8048644
}