{
    "en-US": 1714079612.121283,
    "ar": 1714079628.427336,
    "de": 1714079644.1351962,
    "es-ES": 1714079659.8146791,
    "es-MX": 1714079675.5202546,
    "fr": 1714079691.2805572,
    "it": 1714079706.9891071,
    "ja": 1714079724.8727984,
    "ko": 1714079741.9730282,
    "pl": 1714079757.7533622,
    "pt-BR": 1714079773.7317421,
    "ru": 1714079789.8366547,
    "tr": 1714079805.867035
}