{
    "en-US": 1716927295.3089554,
    "ar": 1716927311.5714407,
    "de": 1716927327.2720847,
    "es-ES": 1716927342.9612496,
    "es-MX": 1716927358.457399,
    "fr": 1716927373.9964998,
    "it": 1716927389.8073194,
    "ja": 1716927408.4703166,
    "ko": 1716927425.74817,
    "pl": 1716927441.23898,
    "pt-BR": 1716927457.1668386,
    "ru": 1716927472.9679198,
    "tr": 1716927488.9005773
}