{
    "en-US": 1716721879.331715,
    "ar": 1716721895.3665445,
    "de": 1716721911.084263,
    "es-ES": 1716721926.8114977,
    "es-MX": 1716721942.6871524,
    "fr": 1716721958.4930708,
    "it": 1716721974.1066844,
    "ja": 1716721990.4015527,
    "ko": 1716722006.6870797,
    "pl": 1716722022.5022516,
    "pt-BR": 1716722038.3461614,
    "ru": 1716722053.9815354,
    "tr": 1716722069.856955
}