{
    "en-US": 1716380580.4019883,
    "ar": 1716380596.628928,
    "de": 1716380612.4491115,
    "es-ES": 1716380627.9493523,
    "es-MX": 1716380643.836746,
    "fr": 1716380659.3798318,
    "it": 1716380675.1911173,
    "ja": 1716380692.665051,
    "ko": 1716380709.738167,
    "pl": 1716380725.2879932,
    "pt-BR": 1716380741.1804762,
    "ru": 1716380757.2268617,
    "tr": 1716380773.1644995
}