{
    "en-US": 1714986843.694248,
    "ar": 1714986859.7406816,
    "de": 1714986875.4321938,
    "es-ES": 1714986890.9151833,
    "es-MX": 1714986906.4566793,
    "fr": 1714986922.0067942,
    "it": 1714986937.551914,
    "ja": 1714986953.7872114,
    "ko": 1714986969.8901513,
    "pl": 1714986985.5346208,
    "pt-BR": 1714987001.2551131,
    "ru": 1714987017.0741403,
    "tr": 1714987032.824762
}