{
    "en-US": 1719421989.437538,
    "ar": 1719422004.6188278,
    "de": 1719422019.805548,
    "es-ES": 1719422034.9712462,
    "es-MX": 1719422050.1464245,
    "fr": 1719422065.3263588,
    "it": 1719422080.563714,
    "ja": 1719422095.7398336,
    "ko": 1719422110.9150777,
    "pl": 1719422126.1048212,
    "pt-BR": 1719422141.3044784,
    "ru": 1719422156.4900262,
    "tr": 1719422171.6955285
}