{
    "en-US": 1718212364.806185,
    "ar": 1718212380.0207505,
    "de": 1718212395.2825637,
    "es-ES": 1718212410.451664,
    "es-MX": 1718212425.635835,
    "fr": 1718212440.8145099,
    "it": 1718212456.0197132,
    "ja": 1718212471.1962078,
    "ko": 1718212486.36742,
    "pl": 1718212501.5334926,
    "pt-BR": 1718212516.7596238,
    "ru": 1718212531.9275894,
    "tr": 1718212547.1178474
}