{
    "en-US": 1716707572.2605932,
    "ar": 1716707588.1235378,
    "de": 1716707603.864344,
    "es-ES": 1716707619.6095955,
    "es-MX": 1716707635.52292,
    "fr": 1716707651.4731123,
    "it": 1716707667.3094003,
    "ja": 1716707684.0934992,
    "ko": 1716707700.2580874,
    "pl": 1716707716.1604378,
    "pt-BR": 1716707732.2933319,
    "ru": 1716707747.973225,
    "tr": 1716707763.914496
}