{
    "en-US": 1714057929.3784223,
    "ar": 1714057945.468551,
    "de": 1714057960.8702114,
    "es-ES": 1714057976.4656637,
    "es-MX": 1714057992.156098,
    "fr": 1714058007.7969651,
    "it": 1714058023.41459,
    "ja": 1714058041.0766785,
    "ko": 1714058058.2598293,
    "pl": 1714058073.8933785,
    "pt-BR": 1714058089.5324986,
    "ru": 1714058105.4181545,
    "tr": 1714058121.1593082
}