{
    "en-US": 1715638361.858985,
    "ar": 1715638378.0057902,
    "de": 1715638394.1089537,
    "es-ES": 1715638409.629066,
    "es-MX": 1715638425.5155072,
    "fr": 1715638441.3068771,
    "it": 1715638457.1412055,
    "ja": 1715638474.1766686,
    "ko": 1715638490.9991918,
    "pl": 1715638506.8590758,
    "pt-BR": 1715638523.145624,
    "ru": 1715638538.9887476,
    "tr": 1715638555.0051436
}