{
    "en-US": 1717517822.8350475,
    "ar": 1717517839.1408978,
    "de": 1717517854.9414995,
    "es-ES": 1717517870.6053383,
    "es-MX": 1717517886.359214,
    "fr": 1717517902.2498186,
    "it": 1717517918.0599606,
    "ja": 1717517935.7881463,
    "ko": 1717517952.7264912,
    "pl": 1717517968.5662453,
    "pt-BR": 1717517984.6597512,
    "ru": 1717518000.7737012,
    "tr": 1717518016.7773345
}