{
    "en-US": 1720682172.8538973,
    "ar": 1720682187.9530404,
    "de": 1720682203.0494883,
    "es-ES": 1720682218.1362097,
    "es-MX": 1720682233.2424884,
    "fr": 1720682248.3789227,
    "it": 1720682263.4750657,
    "ja": 1720682278.5639405,
    "ko": 1720682293.6554627,
    "pl": 1720682308.7525003,
    "pt-BR": 1720682323.8597093,
    "ru": 1720682338.9832768,
    "tr": 1720682354.0837102
}