{
    "en-US": 1719609278.0946808,
    "ar": 1719609293.2688224,
    "de": 1719609308.4571958,
    "es-ES": 1719609323.6192367,
    "es-MX": 1719609338.8134747,
    "fr": 1719609353.9753723,
    "it": 1719609369.1578557,
    "ja": 1719609384.3312273,
    "ko": 1719609399.5027936,
    "pl": 1719609414.6798856,
    "pt-BR": 1719609429.8855088,
    "ru": 1719609445.0554311,
    "tr": 1719609460.2238734
}