{
    "en-US": 1720749709.5923543,
    "ar": 1720749724.7715666,
    "de": 1720749739.9488938,
    "es-ES": 1720749755.116873,
    "es-MX": 1720749770.8374228,
    "fr": 1720749786.0152287,
    "it": 1720749801.192661,
    "ja": 1720749816.3609338,
    "ko": 1720749831.5392005,
    "pl": 1720749846.7040753,
    "pt-BR": 1720749861.9012265,
    "ru": 1720749877.0735807,
    "tr": 1720749892.2469716
}