{
    "en-US": 1717420580.4878635,
    "ar": 1717420596.791244,
    "de": 1717420612.4468644,
    "es-ES": 1717420628.155414,
    "es-MX": 1717420643.9520466,
    "fr": 1717420659.7786324,
    "it": 1717420675.5438366,
    "ja": 1717420693.7896101,
    "ko": 1717420711.3591173,
    "pl": 1717420727.2734628,
    "pt-BR": 1717420743.3702073,
    "ru": 1717420759.2830858,
    "tr": 1717420775.1740377
}