{
    "en-US": 1721005114.5842648,
    "ar": 1721005129.7708685,
    "de": 1721005144.9531744,
    "es-ES": 1721005160.1319673,
    "es-MX": 1721005175.347528,
    "fr": 1721005190.5292544,
    "it": 1721005205.7363408,
    "ja": 1721005220.8999827,
    "ko": 1721005236.077176,
    "pl": 1721005251.2472103,
    "pt-BR": 1721005266.4358962,
    "ru": 1721005281.6002223,
    "tr": 1721005296.7804773
}