{
    "en-US": 1722010668.9995058,
    "ar": 1722010684.1095378,
    "de": 1722010699.2348728,
    "es-ES": 1722010714.340568,
    "es-MX": 1722010729.4540782,
    "fr": 1722010744.549374,
    "it": 1722010759.6913197,
    "ja": 1722010774.7929611,
    "ko": 1722010789.9153225,
    "pl": 1722010805.0211778,
    "pt-BR": 1722010820.145909,
    "ru": 1722010835.2370403,
    "tr": 1722010850.3690689
}