{
    "en-US": 1719037050.2044299,
    "ar": 1719037066.3079479,
    "de": 1719037082.3998463,
    "es-ES": 1719037097.5262785,
    "es-MX": 1719037112.713698,
    "fr": 1719037127.8413866,
    "it": 1719037142.9578671,
    "ja": 1719037158.0552027,
    "ko": 1719037173.1987894,
    "pl": 1719037188.2984557,
    "pt-BR": 1719037203.4100819,
    "ru": 1719037218.5058799,
    "tr": 1719037233.6160653
}