{
    "en-US": 1721805234.802532,
    "ar": 1721805249.9060733,
    "de": 1721805265.015397,
    "es-ES": 1721805280.1124685,
    "es-MX": 1721805295.2191691,
    "fr": 1721805310.309369,
    "it": 1721805325.4502068,
    "ja": 1721805340.545678,
    "ko": 1721805355.6476846,
    "pl": 1721805370.7378242,
    "pt-BR": 1721805385.850168,
    "ru": 1721805400.9399524,
    "tr": 1721805416.0506847
}