{
    "en-US": 1715965923.5754552,
    "ar": 1715965939.840159,
    "de": 1715965955.5442188,
    "es-ES": 1715965971.2079923,
    "es-MX": 1715965986.9954093,
    "fr": 1715966002.439568,
    "it": 1715966018.192055,
    "ja": 1715966036.4421055,
    "ko": 1715966053.7161262,
    "pl": 1715966069.3945303,
    "pt-BR": 1715966085.0858576,
    "ru": 1715966100.6249702,
    "tr": 1715966116.4266481
}