{
    "en-US": 1715660054.24469,
    "ar": 1715660070.2134519,
    "de": 1715660085.9375756,
    "es-ES": 1715660101.4318314,
    "es-MX": 1715660117.2446363,
    "fr": 1715660133.008862,
    "it": 1715660148.2468646,
    "ja": 1715660163.4275239,
    "ko": 1715660179.7250743,
    "pl": 1715660194.9357507,
    "pt-BR": 1715660210.1309385,
    "ru": 1715660226.0848627,
    "tr": 1715660241.9069188
}