{
    "en-US": 1719918744.1438339,
    "ar": 1719918759.3175344,
    "de": 1719918774.4947217,
    "es-ES": 1719918789.6626983,
    "es-MX": 1719918804.8449779,
    "fr": 1719918820.0033238,
    "it": 1719918835.17553,
    "ja": 1719918850.3423278,
    "ko": 1719918865.515139,
    "pl": 1719918880.6761143,
    "pt-BR": 1719918895.8867059,
    "ru": 1719918911.0486257,
    "tr": 1719918926.209745
}