{
    "en-US": 1719083605.4467793,
    "ar": 1719083620.6595745,
    "de": 1719083635.8870316,
    "es-ES": 1719083651.0561051,
    "es-MX": 1719083666.2275026,
    "fr": 1719083681.4199607,
    "it": 1719083696.5993023,
    "ja": 1719083711.7641957,
    "ko": 1719083726.9396057,
    "pl": 1719083742.1284928,
    "pt-BR": 1719083757.304143,
    "ru": 1719083772.4764874,
    "tr": 1719083787.6612072
}