{
    "en-US": 1715993555.18207,
    "ar": 1715993571.2372472,
    "de": 1715993586.9859078,
    "es-ES": 1715993602.619343,
    "es-MX": 1715993618.2467475,
    "fr": 1715993633.917078,
    "it": 1715993649.6491315,
    "ja": 1715993667.246208,
    "ko": 1715993684.3381672,
    "pl": 1715993699.9912133,
    "pt-BR": 1715993715.670164,
    "ru": 1715993731.4218538,
    "tr": 1715993747.146143
}