{
    "en-US": 1715724819.4869497,
    "ar": 1715724835.5375874,
    "de": 1715724851.196852,
    "es-ES": 1715724866.8540745,
    "es-MX": 1715724882.6803377,
    "fr": 1715724898.3670075,
    "it": 1715724914.0838845,
    "ja": 1715724932.0369163,
    "ko": 1715724949.2684476,
    "pl": 1715724965.060162,
    "pt-BR": 1715724980.7982616,
    "ru": 1715724996.5301511,
    "tr": 1715725012.3168476
}