{
    "en-US": 1715263966.9149532,
    "ar": 1715263982.8812754,
    "de": 1715263998.523538,
    "es-ES": 1715264014.14156,
    "es-MX": 1715264029.8544927,
    "fr": 1715264045.2669005,
    "it": 1715264061.0620508,
    "ja": 1715264078.8033082,
    "ko": 1715264095.801582,
    "pl": 1715264111.5044243,
    "pt-BR": 1715264127.1838622,
    "ru": 1715264142.9849958,
    "tr": 1715264158.8722703
}