{
    "en-US": 1720653254.7896485,
    "ar": 1720653269.8995311,
    "de": 1720653285.0069454,
    "es-ES": 1720653300.1141853,
    "es-MX": 1720653315.234672,
    "fr": 1720653330.359301,
    "it": 1720653345.4892664,
    "ja": 1720653360.6043732,
    "ko": 1720653375.699932,
    "pl": 1720653390.8270848,
    "pt-BR": 1720653405.9440706,
    "ru": 1720653421.053418,
    "tr": 1720653436.1751032
}