{
    "en-US": 1718243963.5182009,
    "ar": 1718243978.7211585,
    "de": 1718243993.9212015,
    "es-ES": 1718244009.0899374,
    "es-MX": 1718244024.257473,
    "fr": 1718244039.4169486,
    "it": 1718244054.604053,
    "ja": 1718244069.7690518,
    "ko": 1718244084.9448018,
    "pl": 1718244100.114691,
    "pt-BR": 1718244115.2892444,
    "ru": 1718244130.4605803,
    "tr": 1718244145.6543717
}