{
    "en-US": 1719465249.6570024,
    "ar": 1719465264.7716422,
    "de": 1719465279.881741,
    "es-ES": 1719465294.985994,
    "es-MX": 1719465310.1126425,
    "fr": 1719465325.2156787,
    "it": 1719465340.35892,
    "ja": 1719465355.457369,
    "ko": 1719465370.5766795,
    "pl": 1719465385.6741412,
    "pt-BR": 1719465400.7894464,
    "ru": 1719465415.889696,
    "tr": 1719465431.0163376
}