{
    "en-US": 1717496076.990705,
    "ar": 1717496092.994796,
    "de": 1717496108.8124888,
    "es-ES": 1717496124.5306926,
    "es-MX": 1717496140.4048839,
    "fr": 1717496156.2681503,
    "it": 1717496172.172249,
    "ja": 1717496188.5139844,
    "ko": 1717496204.7382517,
    "pl": 1717496220.8079007,
    "pt-BR": 1717496236.736155,
    "ru": 1717496252.6139781,
    "tr": 1717496268.6973832
}