{
    "en-US": 1721186156.838202,
    "ar": 1721186172.0459137,
    "de": 1721186187.2228308,
    "es-ES": 1721186202.3777144,
    "es-MX": 1721186217.5707364,
    "fr": 1721186232.738286,
    "it": 1721186247.9129841,
    "ja": 1721186263.0809846,
    "ko": 1721186278.2566874,
    "pl": 1721186293.421345,
    "pt-BR": 1721186308.615021,
    "ru": 1721186323.7792165,
    "tr": 1721186338.943823
}