{
    "en-US": 1716711265.8769162,
    "ar": 1716711281.6549494,
    "de": 1716711297.3245618,
    "es-ES": 1716711313.034731,
    "es-MX": 1716711329.0945804,
    "fr": 1716711344.708527,
    "it": 1716711360.588026,
    "ja": 1716711377.0485814,
    "ko": 1716711393.2865107,
    "pl": 1716711409.0952766,
    "pt-BR": 1716711424.897616,
    "ru": 1716711440.7285817,
    "tr": 1716711456.5918465
}