{
    "en-US": 1714173158.8786201,
    "ar": 1714173174.8809898,
    "de": 1714173190.167726,
    "es-ES": 1714173205.9445477,
    "es-MX": 1714173221.6467326,
    "fr": 1714173237.147688,
    "it": 1714173252.8464615,
    "ja": 1714173269.327195,
    "ko": 1714173285.4982724,
    "pl": 1714173301.033046,
    "pt-BR": 1714173316.7826695,
    "ru": 1714173332.5309849,
    "tr": 1714173348.4882789
}