{
    "en-US": 1720721890.3351917,
    "ar": 1720721905.5130694,
    "de": 1720721920.7060356,
    "es-ES": 1720721935.8674908,
    "es-MX": 1720721951.0521336,
    "fr": 1720721966.2187805,
    "it": 1720721981.4104936,
    "ja": 1720721996.5754023,
    "ko": 1720722011.7421305,
    "pl": 1720722026.912271,
    "pt-BR": 1720722042.088248,
    "ru": 1720722057.2490656,
    "tr": 1720722072.4386096
}