{
    "en-US": 1716740148.1071477,
    "ar": 1716740164.0877905,
    "de": 1716740180.074347,
    "es-ES": 1716740195.5690274,
    "es-MX": 1716740211.2068791,
    "fr": 1716740226.8765426,
    "it": 1716740242.7647254,
    "ja": 1716740260.0967042,
    "ko": 1716740277.057969,
    "pl": 1716740293.2502992,
    "pt-BR": 1716740309.3279119,
    "ru": 1716740325.5034683,
    "tr": 1716740341.69119
}