{
    "en-US": 1714990442.5488741,
    "ar": 1714990458.7541907,
    "de": 1714990474.3202374,
    "es-ES": 1714990489.853557,
    "es-MX": 1714990505.483311,
    "fr": 1714990520.876948,
    "it": 1714990536.3046603,
    "ja": 1714990554.3814032,
    "ko": 1714990571.4753718,
    "pl": 1714990586.9375834,
    "pt-BR": 1714990602.3766181,
    "ru": 1714990617.862233,
    "tr": 1714990633.3657846
}