{
    "en-US": 1719821875.2729182,
    "ar": 1719821890.3892026,
    "de": 1719821905.517493,
    "es-ES": 1719821920.6125197,
    "es-MX": 1719821935.7379906,
    "fr": 1719821950.8532252,
    "it": 1719821965.9825282,
    "ja": 1719821981.0915768,
    "ko": 1719821996.198445,
    "pl": 1719822011.3313262,
    "pt-BR": 1719822026.4438202,
    "ru": 1719822041.5450683,
    "tr": 1719822056.6758442
}