{
    "en-US": 1716898946.8399785,
    "ar": 1716898962.7805934,
    "de": 1716898978.5879989,
    "es-ES": 1716898994.299146,
    "es-MX": 1716899009.8982544,
    "fr": 1716899025.8454475,
    "it": 1716899041.897437,
    "ja": 1716899058.928247,
    "ko": 1716899076.103419,
    "pl": 1716899091.909076,
    "pt-BR": 1716899107.9483213,
    "ru": 1716899124.1602433,
    "tr": 1716899140.14716
}