{
    "en-US": 1719601890.885479,
    "ar": 1719601906.061288,
    "de": 1719601921.2489567,
    "es-ES": 1719601936.4227552,
    "es-MX": 1719601951.6585186,
    "fr": 1719601966.8161385,
    "it": 1719601982.0075254,
    "ja": 1719601997.1759892,
    "ko": 1719602012.350084,
    "pl": 1719602027.5247545,
    "pt-BR": 1719602042.803651,
    "ru": 1719602057.984297,
    "tr": 1719602073.1722362
}