{
    "en-US": 1717704952.2010238,
    "ar": 1717704968.548218,
    "de": 1717704984.5133796,
    "es-ES": 1717705000.6972568,
    "es-MX": 1717705015.9015265,
    "fr": 1717705031.083045,
    "it": 1717705046.2641404,
    "ja": 1717705061.4283853,
    "ko": 1717705076.6347203,
    "pl": 1717705091.8000553,
    "pt-BR": 1717705106.985103,
    "ru": 1717705122.1504343,
    "tr": 1717705137.317703
}