{
    "en-US": 1716966807.4724526,
    "ar": 1716966823.5809639,
    "de": 1716966839.2296128,
    "es-ES": 1716966854.8427873,
    "es-MX": 1716966870.5914333,
    "fr": 1716966886.5099962,
    "it": 1716966902.2512667,
    "ja": 1716966919.597939,
    "ko": 1716966936.6705053,
    "pl": 1716966952.3788166,
    "pt-BR": 1716966968.131547,
    "ru": 1716966984.0041058,
    "tr": 1716966999.7732015
}