{
    "en-US": 1716905595.5931199,
    "ar": 1716905611.9816957,
    "de": 1716905627.780045,
    "es-ES": 1716905643.551499,
    "es-MX": 1716905659.5672667,
    "fr": 1716905675.1386821,
    "it": 1716905691.0528433,
    "ja": 1716905709.232676,
    "ko": 1716905726.1430457,
    "pl": 1716905741.6740823,
    "pt-BR": 1716905757.5855021,
    "ru": 1716905773.1746416,
    "tr": 1716905789.289557
}