{
    "en-US": 1717298088.7035868,
    "ar": 1717298104.7920563,
    "de": 1717298120.142875,
    "es-ES": 1717298135.743458,
    "es-MX": 1717298151.260199,
    "fr": 1717298166.745877,
    "it": 1717298182.5387847,
    "ja": 1717298200.0442374,
    "ko": 1717298217.0076191,
    "pl": 1717298232.8310866,
    "pt-BR": 1717298248.604849,
    "ru": 1717298264.1507645,
    "tr": 1717298280.0195544
}