{
    "en-US": 1720120381.0635226,
    "ar": 1720120396.2420921,
    "de": 1720120411.429122,
    "es-ES": 1720120426.591107,
    "es-MX": 1720120441.8051782,
    "fr": 1720120456.9935222,
    "it": 1720120472.169144,
    "ja": 1720120487.3295395,
    "ko": 1720120502.494038,
    "pl": 1720120517.6542435,
    "pt-BR": 1720120532.845501,
    "ru": 1720120548.0054746,
    "tr": 1720120563.1669207
}