{
    "en-US": 1713935634.227943,
    "ar": 1713935650.471932,
    "de": 1713935666.1450737,
    "es-ES": 1713935681.7709434,
    "es-MX": 1713935697.3161008,
    "fr": 1713935712.8429918,
    "it": 1713935728.558179,
    "ja": 1713935745.751604,
    "ko": 1713935762.693986,
    "pl": 1713935778.4655526,
    "pt-BR": 1713935794.1472697,
    "ru": 1713935810.1103344,
    "tr": 1713935825.8376853
}