{
    "en-US": 1721149995.1401687,
    "ar": 1721150010.3151271,
    "de": 1721150025.4974713,
    "es-ES": 1721150040.6798615,
    "es-MX": 1721150055.8907459,
    "fr": 1721150071.049501,
    "it": 1721150086.240282,
    "ja": 1721150101.425357,
    "ko": 1721150116.6083863,
    "pl": 1721150131.7632427,
    "pt-BR": 1721150146.9716432,
    "ru": 1721150162.1439815,
    "tr": 1721150177.3162062
}