{
    "en-US": 1719008065.5192714,
    "ar": 1719008081.6820855,
    "de": 1719008097.5273643,
    "es-ES": 1719008112.68101,
    "es-MX": 1719008127.86396,
    "fr": 1719008142.9973989,
    "it": 1719008158.1311834,
    "ja": 1719008173.262008,
    "ko": 1719008188.415385,
    "pl": 1719008203.5441291,
    "pt-BR": 1719008218.6735454,
    "ru": 1719008233.793637,
    "tr": 1719008248.9171731
}