{
    "en-US": 1718918130.9430254,
    "ar": 1718918146.0711164,
    "de": 1718918161.2629302,
    "es-ES": 1718918176.4113114,
    "es-MX": 1718918191.5697846,
    "fr": 1718918206.6958268,
    "it": 1718918221.8680987,
    "ja": 1718918236.9929912,
    "ko": 1718918252.1015894,
    "pl": 1718918267.1989512,
    "pt-BR": 1718918282.312271,
    "ru": 1718918297.408161,
    "tr": 1718918312.5324037
}