{
    "en-US": 1715915683.206896,
    "ar": 1715915699.319945,
    "de": 1715915715.1526504,
    "es-ES": 1715915730.6436915,
    "es-MX": 1715915746.4342418,
    "fr": 1715915762.224206,
    "it": 1715915778.0375593,
    "ja": 1715915794.5042286,
    "ko": 1715915810.6916468,
    "pl": 1715915826.5655043,
    "pt-BR": 1715915842.3775587,
    "ru": 1715915858.2250943,
    "tr": 1715915873.9981143
}