{
    "en-US": 1719479695.64406,
    "ar": 1719479710.814543,
    "de": 1719479726.0097861,
    "es-ES": 1719479741.1714337,
    "es-MX": 1719479756.3761349,
    "fr": 1719479771.5366364,
    "it": 1719479786.7118735,
    "ja": 1719479801.8772254,
    "ko": 1719479817.0890815,
    "pl": 1719479832.2633219,
    "pt-BR": 1719479847.465917,
    "ru": 1719479862.6341183,
    "tr": 1719479877.8033526
}