{
    "en-US": 1714351925.3830433,
    "ar": 1714351941.634345,
    "de": 1714351957.3002152,
    "es-ES": 1714351972.943478,
    "es-MX": 1714351988.6433077,
    "fr": 1714352004.1963787,
    "it": 1714352019.9383633,
    "ja": 1714352038.0076892,
    "ko": 1714352055.3253329,
    "pl": 1714352071.046051,
    "pt-BR": 1714352086.7708025,
    "ru": 1714352102.5522444,
    "tr": 1714352118.2807744
}