{
    "en-US": 1716688788.4479296,
    "ar": 1716688804.2823374,
    "de": 1716688820.0447876,
    "es-ES": 1716688835.834684,
    "es-MX": 1716688851.4837537,
    "fr": 1716688867.123817,
    "it": 1716688883.0834827,
    "ja": 1716688899.67966,
    "ko": 1716688916.036198,
    "pl": 1716688931.6920657,
    "pt-BR": 1716688947.6086671,
    "ru": 1716688963.2757215,
    "tr": 1716688979.202713
}