{
    "en-US": 1716603967.7898839,
    "ar": 1716603983.684195,
    "de": 1716603999.4431615,
    "es-ES": 1716604014.8565032,
    "es-MX": 1716604030.9978158,
    "fr": 1716604046.855874,
    "it": 1716604062.7570314,
    "ja": 1716604080.1072774,
    "ko": 1716604096.9869523,
    "pl": 1716604113.0579681,
    "pt-BR": 1716604129.2165542,
    "ru": 1716604145.396631,
    "tr": 1716604161.3392117
}