{
    "en-US": 1719548181.7741444,
    "ar": 1719548196.97596,
    "de": 1719548212.154613,
    "es-ES": 1719548227.3184013,
    "es-MX": 1719548242.4895818,
    "fr": 1719548257.664992,
    "it": 1719548272.8470888,
    "ja": 1719548288.0658858,
    "ko": 1719548303.2484403,
    "pl": 1719548318.4258564,
    "pt-BR": 1719548333.6179736,
    "ru": 1719548348.7960732,
    "tr": 1719548363.972522
}