{
    "en-US": 1718046721.9231021,
    "ar": 1718046737.1455696,
    "de": 1718046752.3470745,
    "es-ES": 1718046767.51812,
    "es-MX": 1718046782.7009437,
    "fr": 1718046797.8725848,
    "it": 1718046813.057308,
    "ja": 1718046828.2599478,
    "ko": 1718046843.4353461,
    "pl": 1718046858.6072042,
    "pt-BR": 1718046873.793848,
    "ru": 1718046888.9657412,
    "tr": 1718046904.1614335
}