{
    "en-US": 1715170934.7864594,
    "ar": 1715170950.8092866,
    "de": 1715170966.5699217,
    "es-ES": 1715170982.1799855,
    "es-MX": 1715170998.0865629,
    "fr": 1715171013.8587866,
    "it": 1715171029.3727767,
    "ja": 1715171047.2678628,
    "ko": 1715171064.400891,
    "pl": 1715171080.1697965,
    "pt-BR": 1715171096.3586195,
    "ru": 1715171112.4203408,
    "tr": 1715171128.3014476
}