{
    "en-US": 1721413100.4113612,
    "ar": 1721413115.5805829,
    "de": 1721413130.7566633,
    "es-ES": 1721413145.9179127,
    "es-MX": 1721413161.1049726,
    "fr": 1721413176.259133,
    "it": 1721413191.4645805,
    "ja": 1721413206.629536,
    "ko": 1721413221.804599,
    "pl": 1721413236.966724,
    "pt-BR": 1721413252.1419604,
    "ru": 1721413267.314065,
    "tr": 1721413282.4960454
}