{
    "en-US": 1715653545.691403,
    "ar": 1715653562.007663,
    "de": 1715653577.6434808,
    "es-ES": 1715653593.2336035,
    "es-MX": 1715653608.6677415,
    "fr": 1715653624.3812652,
    "it": 1715653640.0682425,
    "ja": 1715653658.1960533,
    "ko": 1715653675.5646,
    "pl": 1715653691.2436125,
    "pt-BR": 1715653706.9105592,
    "ru": 1715653722.8162432,
    "tr": 1715653738.8880653
}