{
    "en-US": 1718093824.907957,
    "ar": 1718093840.8043437,
    "de": 1718093856.0440185,
    "es-ES": 1718093871.2230139,
    "es-MX": 1718093886.429524,
    "fr": 1718093901.5966797,
    "it": 1718093916.7753706,
    "ja": 1718093931.9638634,
    "ko": 1718093947.1337116,
    "pl": 1718093962.2977333,
    "pt-BR": 1718093977.471124,
    "ru": 1718093992.635336,
    "tr": 1718094007.8111348
}