{
    "en-US": 1720761269.1204743,
    "ar": 1720761284.2213824,
    "de": 1720761299.3335347,
    "es-ES": 1720761314.4184208,
    "es-MX": 1720761329.5265267,
    "fr": 1720761344.64266,
    "it": 1720761359.7506256,
    "ja": 1720761374.839933,
    "ko": 1720761389.9366295,
    "pl": 1720761405.0317879,
    "pt-BR": 1720761420.140736,
    "ru": 1720761435.2494538,
    "tr": 1720761450.3514285
}