{
    "en-US": 1713839002.9997034,
    "ar": 1713839019.2219095,
    "de": 1713839034.8644946,
    "es-ES": 1713839050.3355594,
    "es-MX": 1713839066.0292656,
    "fr": 1713839081.7574642,
    "it": 1713839097.4715703,
    "ja": 1713839113.9580393,
    "ko": 1713839129.9949546,
    "pl": 1713839145.7071319,
    "pt-BR": 1713839161.448996,
    "ru": 1713839177.2402778,
    "tr": 1713839193.0057805
}