{
    "en-US": 1716156857.438557,
    "ar": 1716156873.3669999,
    "de": 1716156889.1110952,
    "es-ES": 1716156904.9112597,
    "es-MX": 1716156920.7679634,
    "fr": 1716156936.2959883,
    "it": 1716156952.1598523,
    "ja": 1716156969.4578962,
    "ko": 1716156986.3154013,
    "pl": 1716157001.905184,
    "pt-BR": 1716157017.711079,
    "ru": 1716157033.6393442,
    "tr": 1716157049.484995
}