{
    "en-US": 1714835562.641376,
    "ar": 1714835578.7281685,
    "de": 1714835594.4377606,
    "es-ES": 1714835610.1678634,
    "es-MX": 1714835625.9750738,
    "fr": 1714835641.7866616,
    "it": 1714835657.6903894,
    "ja": 1714835675.7404513,
    "ko": 1714835693.251828,
    "pl": 1714835709.0626533,
    "pt-BR": 1714835724.6312478,
    "ru": 1714835740.4858449,
    "tr": 1714835756.612038
}