{
    "en-US": 1717244502.2248394,
    "ar": 1717244518.2558346,
    "de": 1717244534.0830703,
    "es-ES": 1717244549.837905,
    "es-MX": 1717244565.7200098,
    "fr": 1717244581.6080954,
    "it": 1717244597.4970489,
    "ja": 1717244613.860545,
    "ko": 1717244630.0866811,
    "pl": 1717244646.0095844,
    "pt-BR": 1717244661.8787515,
    "ru": 1717244677.7837882,
    "tr": 1717244693.6441002
}