{
    "en-US": 1721420171.4641328,
    "ar": 1721420186.6393988,
    "de": 1721420201.8116627,
    "es-ES": 1721420216.9784667,
    "es-MX": 1721420232.1752102,
    "fr": 1721420247.3428183,
    "it": 1721420262.5200932,
    "ja": 1721420277.681043,
    "ko": 1721420292.8488367,
    "pl": 1721420308.007085,
    "pt-BR": 1721420323.1989865,
    "ru": 1721420338.3632104,
    "tr": 1721420353.5249262
}