{
    "en-US": 1714313446.336651,
    "ar": 1714313462.6187568,
    "de": 1714313478.2784019,
    "es-ES": 1714313493.9073358,
    "es-MX": 1714313509.4792995,
    "fr": 1714313525.0197196,
    "it": 1714313540.586567,
    "ja": 1714313558.428405,
    "ko": 1714313575.6024961,
    "pl": 1714313591.3885312,
    "pt-BR": 1714313607.12225,
    "ru": 1714313622.9440703,
    "tr": 1714313638.7591772
}