{
    "en-US": 1722241090.1486123,
    "ar": 1722241105.2600865,
    "de": 1722241120.3574755,
    "es-ES": 1722241135.4428158,
    "es-MX": 1722241150.543899,
    "fr": 1722241165.6254697,
    "it": 1722241180.7429044,
    "ja": 1722241195.8244956,
    "ko": 1722241210.9160402,
    "pl": 1722241226.0128424,
    "pt-BR": 1722241241.1122797,
    "ru": 1722241256.2104907,
    "tr": 1722241271.3421233
}