{
    "en-US": 1718234057.277718,
    "ar": 1718234072.4416802,
    "de": 1718234087.6109152,
    "es-ES": 1718234102.7249157,
    "es-MX": 1718234117.863521,
    "fr": 1718234132.9824293,
    "it": 1718234148.125414,
    "ja": 1718234163.2509031,
    "ko": 1718234178.3753045,
    "pl": 1718234193.4866548,
    "pt-BR": 1718234208.6495597,
    "ru": 1718234223.76751,
    "tr": 1718234238.932155
}