{
    "en-US": 1718844889.4639118,
    "ar": 1718844904.6128392,
    "de": 1718844919.7826617,
    "es-ES": 1718844934.9019597,
    "es-MX": 1718844950.0198221,
    "fr": 1718844965.1282766,
    "it": 1718844980.2673576,
    "ja": 1718844995.3847344,
    "ko": 1718845010.4992924,
    "pl": 1718845025.5966074,
    "pt-BR": 1718845040.7462375,
    "ru": 1718845055.8612494,
    "tr": 1718845071.0063682
}