{
    "en-US": 1715689370.4710572,
    "ar": 1715689386.518316,
    "de": 1715689402.3361795,
    "es-ES": 1715689417.824324,
    "es-MX": 1715689433.6347587,
    "fr": 1715689449.6200705,
    "it": 1715689465.17091,
    "ja": 1715689482.4138086,
    "ko": 1715689498.7873523,
    "pl": 1715689514.582758,
    "pt-BR": 1715689530.4404428,
    "ru": 1715689546.0439603,
    "tr": 1715689561.9055114
}