{
    "en-US": 1715591646.0871286,
    "ar": 1715591662.3481987,
    "de": 1715591677.698387,
    "es-ES": 1715591693.2533026,
    "es-MX": 1715591708.837169,
    "fr": 1715591724.2274797,
    "it": 1715591739.8572392,
    "ja": 1715591758.818493,
    "ko": 1715591776.3458097,
    "pl": 1715591792.0691102,
    "pt-BR": 1715591807.6876125,
    "ru": 1715591823.4403582,
    "tr": 1715591839.3296304
}