{
    "en-US": 1721581899.8356442,
    "ar": 1721581914.9472873,
    "de": 1721581930.0765622,
    "es-ES": 1721581945.1686416,
    "es-MX": 1721581960.286701,
    "fr": 1721581975.3948398,
    "it": 1721581990.522865,
    "ja": 1721582005.622326,
    "ko": 1721582020.7331975,
    "pl": 1721582035.8366716,
    "pt-BR": 1721582050.9529955,
    "ru": 1721582066.0545342,
    "tr": 1721582081.180734
}