{
    "en-US": 1721545927.0927854,
    "ar": 1721545942.1830728,
    "de": 1721545957.305494,
    "es-ES": 1721545972.3983943,
    "es-MX": 1721545987.5050292,
    "fr": 1721546002.593048,
    "it": 1721546017.695084,
    "ja": 1721546032.783987,
    "ko": 1721546047.8977475,
    "pl": 1721546062.9870613,
    "pt-BR": 1721546078.083906,
    "ru": 1721546093.1672978,
    "tr": 1721546108.258651
}