{
    "en-US": 1720437236.22308,
    "ar": 1720437251.341092,
    "de": 1720437266.4686828,
    "es-ES": 1720437281.5730503,
    "es-MX": 1720437296.7179034,
    "fr": 1720437311.8280678,
    "it": 1720437326.9525821,
    "ja": 1720437342.067322,
    "ko": 1720437357.175563,
    "pl": 1720437372.3008683,
    "pt-BR": 1720437387.4583383,
    "ru": 1720437402.5710728,
    "tr": 1720437417.6907609
}