{
    "en-US": 1715883384.9543626,
    "ar": 1715883402.809134,
    "de": 1715883418.5626175,
    "es-ES": 1715883433.915444,
    "es-MX": 1715883449.663033,
    "fr": 1715883465.0780294,
    "it": 1715883480.85976,
    "ja": 1715883498.799926,
    "ko": 1715883516.426306,
    "pl": 1715883532.1488128,
    "pt-BR": 1715883547.8487196,
    "ru": 1715883563.4368813,
    "tr": 1715883579.2826822
}