{
    "en-US": 1713791588.3141556,
    "ar": 1713791604.5597322,
    "de": 1713791620.2406611,
    "es-ES": 1713791635.7239914,
    "es-MX": 1713791651.4716325,
    "fr": 1713791667.2110116,
    "it": 1713791682.96561,
    "ja": 1713791699.5747795,
    "ko": 1713791715.9110162,
    "pl": 1713791731.8949366,
    "pt-BR": 1713791747.6407692,
    "ru": 1713791763.4459257,
    "tr": 1713791779.2214258
}