{
    "en-US": 1716598343.219767,
    "ar": 1716598359.104609,
    "de": 1716598374.8550732,
    "es-ES": 1716598390.6721745,
    "es-MX": 1716598406.5733678,
    "fr": 1716598422.5225074,
    "it": 1716598438.67278,
    "ja": 1716598455.993441,
    "ko": 1716598473.030265,
    "pl": 1716598488.6595595,
    "pt-BR": 1716598504.9215205,
    "ru": 1716598520.6144118,
    "tr": 1716598536.7283607
}