{
    "en-US": 1715555595.135659,
    "ar": 1715555611.3475764,
    "de": 1715555626.8942173,
    "es-ES": 1715555642.2755837,
    "es-MX": 1715555657.7200925,
    "fr": 1715555673.3484645,
    "it": 1715555688.9764974,
    "ja": 1715555707.4436429,
    "ko": 1715555725.1068215,
    "pl": 1715555740.850133,
    "pt-BR": 1715555756.5091815,
    "ru": 1715555772.4118464,
    "tr": 1715555788.1834204
}