{
    "en-US": 1721959376.2988758,
    "ar": 1721959391.463103,
    "de": 1721959406.6347384,
    "es-ES": 1721959421.8061867,
    "es-MX": 1721959436.990976,
    "fr": 1721959452.148718,
    "it": 1721959467.321525,
    "ja": 1721959482.4856353,
    "ko": 1721959497.6557353,
    "pl": 1721959512.8285775,
    "pt-BR": 1721959528.0369394,
    "ru": 1721959543.2013342,
    "tr": 1721959558.364998
}