{
    "en-US": 1719692055.094903,
    "ar": 1719692070.2073562,
    "de": 1719692085.3172657,
    "es-ES": 1719692100.4100792,
    "es-MX": 1719692115.5400784,
    "fr": 1719692130.6997793,
    "it": 1719692145.8320897,
    "ja": 1719692160.9308472,
    "ko": 1719692176.029681,
    "pl": 1719692191.1207178,
    "pt-BR": 1719692206.2659893,
    "ru": 1719692221.4008074,
    "tr": 1719692236.5256054
}