{
    "en-US": 1719385993.759083,
    "ar": 1719386008.942147,
    "de": 1719386024.1247625,
    "es-ES": 1719386039.29801,
    "es-MX": 1719386054.4813144,
    "fr": 1719386069.6471465,
    "it": 1719386084.8490496,
    "ja": 1719386100.019914,
    "ko": 1719386115.1921852,
    "pl": 1719386130.3557324,
    "pt-BR": 1719386145.5367389,
    "ru": 1719386160.7050822,
    "tr": 1719386175.8964808
}