{
    "en-US": 1714014791.9413724,
    "ar": 1714014807.7308853,
    "de": 1714014823.210698,
    "es-ES": 1714014838.681178,
    "es-MX": 1714014854.3840544,
    "fr": 1714014870.0958426,
    "it": 1714014886.0981357,
    "ja": 1714014902.5665457,
    "ko": 1714014918.7066295,
    "pl": 1714014934.4547913,
    "pt-BR": 1714014950.1965296,
    "ru": 1714014966.1383424,
    "tr": 1714014981.8811424
}