{
    "en-US": 1714630565.4192061,
    "ar": 1714630581.5228848,
    "de": 1714630597.0770762,
    "es-ES": 1714630612.6194513,
    "es-MX": 1714630628.2315576,
    "fr": 1714630643.871611,
    "it": 1714630659.4700835,
    "ja": 1714630677.5042853,
    "ko": 1714630694.5755093,
    "pl": 1714630710.185552,
    "pt-BR": 1714630725.773393,
    "ru": 1714630741.4887671,
    "tr": 1714630757.1877089
}