{
    "en-US": 1717293713.5604491,
    "ar": 1717293729.4207509,
    "de": 1717293745.1215754,
    "es-ES": 1717293760.7981906,
    "es-MX": 1717293776.5639575,
    "fr": 1717293792.363046,
    "it": 1717293808.1196125,
    "ja": 1717293825.9972768,
    "ko": 1717293843.3315477,
    "pl": 1717293859.1375034,
    "pt-BR": 1717293874.8903818,
    "ru": 1717293890.4716556,
    "tr": 1717293906.3393345
}