{
    "en-US": 1714558443.50739,
    "ar": 1714558459.5629246,
    "de": 1714558474.9591522,
    "es-ES": 1714558490.5404623,
    "es-MX": 1714558506.2068753,
    "fr": 1714558521.9747894,
    "it": 1714558537.5957181,
    "ja": 1714558555.4137144,
    "ko": 1714558572.547152,
    "pl": 1714558588.2128963,
    "pt-BR": 1714558603.8752425,
    "ru": 1714558619.841696,
    "tr": 1714558635.815245
}