{
    "en-US": 1719688258.071528,
    "ar": 1719688273.2748978,
    "de": 1719688288.4556782,
    "es-ES": 1719688303.640418,
    "es-MX": 1719688318.8051488,
    "fr": 1719688333.983272,
    "it": 1719688349.1665015,
    "ja": 1719688364.3290002,
    "ko": 1719688379.4988534,
    "pl": 1719688394.676453,
    "pt-BR": 1719688409.8522549,
    "ru": 1719688425.0364814,
    "tr": 1719688440.2082045
}