{
    "en-US": 1717888404.5912662,
    "ar": 1717888420.7474,
    "de": 1717888436.7489402,
    "es-ES": 1717888452.2871594,
    "es-MX": 1717888467.4805355,
    "fr": 1717888482.6525445,
    "it": 1717888497.8559775,
    "ja": 1717888513.021995,
    "ko": 1717888528.1950102,
    "pl": 1717888543.3630857,
    "pt-BR": 1717888558.5511475,
    "ru": 1717888573.719126,
    "tr": 1717888588.925418
}