{
    "en-US": 1715073230.7205215,
    "ar": 1715073246.995095,
    "de": 1715073262.6803892,
    "es-ES": 1715073278.3368773,
    "es-MX": 1715073294.0922303,
    "fr": 1715073309.856371,
    "it": 1715073325.5859678,
    "ja": 1715073343.7345963,
    "ko": 1715073360.9501166,
    "pl": 1715073376.698024,
    "pt-BR": 1715073392.4898775,
    "ru": 1715073408.586231,
    "tr": 1715073424.6447985
}