{
    "en-US": 1721445340.6237962,
    "ar": 1721445355.7805338,
    "de": 1721445370.9440653,
    "es-ES": 1721445386.1097574,
    "es-MX": 1721445401.28288,
    "fr": 1721445416.435948,
    "it": 1721445431.6116269,
    "ja": 1721445446.7706113,
    "ko": 1721445461.929167,
    "pl": 1721445477.0918217,
    "pt-BR": 1721445492.283342,
    "ru": 1721445507.445874,
    "tr": 1721445522.6059723
}