{
    "en-US": 1722086065.772437,
    "ar": 1722086080.9365163,
    "de": 1722086096.1123316,
    "es-ES": 1722086111.2714036,
    "es-MX": 1722086126.4550471,
    "fr": 1722086141.6095603,
    "it": 1722086156.7787018,
    "ja": 1722086171.9346845,
    "ko": 1722086187.094794,
    "pl": 1722086202.2493684,
    "pt-BR": 1722086217.4430752,
    "ru": 1722086232.6066904,
    "tr": 1722086247.7699387
}