{
    "en-US": 1721370010.383887,
    "ar": 1721370025.4875393,
    "de": 1721370040.5993867,
    "es-ES": 1721370055.6963525,
    "es-MX": 1721370070.809608,
    "fr": 1721370085.927207,
    "it": 1721370101.0374022,
    "ja": 1721370116.1247673,
    "ko": 1721370131.2242434,
    "pl": 1721370146.3078408,
    "pt-BR": 1721370161.4363973,
    "ru": 1721370176.5485675,
    "tr": 1721370191.6393905
}