{
    "en-US": 1716912939.3879209,
    "ar": 1716912955.2961304,
    "de": 1716912971.2350214,
    "es-ES": 1716912987.0592775,
    "es-MX": 1716913003.1542866,
    "fr": 1716913018.682614,
    "it": 1716913034.8765194,
    "ja": 1716913052.0754473,
    "ko": 1716913069.0476313,
    "pl": 1716913084.6014118,
    "pt-BR": 1716913100.5125444,
    "ru": 1716913116.1958992,
    "tr": 1716913132.1501422
}