{
    "en-US": 1714727640.8308115,
    "ar": 1714727657.2134988,
    "de": 1714727672.9376307,
    "es-ES": 1714727688.4187899,
    "es-MX": 1714727704.136899,
    "fr": 1714727719.6832602,
    "it": 1714727735.4687717,
    "ja": 1714727753.1156828,
    "ko": 1714727769.4475224,
    "pl": 1714727785.1567175,
    "pt-BR": 1714727800.862875,
    "ru": 1714727816.6510148,
    "tr": 1714727832.214401
}