{
    "en-US": 1718003586.196854,
    "ar": 1718003602.403866,
    "de": 1718003618.2479334,
    "es-ES": 1718003633.4414475,
    "es-MX": 1718003648.6224082,
    "fr": 1718003663.8023,
    "it": 1718003678.9891076,
    "ja": 1718003694.1632683,
    "ko": 1718003709.3734224,
    "pl": 1718003724.545226,
    "pt-BR": 1718003739.7390797,
    "ru": 1718003754.914373,
    "tr": 1718003770.1045792
}