{
    "en-US": 1719414878.348228,
    "ar": 1719414893.5302417,
    "de": 1719414908.7101562,
    "es-ES": 1719414923.885003,
    "es-MX": 1719414939.0773861,
    "fr": 1719414954.2573905,
    "it": 1719414969.437141,
    "ja": 1719414984.6025453,
    "ko": 1719414999.7877069,
    "pl": 1719415014.951502,
    "pt-BR": 1719415030.1542625,
    "ru": 1719415045.334782,
    "tr": 1719415060.5105965
}