{
    "en-US": 1718655144.9112897,
    "ar": 1718655161.103268,
    "de": 1718655176.860017,
    "es-ES": 1718655191.9929829,
    "es-MX": 1718655207.1276324,
    "fr": 1718655222.231317,
    "it": 1718655237.3421853,
    "ja": 1718655252.4479775,
    "ko": 1718655267.5976465,
    "pl": 1718655282.713943,
    "pt-BR": 1718655297.825593,
    "ru": 1718655312.9238877,
    "tr": 1718655328.0472112
}