{
    "en-US": 1715411594.0230508,
    "ar": 1715411610.1781428,
    "de": 1715411625.764048,
    "es-ES": 1715411641.3900993,
    "es-MX": 1715411657.0709991,
    "fr": 1715411672.7560112,
    "it": 1715411688.6709847,
    "ja": 1715411706.5976586,
    "ko": 1715411724.1190856,
    "pl": 1715411739.8315644,
    "pt-BR": 1715411755.5030205,
    "ru": 1715411771.4487402,
    "tr": 1715411787.2483125
}