{
    "en-US": 1717301732.9261885,
    "ar": 1717301748.7203152,
    "de": 1717301764.3423524,
    "es-ES": 1717301779.9538798,
    "es-MX": 1717301795.763149,
    "fr": 1717301811.4797668,
    "it": 1717301827.2663922,
    "ja": 1717301844.430682,
    "ko": 1717301861.3990142,
    "pl": 1717301877.1678987,
    "pt-BR": 1717301892.9345725,
    "ru": 1717301908.77096,
    "tr": 1717301924.6120906
}