{
    "en-US": 1713849103.6279447,
    "ar": 1713849119.9488719,
    "de": 1713849135.6381047,
    "es-ES": 1713849151.275166,
    "es-MX": 1713849166.9701805,
    "fr": 1713849182.6904585,
    "it": 1713849198.4051497,
    "ja": 1713849214.8600252,
    "ko": 1713849231.1135027,
    "pl": 1713849246.8599296,
    "pt-BR": 1713849262.6225543,
    "ru": 1713849278.463705,
    "tr": 1713849294.2156
}