{
    "en-US": 1721452467.0185983,
    "ar": 1721452482.1188421,
    "de": 1721452497.2315533,
    "es-ES": 1721452512.323978,
    "es-MX": 1721452527.4520583,
    "fr": 1721452542.554891,
    "it": 1721452557.663191,
    "ja": 1721452572.76409,
    "ko": 1721452587.862622,
    "pl": 1721452602.9536483,
    "pt-BR": 1721452618.0701933,
    "ru": 1721452633.164288,
    "tr": 1721452648.2770615
}