{
    "en-US": 1717548886.128265,
    "ar": 1717548902.4734974,
    "de": 1717548918.5450118,
    "es-ES": 1717548934.3551998,
    "es-MX": 1717548950.2851725,
    "fr": 1717548966.1962473,
    "it": 1717548982.1339998,
    "ja": 1717548999.223887,
    "ko": 1717549016.1620138,
    "pl": 1717549031.7936838,
    "pt-BR": 1717549047.7013447,
    "ru": 1717549063.7563236,
    "tr": 1717549079.7741408
}