{
    "en-US": 1719998129.2706378,
    "ar": 1719998144.3819807,
    "de": 1719998159.5049615,
    "es-ES": 1719998174.6088347,
    "es-MX": 1719998189.7184482,
    "fr": 1719998204.8178818,
    "it": 1719998219.9624572,
    "ja": 1719998235.0622015,
    "ko": 1719998250.155967,
    "pl": 1719998265.2496617,
    "pt-BR": 1719998280.372787,
    "ru": 1719998295.4772475,
    "tr": 1719998310.5934954
}