{
    "en-US": 1715397243.7527354,
    "ar": 1715397259.7984064,
    "de": 1715397275.3738124,
    "es-ES": 1715397290.74859,
    "es-MX": 1715397306.3708456,
    "fr": 1715397321.962542,
    "it": 1715397337.6792204,
    "ja": 1715397354.6988778,
    "ko": 1715397371.585154,
    "pl": 1715397387.2032478,
    "pt-BR": 1715397402.863934,
    "ru": 1715397418.6408157,
    "tr": 1715397434.3436441
}