{
    "en-US": 1718219596.5069902,
    "ar": 1718219613.1084898,
    "de": 1718219629.298998,
    "es-ES": 1718219645.1783426,
    "es-MX": 1718219660.3710916,
    "fr": 1718219675.547915,
    "it": 1718219690.719222,
    "ja": 1718219705.8832908,
    "ko": 1718219721.0477276,
    "pl": 1718219736.2331607,
    "pt-BR": 1718219751.4182818,
    "ru": 1718219766.5745122,
    "tr": 1718219781.7436438
}