{
    "en-US": 1717020751.2484035,
    "ar": 1717020767.2495708,
    "de": 1717020783.1417172,
    "es-ES": 1717020798.9103634,
    "es-MX": 1717020814.8034852,
    "fr": 1717020830.6069946,
    "it": 1717020846.6171963,
    "ja": 1717020863.769491,
    "ko": 1717020880.7833023,
    "pl": 1717020896.8021374,
    "pt-BR": 1717020912.7700915,
    "ru": 1717020928.8077533,
    "tr": 1717020944.8354056
}