{
    "en-US": 1717089174.6559892,
    "ar": 1717089190.869951,
    "de": 1717089206.7624204,
    "es-ES": 1717089222.5763552,
    "es-MX": 1717089238.2075598,
    "fr": 1717089254.0785732,
    "it": 1717089270.12587,
    "ja": 1717089287.7687628,
    "ko": 1717089304.8718762,
    "pl": 1717089320.5172114,
    "pt-BR": 1717089336.4909072,
    "ru": 1717089352.5265682,
    "tr": 1717089368.5523229
}