{
    "en-US": 1714828402.8332715,
    "ar": 1714828418.8521895,
    "de": 1714828434.569487,
    "es-ES": 1714828450.261945,
    "es-MX": 1714828466.0389855,
    "fr": 1714828481.7700443,
    "it": 1714828497.544377,
    "ja": 1714828514.757504,
    "ko": 1714828531.9250324,
    "pl": 1714828547.7159586,
    "pt-BR": 1714828563.5129485,
    "ru": 1714828579.2218993,
    "tr": 1714828595.0735083
}