{
    "en-US": 1719173655.7494621,
    "ar": 1719173671.97301,
    "de": 1719173687.8310084,
    "es-ES": 1719173702.9896438,
    "es-MX": 1719173718.1730208,
    "fr": 1719173733.3206096,
    "it": 1719173748.4827263,
    "ja": 1719173763.5934908,
    "ko": 1719173778.757695,
    "pl": 1719173793.867781,
    "pt-BR": 1719173809.03065,
    "ru": 1719173824.1567783,
    "tr": 1719173839.3122327
}