{
    "en-US": 1719684956.212419,
    "ar": 1719684971.366812,
    "de": 1719684986.4924433,
    "es-ES": 1719685001.6088457,
    "es-MX": 1719685016.7608767,
    "fr": 1719685031.8737113,
    "it": 1719685046.998144,
    "ja": 1719685062.1180084,
    "ko": 1719685077.2355316,
    "pl": 1719685092.347919,
    "pt-BR": 1719685107.4941857,
    "ru": 1719685122.6074934,
    "tr": 1719685137.7250733
}