{
    "en-US": 1717489059.331754,
    "ar": 1717489075.2772927,
    "de": 1717489090.8238583,
    "es-ES": 1717489106.405422,
    "es-MX": 1717489122.1340404,
    "fr": 1717489137.6196198,
    "it": 1717489153.398173,
    "ja": 1717489170.6585896,
    "ko": 1717489187.3211837,
    "pl": 1717489202.8070397,
    "pt-BR": 1717489218.6003854,
    "ru": 1717489234.4444573,
    "tr": 1717489250.1918015
}