{
    "en-US": 1714536883.679579,
    "ar": 1714536899.6597438,
    "de": 1714536915.2005665,
    "es-ES": 1714536930.7249558,
    "es-MX": 1714536946.5734608,
    "fr": 1714536962.2131054,
    "it": 1714536977.80543,
    "ja": 1714536995.3204184,
    "ko": 1714537012.2654662,
    "pl": 1714537028.1230433,
    "pt-BR": 1714537043.7613928,
    "ru": 1714537059.4699159,
    "tr": 1714537075.1070738
}