{
    "en-US": 1714126395.457945,
    "ar": 1714126411.438439,
    "de": 1714126427.0816417,
    "es-ES": 1714126442.7800405,
    "es-MX": 1714126458.4838738,
    "fr": 1714126474.1422656,
    "it": 1714126489.85247,
    "ja": 1714126506.1207488,
    "ko": 1714126522.3548942,
    "pl": 1714126538.059346,
    "pt-BR": 1714126553.7826993,
    "ru": 1714126569.6830723,
    "tr": 1714126585.6935678
}