{
    "en-US": 1714468443.2232494,
    "ar": 1714468459.2766433,
    "de": 1714468474.82541,
    "es-ES": 1714468490.2971046,
    "es-MX": 1714468505.936997,
    "fr": 1714468521.487219,
    "it": 1714468536.8747277,
    "ja": 1714468554.6170704,
    "ko": 1714468571.3313384,
    "pl": 1714468586.978863,
    "pt-BR": 1714468602.5348988,
    "ru": 1714468618.3937886,
    "tr": 1714468634.248302
}