{
    "en-US": 1720343734.8998559,
    "ar": 1720343750.0773778,
    "de": 1720343765.2500563,
    "es-ES": 1720343780.4137664,
    "es-MX": 1720343795.5954242,
    "fr": 1720343810.7541387,
    "it": 1720343825.943197,
    "ja": 1720343841.1032188,
    "ko": 1720343856.268086,
    "pl": 1720343871.4304147,
    "pt-BR": 1720343886.6050577,
    "ru": 1720343901.7668264,
    "tr": 1720343916.960853
}