{
    "en-US": 1714904104.375703,
    "ar": 1714904120.4837902,
    "de": 1714904136.065158,
    "es-ES": 1714904151.5762322,
    "es-MX": 1714904167.0959814,
    "fr": 1714904182.673901,
    "it": 1714904198.4715588,
    "ja": 1714904216.2442827,
    "ko": 1714904233.5118132,
    "pl": 1714904249.164193,
    "pt-BR": 1714904264.7449358,
    "ru": 1714904280.4634006,
    "tr": 1714904296.1249924
}