{
    "en-US": 1721999802.3490689,
    "ar": 1721999817.514649,
    "de": 1721999832.6940284,
    "es-ES": 1721999847.8574376,
    "es-MX": 1721999863.0200732,
    "fr": 1721999878.1904032,
    "it": 1721999893.3765893,
    "ja": 1721999908.5327652,
    "ko": 1721999923.7047567,
    "pl": 1721999938.862661,
    "pt-BR": 1721999954.039758,
    "ru": 1721999969.2047546,
    "tr": 1721999984.3995643
}