{
    "en-US": 1720153033.03152,
    "ar": 1720153048.2339242,
    "de": 1720153063.4196048,
    "es-ES": 1720153078.5837746,
    "es-MX": 1720153093.7718618,
    "fr": 1720153108.9500866,
    "it": 1720153124.1566858,
    "ja": 1720153139.321793,
    "ko": 1720153154.4944856,
    "pl": 1720153169.655039,
    "pt-BR": 1720153184.8268318,
    "ru": 1720153200.0037186,
    "tr": 1720153215.1964421
}