{
    "en-US": 1719001051.2033105,
    "ar": 1719001066.3463852,
    "de": 1719001081.4702315,
    "es-ES": 1719001096.5922792,
    "es-MX": 1719001111.7157636,
    "fr": 1719001126.8317957,
    "it": 1719001141.9660301,
    "ja": 1719001157.0872958,
    "ko": 1719001172.2318463,
    "pl": 1719001187.349531,
    "pt-BR": 1719001202.5257273,
    "ru": 1719001217.6349585,
    "tr": 1719001232.7579436
}