{
    "en-US": 1714144432.0218618,
    "ar": 1714144448.1868515,
    "de": 1714144463.7815685,
    "es-ES": 1714144479.320363,
    "es-MX": 1714144494.9293947,
    "fr": 1714144510.7414076,
    "it": 1714144526.5374448,
    "ja": 1714144544.4258869,
    "ko": 1714144561.5409775,
    "pl": 1714144577.2390246,
    "pt-BR": 1714144592.919222,
    "ru": 1714144608.69655,
    "tr": 1714144624.364289
}