{
    "en-US": 1718896526.0926847,
    "ar": 1718896542.3788898,
    "de": 1718896558.3031237,
    "es-ES": 1718896573.4935439,
    "es-MX": 1718896588.677346,
    "fr": 1718896603.8374624,
    "it": 1718896619.0087242,
    "ja": 1718896634.1673226,
    "ko": 1718896649.3532186,
    "pl": 1718896664.5165315,
    "pt-BR": 1718896679.6883857,
    "ru": 1718896694.8489566,
    "tr": 1718896710.0150404
}