{
    "en-US": 1715267651.2413898,
    "ar": 1715267667.1805298,
    "de": 1715267682.814236,
    "es-ES": 1715267698.50301,
    "es-MX": 1715267714.2910888,
    "fr": 1715267729.7359507,
    "it": 1715267745.5083017,
    "ja": 1715267763.1244042,
    "ko": 1715267780.324928,
    "pl": 1715267796.1216085,
    "pt-BR": 1715267811.8164928,
    "ru": 1715267827.641021,
    "tr": 1715267843.604151
}