{
    "en-US": 1720372401.1472301,
    "ar": 1720372416.261776,
    "de": 1720372431.37305,
    "es-ES": 1720372446.471562,
    "es-MX": 1720372461.5946052,
    "fr": 1720372476.7096722,
    "it": 1720372491.843881,
    "ja": 1720372506.9490438,
    "ko": 1720372522.0541358,
    "pl": 1720372537.1635637,
    "pt-BR": 1720372552.2932942,
    "ru": 1720372567.4047647,
    "tr": 1720372582.550439
}