{
    "en-US": 1719029693.25098,
    "ar": 1719029709.5151865,
    "de": 1719029725.7234812,
    "es-ES": 1719029740.9321485,
    "es-MX": 1719029756.1396186,
    "fr": 1719029771.3081083,
    "it": 1719029786.486423,
    "ja": 1719029801.6580434,
    "ko": 1719029816.8543205,
    "pl": 1719029832.0251033,
    "pt-BR": 1719029847.1998138,
    "ru": 1719029862.3721013,
    "tr": 1719029877.552284
}