{
    "en-US": 1715820865.1783185,
    "ar": 1715820881.3157494,
    "de": 1715820897.0644808,
    "es-ES": 1715820912.686027,
    "es-MX": 1715820928.4692984,
    "fr": 1715820944.1060328,
    "it": 1715820959.7431924,
    "ja": 1715820979.082801,
    "ko": 1715820996.9289856,
    "pl": 1715821012.583017,
    "pt-BR": 1715821028.232752,
    "ru": 1715821044.0564976,
    "tr": 1715821059.512855
}