{
    "en-US": 1717521168.9591887,
    "ar": 1717521185.2947822,
    "de": 1717521200.9995081,
    "es-ES": 1717521216.371758,
    "es-MX": 1717521232.4954581,
    "fr": 1717521248.0204315,
    "it": 1717521264.0576174,
    "ja": 1717521282.0051572,
    "ko": 1717521299.4148555,
    "pl": 1717521314.9658082,
    "pt-BR": 1717521330.716181,
    "ru": 1717521346.6841283,
    "tr": 1717521362.6325347
}