{
    "en-US": 1719807368.4305553,
    "ar": 1719807383.5426211,
    "de": 1719807398.6662197,
    "es-ES": 1719807413.7701669,
    "es-MX": 1719807428.874361,
    "fr": 1719807443.9844725,
    "it": 1719807459.1283257,
    "ja": 1719807474.2406223,
    "ko": 1719807489.3410485,
    "pl": 1719807504.454369,
    "pt-BR": 1719807519.5706234,
    "ru": 1719807534.6672044,
    "tr": 1719807549.7950876
}