{
    "en-US": 1716196614.290813,
    "ar": 1716196630.0796983,
    "de": 1716196645.6884704,
    "es-ES": 1716196661.264211,
    "es-MX": 1716196676.9658513,
    "fr": 1716196692.3621705,
    "it": 1716196707.9844418,
    "ja": 1716196726.2870567,
    "ko": 1716196743.6245813,
    "pl": 1716196759.0642312,
    "pt-BR": 1716196774.6665516,
    "ru": 1716196790.15328,
    "tr": 1716196805.8628788
}