{
    "en-US": 1721618183.82357,
    "ar": 1721618198.9540596,
    "de": 1721618214.0711806,
    "es-ES": 1721618229.1700106,
    "es-MX": 1721618244.2842894,
    "fr": 1721618259.374169,
    "it": 1721618274.4844956,
    "ja": 1721618289.6057281,
    "ko": 1721618304.704867,
    "pl": 1721618319.8055606,
    "pt-BR": 1721618334.9178455,
    "ru": 1721618350.0146773,
    "tr": 1721618365.1463542
}