{
    "en-US": 1717794963.7044213,
    "ar": 1717794979.9185984,
    "de": 1717794995.8129032,
    "es-ES": 1717795011.5102522,
    "es-MX": 1717795026.6370087,
    "fr": 1717795041.7397265,
    "it": 1717795056.8692622,
    "ja": 1717795071.9716437,
    "ko": 1717795087.0951443,
    "pl": 1717795102.2102253,
    "pt-BR": 1717795117.3288438,
    "ru": 1717795132.4297888,
    "tr": 1717795147.5562382
}