{
    "en-US": 1722071653.235983,
    "ar": 1722071668.430437,
    "de": 1722071683.6239882,
    "es-ES": 1722071698.805965,
    "es-MX": 1722071713.9849653,
    "fr": 1722071729.1574285,
    "it": 1722071744.3599825,
    "ja": 1722071759.5421407,
    "ko": 1722071774.7298596,
    "pl": 1722071789.9034357,
    "pt-BR": 1722071805.0879447,
    "ru": 1722071820.2603827,
    "tr": 1722071835.459858
}