{
    "en-US": 1714965249.519943,
    "ar": 1714965265.577681,
    "de": 1714965281.2965736,
    "es-ES": 1714965297.0046213,
    "es-MX": 1714965312.7988212,
    "fr": 1714965328.735942,
    "it": 1714965344.799973,
    "ja": 1714965361.2862442,
    "ko": 1714965377.5189078,
    "pl": 1714965393.2529414,
    "pt-BR": 1714965408.9942682,
    "ru": 1714965424.8207033,
    "tr": 1714965440.7747135
}