{
    "en-US": 1720300438.3558414,
    "ar": 1720300453.472771,
    "de": 1720300468.5856502,
    "es-ES": 1720300483.6843605,
    "es-MX": 1720300498.8196447,
    "fr": 1720300513.9243362,
    "it": 1720300529.0608175,
    "ja": 1720300544.160508,
    "ko": 1720300559.2716472,
    "pl": 1720300574.380508,
    "pt-BR": 1720300589.5032077,
    "ru": 1720300604.6173067,
    "tr": 1720300619.746568
}