{
    "en-US": 1716502371.7192209,
    "ar": 1716502387.9486697,
    "de": 1716502403.7160947,
    "es-ES": 1716502419.491258,
    "es-MX": 1716502435.0742276,
    "fr": 1716502450.6318238,
    "it": 1716502466.4622366,
    "ja": 1716502483.9041944,
    "ko": 1716502501.1512415,
    "pl": 1716502516.734407,
    "pt-BR": 1716502532.2823627,
    "ru": 1716502548.130079,
    "tr": 1716502564.0163622
}