{
    "en-US": 1716585152.6912522,
    "ar": 1716585168.7875428,
    "de": 1716585184.4419348,
    "es-ES": 1716585200.0336924,
    "es-MX": 1716585215.8568728,
    "fr": 1716585231.3674965,
    "it": 1716585247.2624152,
    "ja": 1716585264.7064717,
    "ko": 1716585281.771914,
    "pl": 1716585297.3090363,
    "pt-BR": 1716585313.072845,
    "ru": 1716585328.966347,
    "tr": 1716585344.9538996
}