{
    "en-US": 1713928435.8243296,
    "ar": 1713928453.0064058,
    "de": 1713928469.0445356,
    "es-ES": 1713928484.685144,
    "es-MX": 1713928500.3893025,
    "fr": 1713928516.1527827,
    "it": 1713928531.8647575,
    "ja": 1713928548.2472951,
    "ko": 1713928564.439031,
    "pl": 1713928580.2165082,
    "pt-BR": 1713928595.9387128,
    "ru": 1713928611.8284948,
    "tr": 1713928627.576545
}