{
    "en-US": 1719375425.8828523,
    "ar": 1719375441.0723252,
    "de": 1719375456.249921,
    "es-ES": 1719375471.4125884,
    "es-MX": 1719375486.6041875,
    "fr": 1719375501.7697792,
    "it": 1719375516.9643354,
    "ja": 1719375532.1350234,
    "ko": 1719375547.3134308,
    "pl": 1719375562.4839308,
    "pt-BR": 1719375577.6710505,
    "ru": 1719375592.8439126,
    "tr": 1719375608.0469391
}