{
    "en-US": 1718190763.9394257,
    "ar": 1718190780.2307644,
    "de": 1718190796.2924485,
    "es-ES": 1718190811.4742432,
    "es-MX": 1718190826.6900504,
    "fr": 1718190841.8601785,
    "it": 1718190857.041184,
    "ja": 1718190872.224295,
    "ko": 1718190887.4038222,
    "pl": 1718190902.5669107,
    "pt-BR": 1718190917.7446797,
    "ru": 1718190932.937014,
    "tr": 1718190948.1176863
}