{
    "en-US": 1715336065.616006,
    "ar": 1715336081.6536405,
    "de": 1715336097.0113413,
    "es-ES": 1715336112.5497775,
    "es-MX": 1715336128.1743011,
    "fr": 1715336143.9705188,
    "it": 1715336159.5767314,
    "ja": 1715336177.777536,
    "ko": 1715336195.162405,
    "pl": 1715336210.87521,
    "pt-BR": 1715336226.5369246,
    "ru": 1715336242.345669,
    "tr": 1715336258.0751038
}