{
    "en-US": 1719047670.7941327,
    "ar": 1719047687.0153384,
    "de": 1719047702.930047,
    "es-ES": 1719047718.1269882,
    "es-MX": 1719047733.3194988,
    "fr": 1719047748.4832258,
    "it": 1719047763.6697173,
    "ja": 1719047778.8435998,
    "ko": 1719047794.027701,
    "pl": 1719047809.1929717,
    "pt-BR": 1719047824.3633547,
    "ru": 1719047839.5320966,
    "tr": 1719047854.7195969
}