{
    "en-US": 1722161604.0322647,
    "ar": 1722161619.140091,
    "de": 1722161634.2388422,
    "es-ES": 1722161649.3381817,
    "es-MX": 1722161664.4387481,
    "fr": 1722161679.5315983,
    "it": 1722161694.6464405,
    "ja": 1722161709.7389898,
    "ko": 1722161724.8383534,
    "pl": 1722161739.9272563,
    "pt-BR": 1722161755.0349348,
    "ru": 1722161770.1246707,
    "tr": 1722161785.2365122
}