{
    "en-US": 1720476870.3890204,
    "ar": 1720476885.4975524,
    "de": 1720476900.6062331,
    "es-ES": 1720476915.6973755,
    "es-MX": 1720476930.823613,
    "fr": 1720476945.9341908,
    "it": 1720476961.029865,
    "ja": 1720476976.1186106,
    "ko": 1720476991.2114327,
    "pl": 1720477006.2967417,
    "pt-BR": 1720477021.397965,
    "ru": 1720477036.5049539,
    "tr": 1720477051.5935795
}