{
    "en-US": 1716775090.441908,
    "ar": 1716775106.5733914,
    "de": 1716775122.3372538,
    "es-ES": 1716775137.8309526,
    "es-MX": 1716775153.430206,
    "fr": 1716775169.2650836,
    "it": 1716775185.1950917,
    "ja": 1716775201.765207,
    "ko": 1716775218.2318366,
    "pl": 1716775233.8596787,
    "pt-BR": 1716775249.965638,
    "ru": 1716775266.1342556,
    "tr": 1716775282.1033142
}