{
    "en-US": 1722366820.1986825,
    "ar": 1722366835.3263478,
    "de": 1722366850.4271998,
    "es-ES": 1722366865.5158346,
    "es-MX": 1722366880.611977,
    "fr": 1722366895.7183607,
    "it": 1722366910.857672,
    "ja": 1722366925.959151,
    "ko": 1722366941.0742784,
    "pl": 1722366956.1759627,
    "pt-BR": 1722366971.2884285,
    "ru": 1722366986.4004865,
    "tr": 1722367001.511955
}