{
    "en-US": 1718086718.617611,
    "ar": 1718086734.96904,
    "de": 1718086750.7478695,
    "es-ES": 1718086765.940358,
    "es-MX": 1718086781.115711,
    "fr": 1718086796.286045,
    "it": 1718086811.4646027,
    "ja": 1718086826.6228135,
    "ko": 1718086841.8113966,
    "pl": 1718086856.9730008,
    "pt-BR": 1718086872.149551,
    "ru": 1718086887.311553,
    "tr": 1718086902.494023
}