{
    "en-US": 1719072951.6769097,
    "ar": 1719072966.9013815,
    "de": 1719072982.1253715,
    "es-ES": 1719072997.2868023,
    "es-MX": 1719073012.449938,
    "fr": 1719073027.6165767,
    "it": 1719073042.8202984,
    "ja": 1719073057.987581,
    "ko": 1719073073.1624947,
    "pl": 1719073088.3252912,
    "pt-BR": 1719073103.5236437,
    "ru": 1719073118.6851647,
    "tr": 1719073133.8862991
}