{
    "en-US": 1718781230.3988578,
    "ar": 1718781245.549405,
    "de": 1718781260.7089236,
    "es-ES": 1718781275.806798,
    "es-MX": 1718781290.911941,
    "fr": 1718781306.0132136,
    "it": 1718781321.1445432,
    "ja": 1718781336.2487414,
    "ko": 1718781351.3529432,
    "pl": 1718781366.448564,
    "pt-BR": 1718781381.560929,
    "ru": 1718781396.659247,
    "tr": 1718781411.7811224
}