{
    "en-US": 1717499615.7532659,
    "ar": 1717499631.9632125,
    "de": 1717499647.908494,
    "es-ES": 1717499663.778655,
    "es-MX": 1717499679.6648862,
    "fr": 1717499695.3073664,
    "it": 1717499711.3440566,
    "ja": 1717499728.7856793,
    "ko": 1717499745.70821,
    "pl": 1717499761.3571677,
    "pt-BR": 1717499777.3126671,
    "ru": 1717499793.6188848,
    "tr": 1717499809.5213778
}