{
    "en-US": 1717629284.3506992,
    "ar": 1717629300.722293,
    "de": 1717629316.6839566,
    "es-ES": 1717629332.1134725,
    "es-MX": 1717629347.3141208,
    "fr": 1717629362.4619462,
    "it": 1717629377.5790489,
    "ja": 1717629392.6878784,
    "ko": 1717629407.8032176,
    "pl": 1717629422.9638922,
    "pt-BR": 1717629438.0893216,
    "ru": 1717629453.2097902,
    "tr": 1717629468.340323
}