{
    "en-US": 1719249166.2278492,
    "ar": 1719249182.5944593,
    "de": 1719249198.5018413,
    "es-ES": 1719249213.7052355,
    "es-MX": 1719249228.9298697,
    "fr": 1719249244.1009648,
    "it": 1719249259.278133,
    "ja": 1719249274.4564672,
    "ko": 1719249289.6599853,
    "pl": 1719249304.8323967,
    "pt-BR": 1719249320.0252893,
    "ru": 1719249335.1990507,
    "tr": 1719249350.3754609
}