{
    "en-US": 1720825977.406671,
    "ar": 1720825992.5689738,
    "de": 1720826007.732287,
    "es-ES": 1720826022.8940713,
    "es-MX": 1720826038.0656295,
    "fr": 1720826053.2128954,
    "it": 1720826068.374496,
    "ja": 1720826083.537635,
    "ko": 1720826098.694895,
    "pl": 1720826113.846097,
    "pt-BR": 1720826129.0565178,
    "ru": 1720826144.2146611,
    "tr": 1720826159.3894637
}