{
    "en-US": 1717359214.067417,
    "ar": 1717359230.1402864,
    "de": 1717359245.8546076,
    "es-ES": 1717359261.228706,
    "es-MX": 1717359276.7455246,
    "fr": 1717359292.575953,
    "it": 1717359308.3261576,
    "ja": 1717359326.058705,
    "ko": 1717359343.304262,
    "pl": 1717359359.2957065,
    "pt-BR": 1717359375.056739,
    "ru": 1717359390.6070867,
    "tr": 1717359406.614409
}