{
    "en-US": 1714011824.0864623,
    "ar": 1714011840.046994,
    "de": 1714011855.7190773,
    "es-ES": 1714011871.5049467,
    "es-MX": 1714011887.4135911,
    "fr": 1714011903.1569996,
    "it": 1714011918.9594474,
    "ja": 1714011936.5938833,
    "ko": 1714011953.6215158,
    "pl": 1714011969.4330223,
    "pt-BR": 1714011985.1654332,
    "ru": 1714012000.9768462,
    "tr": 1714012016.719886
}