{
    "en-US": 1717697781.7191813,
    "ar": 1717697797.962625,
    "de": 1717697813.8781242,
    "es-ES": 1717697829.0814197,
    "es-MX": 1717697844.280723,
    "fr": 1717697859.4541068,
    "it": 1717697874.6396496,
    "ja": 1717697889.8105733,
    "ko": 1717697905.0104308,
    "pl": 1717697920.1828809,
    "pt-BR": 1717697935.3653407,
    "ru": 1717697950.5476422,
    "tr": 1717697965.7341528
}