{
    "en-US": 1718381737.2468116,
    "ar": 1718381753.6795018,
    "de": 1718381769.8880274,
    "es-ES": 1718381785.0705178,
    "es-MX": 1718381800.2996848,
    "fr": 1718381815.4744356,
    "it": 1718381830.648527,
    "ja": 1718381845.820873,
    "ko": 1718381861.0145652,
    "pl": 1718381876.175867,
    "pt-BR": 1718381891.3562706,
    "ru": 1718381906.5414047,
    "tr": 1718381921.7200117
}