{
    "en-US": 1715080315.910678,
    "ar": 1715080332.1026897,
    "de": 1715080347.7881937,
    "es-ES": 1715080363.4564102,
    "es-MX": 1715080379.1725748,
    "fr": 1715080394.9144201,
    "it": 1715080410.8903332,
    "ja": 1715080428.4298632,
    "ko": 1715080443.6828623,
    "pl": 1715080458.9100726,
    "pt-BR": 1715080474.1325705,
    "ru": 1715080490.1824331,
    "tr": 1715080506.0240777
}