{
    "en-US": 1719058933.2614794,
    "ar": 1719058948.39656,
    "de": 1719058963.5337973,
    "es-ES": 1719058978.6425083,
    "es-MX": 1719058993.755649,
    "fr": 1719059008.8796904,
    "it": 1719059024.0033498,
    "ja": 1719059039.104747,
    "ko": 1719059054.2063825,
    "pl": 1719059069.3099968,
    "pt-BR": 1719059084.4196057,
    "ru": 1719059099.5222015,
    "tr": 1719059114.6638656
}