{
    "en-US": 1714709748.6000867,
    "ar": 1714709764.6523638,
    "de": 1714709780.4515672,
    "es-ES": 1714709796.1452205,
    "es-MX": 1714709811.9096415,
    "fr": 1714709827.4323597,
    "it": 1714709843.44991,
    "ja": 1714709859.8679278,
    "ko": 1714709876.1414013,
    "pl": 1714709891.8990912,
    "pt-BR": 1714709907.626238,
    "ru": 1714709923.4168544,
    "tr": 1714709939.1735704
}