{
    "en-US": 1718507736.207477,
    "ar": 1718507752.3326538,
    "de": 1718507768.2486522,
    "es-ES": 1718507783.6448522,
    "es-MX": 1718507798.8194811,
    "fr": 1718507813.9322083,
    "it": 1718507829.0809247,
    "ja": 1718507844.1930618,
    "ko": 1718507859.2983363,
    "pl": 1718507874.40182,
    "pt-BR": 1718507889.5279748,
    "ru": 1718507904.6293755,
    "tr": 1718507919.7356195
}