{
    "en-US": 1715999159.1111324,
    "ar": 1715999175.160341,
    "de": 1715999190.7732725,
    "es-ES": 1715999206.3991396,
    "es-MX": 1715999222.1230733,
    "fr": 1715999237.869938,
    "it": 1715999253.5818865,
    "ja": 1715999271.4022546,
    "ko": 1715999288.5271518,
    "pl": 1715999304.243319,
    "pt-BR": 1715999320.0076535,
    "ru": 1715999335.5165915,
    "tr": 1715999351.3418155
}