{
    "en-US": 1719778389.6571472,
    "ar": 1719778404.8200479,
    "de": 1719778419.9929276,
    "es-ES": 1719778435.1631477,
    "es-MX": 1719778450.34461,
    "fr": 1719778465.5050912,
    "it": 1719778480.719071,
    "ja": 1719778495.8834338,
    "ko": 1719778511.0539634,
    "pl": 1719778526.2167406,
    "pt-BR": 1719778541.4089887,
    "ru": 1719778556.5821733,
    "tr": 1719778571.7493894
}