{
    "en-US": 1714295549.1733294,
    "ar": 1714295565.1843152,
    "de": 1714295580.6993387,
    "es-ES": 1714295596.1934872,
    "es-MX": 1714295611.7601728,
    "fr": 1714295627.2991488,
    "it": 1714295642.8467538,
    "ja": 1714295660.2830744,
    "ko": 1714295677.0713146,
    "pl": 1714295692.656575,
    "pt-BR": 1714295708.1801722,
    "ru": 1714295723.799898,
    "tr": 1714295739.6342735
}