{
    "en-US": 1714900400.3284752,
    "ar": 1714900416.3310618,
    "de": 1714900431.9816663,
    "es-ES": 1714900447.6838589,
    "es-MX": 1714900463.4392443,
    "fr": 1714900479.3291633,
    "it": 1714900495.0325465,
    "ja": 1714900511.3610573,
    "ko": 1714900527.6339948,
    "pl": 1714900543.3667505,
    "pt-BR": 1714900559.106278,
    "ru": 1714900574.8467553,
    "tr": 1714900590.5882323
}