{
    "en-US": 1714540310.751982,
    "ar": 1714540326.0002892,
    "de": 1714540341.2472036,
    "es-ES": 1714540356.4675102,
    "es-MX": 1714540371.706495,
    "fr": 1714540386.9205143,
    "it": 1714540402.1587932,
    "ja": 1714540417.3683298,
    "ko": 1714540432.6250622,
    "pl": 1714540447.8397117,
    "pt-BR": 1714540463.0710416,
    "ru": 1714540478.2880893,
    "tr": 1714540493.5348818
}