{
    "en-US": 1721902545.0111074,
    "ar": 1721902560.2028708,
    "de": 1721902575.4046974,
    "es-ES": 1721902590.589349,
    "es-MX": 1721902605.8168757,
    "fr": 1721902620.9940436,
    "it": 1721902636.1896946,
    "ja": 1721902651.374823,
    "ko": 1721902666.5617936,
    "pl": 1721902681.7484746,
    "pt-BR": 1721902696.9652333,
    "ru": 1721902712.1578758,
    "tr": 1721902727.343368
}