{
    "en-US": 1715843469.1195204,
    "ar": 1715843485.206623,
    "de": 1715843500.7887576,
    "es-ES": 1715843516.349651,
    "es-MX": 1715843531.979965,
    "fr": 1715843547.6442325,
    "it": 1715843563.0506897,
    "ja": 1715843581.1007452,
    "ko": 1715843598.269825,
    "pl": 1715843613.930739,
    "pt-BR": 1715843629.7751882,
    "ru": 1715843645.3009818,
    "tr": 1715843661.0668635
}