{
    "en-US": 1719321375.36767,
    "ar": 1719321390.5023112,
    "de": 1719321405.6335135,
    "es-ES": 1719321420.743135,
    "es-MX": 1719321435.969743,
    "fr": 1719321451.096127,
    "it": 1719321466.2294667,
    "ja": 1719321481.3462029,
    "ko": 1719321496.4579153,
    "pl": 1719321511.58646,
    "pt-BR": 1719321526.8075128,
    "ru": 1719321541.9694703,
    "tr": 1719321557.3314185
}