{
    "en-US": 1716452179.9666252,
    "ar": 1716452196.1656168,
    "de": 1716452211.811905,
    "es-ES": 1716452227.2360847,
    "es-MX": 1716452242.970024,
    "fr": 1716452258.484066,
    "it": 1716452274.2455223,
    "ja": 1716452291.8618584,
    "ko": 1716452308.8968604,
    "pl": 1716452324.3954825,
    "pt-BR": 1716452339.9366472,
    "ru": 1716452355.7803855,
    "tr": 1716452371.6396968
}