{
    "en-US": 1719713336.170063,
    "ar": 1719713351.4081414,
    "de": 1719713366.6548076,
    "es-ES": 1719713381.8679104,
    "es-MX": 1719713397.0861852,
    "fr": 1719713412.2883494,
    "it": 1719713427.5237412,
    "ja": 1719713442.7325342,
    "ko": 1719713457.954988,
    "pl": 1719713473.1686273,
    "pt-BR": 1719713488.3880408,
    "ru": 1719713503.5976949,
    "tr": 1719713518.8482516
}