{
    "en-US": 1716657211.1268473,
    "ar": 1716657226.9254842,
    "de": 1716657242.6702676,
    "es-ES": 1716657258.5012507,
    "es-MX": 1716657274.5450826,
    "fr": 1716657290.164927,
    "it": 1716657306.0578413,
    "ja": 1716657322.52347,
    "ko": 1716657338.9663785,
    "pl": 1716657354.8278174,
    "pt-BR": 1716657370.7947898,
    "ru": 1716657386.6926756,
    "tr": 1716657402.6072607
}