{
    "en-US": 1714760131.3301191,
    "ar": 1714760147.6663625,
    "de": 1714760163.426497,
    "es-ES": 1714760179.0605822,
    "es-MX": 1714760194.8876004,
    "fr": 1714760210.582149,
    "it": 1714760226.2753992,
    "ja": 1714760245.4672294,
    "ko": 1714760263.0777118,
    "pl": 1714760278.899638,
    "pt-BR": 1714760294.828175,
    "ru": 1714760310.636174,
    "tr": 1714760326.355036
}