{
    "en-US": 1719440019.7928946,
    "ar": 1719440035.015822,
    "de": 1719440050.239952,
    "es-ES": 1719440065.464765,
    "es-MX": 1719440080.7104187,
    "fr": 1719440095.9222426,
    "it": 1719440111.15773,
    "ja": 1719440126.393945,
    "ko": 1719440141.6966958,
    "pl": 1719440156.9099748,
    "pt-BR": 1719440172.176571,
    "ru": 1719440187.4043994,
    "tr": 1719440202.568457
}