{
    "en-US": 1716318750.9736085,
    "ar": 1716318766.837088,
    "de": 1716318782.5753193,
    "es-ES": 1716318798.2835286,
    "es-MX": 1716318814.0979402,
    "fr": 1716318829.5211241,
    "it": 1716318845.316415,
    "ja": 1716318863.8617816,
    "ko": 1716318881.3125417,
    "pl": 1716318896.7472744,
    "pt-BR": 1716318912.5286436,
    "ru": 1716318928.3471913,
    "tr": 1716318944.180444
}