{
    "en-US": 1720196181.3661222,
    "ar": 1720196196.4916513,
    "de": 1720196211.6063244,
    "es-ES": 1720196226.7316818,
    "es-MX": 1720196241.8858402,
    "fr": 1720196257.0117846,
    "it": 1720196272.1259983,
    "ja": 1720196287.2374077,
    "ko": 1720196302.3681102,
    "pl": 1720196317.4870484,
    "pt-BR": 1720196332.602204,
    "ru": 1720196347.7396252,
    "tr": 1720196362.8771038
}