{
    "en-US": 1714878809.7124226,
    "ar": 1714878825.7191336,
    "de": 1714878841.2531078,
    "es-ES": 1714878856.8100693,
    "es-MX": 1714878872.486277,
    "fr": 1714878888.0849988,
    "it": 1714878903.8075385,
    "ja": 1714878921.2004273,
    "ko": 1714878938.0414197,
    "pl": 1714878953.6619115,
    "pt-BR": 1714878969.2756128,
    "ru": 1714878985.011936,
    "tr": 1714879000.7221246
}