{
    "en-US": 1720282505.500494,
    "ar": 1720282520.794852,
    "de": 1720282535.906774,
    "es-ES": 1720282551.0128686,
    "es-MX": 1720282566.1311445,
    "fr": 1720282581.231195,
    "it": 1720282596.3641925,
    "ja": 1720282611.4592273,
    "ko": 1720282626.5577023,
    "pl": 1720282641.6536455,
    "pt-BR": 1720282656.7785873,
    "ru": 1720282671.8767495,
    "tr": 1720282686.9820545
}