{
    "en-US": 1722316461.0683908,
    "ar": 1722316476.2387922,
    "de": 1722316491.4139903,
    "es-ES": 1722316506.5768585,
    "es-MX": 1722316521.7591252,
    "fr": 1722316536.9162102,
    "it": 1722316552.0959256,
    "ja": 1722316567.256691,
    "ko": 1722316582.4277458,
    "pl": 1722316597.5909643,
    "pt-BR": 1722316612.7803986,
    "ru": 1722316627.9459748,
    "tr": 1722316643.1107028
}