{
    "en-US": 1716027158.4575436,
    "ar": 1716027174.179118,
    "de": 1716027189.7950528,
    "es-ES": 1716027205.3855166,
    "es-MX": 1716027221.0203187,
    "fr": 1716027236.7181544,
    "it": 1716027252.3589077,
    "ja": 1716027270.1034613,
    "ko": 1716027287.1394312,
    "pl": 1716027302.7802246,
    "pt-BR": 1716027318.4056504,
    "ru": 1716027334.2133846,
    "tr": 1716027349.8378706
}