{
    "en-US": 1722370494.272233,
    "ar": 1722370509.4514666,
    "de": 1722370524.637262,
    "es-ES": 1722370539.8034194,
    "es-MX": 1722370555.0658832,
    "fr": 1722370570.2346528,
    "it": 1722370585.4237459,
    "ja": 1722370600.5984063,
    "ko": 1722370615.7661269,
    "pl": 1722370630.925996,
    "pt-BR": 1722370646.1268077,
    "ru": 1722370661.2943466,
    "tr": 1722370676.466004
}