{
    "en-US": 1718925363.8616686,
    "ar": 1718925380.2317548,
    "de": 1718925395.9539585,
    "es-ES": 1718925411.0754442,
    "es-MX": 1718925426.2436438,
    "fr": 1718925441.356944,
    "it": 1718925456.4886656,
    "ja": 1718925471.5878882,
    "ko": 1718925486.7303793,
    "pl": 1718925501.8498626,
    "pt-BR": 1718925516.9676678,
    "ru": 1718925532.0907137,
    "tr": 1718925547.2044666
}