{
    "en-US": 1720066575.0069354,
    "ar": 1720066590.1227455,
    "de": 1720066605.232834,
    "es-ES": 1720066620.3373713,
    "es-MX": 1720066635.4755926,
    "fr": 1720066650.5666034,
    "it": 1720066665.7157073,
    "ja": 1720066680.8314722,
    "ko": 1720066695.9332604,
    "pl": 1720066711.0339315,
    "pt-BR": 1720066726.1778846,
    "ru": 1720066741.286213,
    "tr": 1720066756.39926
}