{
    "en-US": 1720822385.596305,
    "ar": 1720822400.7104974,
    "de": 1720822415.8342023,
    "es-ES": 1720822430.9335575,
    "es-MX": 1720822446.0443017,
    "fr": 1720822461.141932,
    "it": 1720822476.259403,
    "ja": 1720822491.3485308,
    "ko": 1720822506.4484596,
    "pl": 1720822521.5347128,
    "pt-BR": 1720822536.641357,
    "ru": 1720822551.7376444,
    "tr": 1720822566.904144
}