{
    "en-US": 1715388674.8758233,
    "ar": 1715388691.188056,
    "de": 1715388706.4271212,
    "es-ES": 1715388722.4547684,
    "es-MX": 1715388737.7024922,
    "fr": 1715388753.6365643,
    "it": 1715388769.3797867,
    "ja": 1715388787.2315352,
    "ko": 1715388802.456174,
    "pl": 1715388817.6266403,
    "pt-BR": 1715388833.616861,
    "ru": 1715388849.5964224,
    "tr": 1715388865.38599
}