{
    "en-US": 1721776507.424472,
    "ar": 1721776522.618936,
    "de": 1721776537.8046422,
    "es-ES": 1721776552.9693298,
    "es-MX": 1721776568.139621,
    "fr": 1721776583.2963533,
    "it": 1721776598.4881873,
    "ja": 1721776613.6413631,
    "ko": 1721776628.818884,
    "pl": 1721776643.9807367,
    "pt-BR": 1721776659.1540391,
    "ru": 1721776674.3262858,
    "tr": 1721776689.525545
}