{
    "en-US": 1720840513.248039,
    "ar": 1720840528.4081907,
    "de": 1720840543.5804155,
    "es-ES": 1720840558.7353833,
    "es-MX": 1720840574.427379,
    "fr": 1720840589.5932317,
    "it": 1720840604.7561102,
    "ja": 1720840619.9154565,
    "ko": 1720840635.0776937,
    "pl": 1720840650.235183,
    "pt-BR": 1720840665.4284782,
    "ru": 1720840680.587765,
    "tr": 1720840695.7495925
}