{
    "en-US": 1715249696.1649482,
    "ar": 1715249712.2617738,
    "de": 1715249727.8482943,
    "es-ES": 1715249743.4201853,
    "es-MX": 1715249759.2026799,
    "fr": 1715249775.0039806,
    "it": 1715249790.6065733,
    "ja": 1715249808.7682798,
    "ko": 1715249825.9907863,
    "pl": 1715249841.609048,
    "pt-BR": 1715249857.1972945,
    "ru": 1715249872.9407542,
    "tr": 1715249888.671092
}