{
    "en-US": 1722006937.242169,
    "ar": 1722006952.3959072,
    "de": 1722006967.5658336,
    "es-ES": 1722006982.718813,
    "es-MX": 1722006997.8871315,
    "fr": 1722007013.0371833,
    "it": 1722007028.2153733,
    "ja": 1722007043.3697383,
    "ko": 1722007058.5410035,
    "pl": 1722007073.6958725,
    "pt-BR": 1722007088.864565,
    "ru": 1722007104.0168707,
    "tr": 1722007119.2393305
}