{
    "en-US": 1718648249.5342677,
    "ar": 1718648266.0212595,
    "de": 1718648282.1195877,
    "es-ES": 1718648297.3171306,
    "es-MX": 1718648312.5350866,
    "fr": 1718648327.7094226,
    "it": 1718648342.898514,
    "ja": 1718648358.076183,
    "ko": 1718648373.2676961,
    "pl": 1718648388.4383132,
    "pt-BR": 1718648403.6346033,
    "ru": 1718648418.8107543,
    "tr": 1718648433.9914572
}