{
    "en-US": 1714857093.83979,
    "ar": 1714857109.0730212,
    "de": 1714857124.3009264,
    "es-ES": 1714857139.5327582,
    "es-MX": 1714857154.7492907,
    "fr": 1714857169.9768367,
    "it": 1714857185.2037716,
    "ja": 1714857200.4450805,
    "ko": 1714857215.6603658,
    "pl": 1714857230.869895,
    "pt-BR": 1714857246.0844264,
    "ru": 1714857261.29198,
    "tr": 1714857276.5132737
}