{
    "en-US": 1720751846.2191558,
    "ar": 1720751861.3884408,
    "de": 1720751876.5681908,
    "es-ES": 1720751891.7363665,
    "es-MX": 1720751906.9280338,
    "fr": 1720751922.0883515,
    "it": 1720751937.251297,
    "ja": 1720751952.406114,
    "ko": 1720751967.5689743,
    "pl": 1720751982.7252495,
    "pt-BR": 1720751997.9036536,
    "ru": 1720752013.076106,
    "tr": 1720752028.2407186
}