{
    "en-US": 1718273634.2273102,
    "ar": 1718273650.6240222,
    "de": 1718273666.7596571,
    "es-ES": 1718273682.5609047,
    "es-MX": 1718273697.7828681,
    "fr": 1718273713.029864,
    "it": 1718273728.2301645,
    "ja": 1718273743.425882,
    "ko": 1718273758.6170156,
    "pl": 1718273773.8250844,
    "pt-BR": 1718273789.013687,
    "ru": 1718273804.199043,
    "tr": 1718273819.3884475
}