{
    "en-US": 1721603660.8917577,
    "ar": 1721603676.0061555,
    "de": 1721603691.1068883,
    "es-ES": 1721603706.2075791,
    "es-MX": 1721603721.3256755,
    "fr": 1721603736.4489458,
    "it": 1721603751.5640447,
    "ja": 1721603766.663754,
    "ko": 1721603781.7769248,
    "pl": 1721603796.8716357,
    "pt-BR": 1721603811.9706893,
    "ru": 1721603827.105781,
    "tr": 1721603842.203868
}