{
    "en-US": 1717153991.0918086,
    "ar": 1717154006.9583392,
    "de": 1717154022.6264055,
    "es-ES": 1717154038.228245,
    "es-MX": 1717154054.1685,
    "fr": 1717154069.7023451,
    "it": 1717154085.447922,
    "ja": 1717154102.9929726,
    "ko": 1717154120.0288754,
    "pl": 1717154135.9881837,
    "pt-BR": 1717154151.8713136,
    "ru": 1717154167.3885026,
    "tr": 1717154183.1654859
}