{
    "en-US": 1714025745.9898803,
    "ar": 1714025761.9401197,
    "de": 1714025777.6118276,
    "es-ES": 1714025793.0939834,
    "es-MX": 1714025808.7275734,
    "fr": 1714025824.9356973,
    "it": 1714025840.623174,
    "ja": 1714025856.9755938,
    "ko": 1714025873.1206546,
    "pl": 1714025888.9299805,
    "pt-BR": 1714025905.943699,
    "ru": 1714025921.608514,
    "tr": 1714025937.5595603
}