{
    "en-US": 1719771435.377941,
    "ar": 1719771450.5128303,
    "de": 1719771465.6601188,
    "es-ES": 1719771480.7705665,
    "es-MX": 1719771495.907082,
    "fr": 1719771511.0246549,
    "it": 1719771526.1574569,
    "ja": 1719771541.319558,
    "ko": 1719771556.4313676,
    "pl": 1719771571.5403042,
    "pt-BR": 1719771586.6706703,
    "ru": 1719771601.779358,
    "tr": 1719771616.8943725
}