{
    "en-US": 1713816819.5501363,
    "ar": 1713816835.580647,
    "de": 1713816851.1265383,
    "es-ES": 1713816866.6411119,
    "es-MX": 1713816882.2360334,
    "fr": 1713816897.8393216,
    "it": 1713816913.4784355,
    "ja": 1713816930.8139157,
    "ko": 1713816947.734517,
    "pl": 1713816963.3877637,
    "pt-BR": 1713816979.3481781,
    "ru": 1713816995.0974925,
    "tr": 1713817010.9396493
}