{
    "en-US": 1721934703.7211542,
    "ar": 1721934718.8847866,
    "de": 1721934734.0522876,
    "es-ES": 1721934749.2135537,
    "es-MX": 1721934764.4326744,
    "fr": 1721934779.598559,
    "it": 1721934794.7640488,
    "ja": 1721934809.9253418,
    "ko": 1721934825.1124892,
    "pl": 1721934840.2746444,
    "pt-BR": 1721934855.467644,
    "ru": 1721934870.6499822,
    "tr": 1721934885.809512
}