{
    "en-US": 1720058504.7752697,
    "ar": 1720058519.8782268,
    "de": 1720058535.0000343,
    "es-ES": 1720058550.1216497,
    "es-MX": 1720058565.2575226,
    "fr": 1720058580.356514,
    "it": 1720058595.5006723,
    "ja": 1720058610.6258965,
    "ko": 1720058625.7396705,
    "pl": 1720058640.9040287,
    "pt-BR": 1720058656.0212991,
    "ru": 1720058671.1255112,
    "tr": 1720058686.257467
}