{
    "en-US": 1717989315.688318,
    "ar": 1717989331.9787416,
    "de": 1717989347.9782412,
    "es-ES": 1717989364.0945067,
    "es-MX": 1717989379.3433225,
    "fr": 1717989394.5564387,
    "it": 1717989409.7833273,
    "ja": 1717989424.9858363,
    "ko": 1717989440.195283,
    "pl": 1717989455.4224946,
    "pt-BR": 1717989470.643986,
    "ru": 1717989485.8388035,
    "tr": 1717989501.0404687
}