{
    "en-US": 1721319398.1653123,
    "ar": 1721319413.28319,
    "de": 1721319428.3941092,
    "es-ES": 1721319443.5041795,
    "es-MX": 1721319458.664493,
    "fr": 1721319473.7597938,
    "it": 1721319488.8736286,
    "ja": 1721319503.9705734,
    "ko": 1721319519.0922463,
    "pl": 1721319534.1845198,
    "pt-BR": 1721319549.3298128,
    "ru": 1721319564.4379444,
    "tr": 1721319579.554886
}