{
    "en-US": 1714972465.2683501,
    "ar": 1714972481.2844965,
    "de": 1714972496.822317,
    "es-ES": 1714972512.3819122,
    "es-MX": 1714972527.9592202,
    "fr": 1714972543.5570621,
    "it": 1714972559.1433506,
    "ja": 1714972577.2408843,
    "ko": 1714972594.704365,
    "pl": 1714972610.2699392,
    "pt-BR": 1714972626.0521474,
    "ru": 1714972641.8062465,
    "tr": 1714972657.4900231
}