{
    "en-US": 1717402659.8014264,
    "ar": 1717402675.8485346,
    "de": 1717402691.4249616,
    "es-ES": 1717402706.9228177,
    "es-MX": 1717402722.666331,
    "fr": 1717402738.1265903,
    "it": 1717402753.597916,
    "ja": 1717402771.2296634,
    "ko": 1717402788.1707714,
    "pl": 1717402803.901176,
    "pt-BR": 1717402819.7924736,
    "ru": 1717402835.6693285,
    "tr": 1717402851.4380503
}