{
    "en-US": 1720869183.2820513,
    "ar": 1720869198.3834567,
    "de": 1720869213.496154,
    "es-ES": 1720869228.6107492,
    "es-MX": 1720869243.7301629,
    "fr": 1720869258.828427,
    "it": 1720869273.9301033,
    "ja": 1720869289.054816,
    "ko": 1720869304.1520824,
    "pl": 1720869319.2717874,
    "pt-BR": 1720869334.3824582,
    "ru": 1720869349.481416,
    "tr": 1720869364.5907784
}