{
    "en-US": 1720185346.5157075,
    "ar": 1720185361.662854,
    "de": 1720185376.7784238,
    "es-ES": 1720185391.9244294,
    "es-MX": 1720185407.0889382,
    "fr": 1720185422.2336638,
    "it": 1720185437.3940763,
    "ja": 1720185452.5115805,
    "ko": 1720185467.625222,
    "pl": 1720185482.7475252,
    "pt-BR": 1720185497.8775642,
    "ru": 1720185512.998368,
    "tr": 1720185528.1401105
}