{
    "en-US": 1719104333.6846082,
    "ar": 1719104349.8411422,
    "de": 1719104365.9862,
    "es-ES": 1719104381.1255462,
    "es-MX": 1719104398.0041587,
    "fr": 1719104413.12119,
    "it": 1719104428.2541819,
    "ja": 1719104443.3762093,
    "ko": 1719104458.4971716,
    "pl": 1719104473.6147926,
    "pt-BR": 1719104488.8137574,
    "ru": 1719104503.9179091,
    "tr": 1719104519.049727
}