{
    "en-US": 1716646307.4352608,
    "ar": 1716646323.6910968,
    "de": 1716646339.3460617,
    "es-ES": 1716646354.698474,
    "es-MX": 1716646370.1947122,
    "fr": 1716646385.6875193,
    "it": 1716646401.4615433,
    "ja": 1716646419.3124237,
    "ko": 1716646436.3040414,
    "pl": 1716646452.1238422,
    "pt-BR": 1716646467.8991983,
    "ru": 1716646483.9496994,
    "tr": 1716646499.7823207
}