{
    "en-US": 1716556476.8631709,
    "ar": 1716556493.0651803,
    "de": 1716556508.4522123,
    "es-ES": 1716556524.2007055,
    "es-MX": 1716556540.0622637,
    "fr": 1716556555.574725,
    "it": 1716556571.3768559,
    "ja": 1716556588.8384268,
    "ko": 1716556605.771027,
    "pl": 1716556621.2921016,
    "pt-BR": 1716556637.15063,
    "ru": 1716556652.7036283,
    "tr": 1716556668.6161742
}