{
    "en-US": 1713867164.9920063,
    "ar": 1713867181.4242516,
    "de": 1713867197.1374125,
    "es-ES": 1713867212.8154385,
    "es-MX": 1713867228.4987822,
    "fr": 1713867244.2312658,
    "it": 1713867259.9570572,
    "ja": 1713867277.8871605,
    "ko": 1713867295.1129162,
    "pl": 1713867310.6446667,
    "pt-BR": 1713867326.3668883,
    "ru": 1713867342.0339165,
    "tr": 1713867358.0694675
}