{
    "en-US": 1721459611.32402,
    "ar": 1721459626.720562,
    "de": 1721459641.8931644,
    "es-ES": 1721459657.0478334,
    "es-MX": 1721459672.2086692,
    "fr": 1721459687.3742115,
    "it": 1721459702.565003,
    "ja": 1721459717.7303262,
    "ko": 1721459732.895064,
    "pl": 1721459748.0756364,
    "pt-BR": 1721459763.242814,
    "ru": 1721459778.400659,
    "tr": 1721459793.5875285
}