{
    "en-US": 1720498532.116888,
    "ar": 1720498547.2739248,
    "de": 1720498562.441568,
    "es-ES": 1720498577.609489,
    "es-MX": 1720498592.7725205,
    "fr": 1720498607.9427407,
    "it": 1720498623.1079602,
    "ja": 1720498638.2689083,
    "ko": 1720498653.427099,
    "pl": 1720498668.584618,
    "pt-BR": 1720498683.7417822,
    "ru": 1720498698.943375,
    "tr": 1720498714.1033304
}