{
    "en-US": 1720365231.1623592,
    "ar": 1720365246.3369703,
    "de": 1720365261.5142798,
    "es-ES": 1720365276.6742349,
    "es-MX": 1720365291.877441,
    "fr": 1720365307.0468864,
    "it": 1720365322.223364,
    "ja": 1720365337.396201,
    "ko": 1720365352.5610976,
    "pl": 1720365367.730332,
    "pt-BR": 1720365382.921085,
    "ru": 1720365398.084434,
    "tr": 1720365413.2472694
}