{
    "en-US": 1718309794.4134476,
    "ar": 1718309811.0349896,
    "de": 1718309827.2077107,
    "es-ES": 1718309842.4042954,
    "es-MX": 1718309857.588096,
    "fr": 1718309872.7544768,
    "it": 1718309887.928538,
    "ja": 1718309903.0943272,
    "ko": 1718309918.292261,
    "pl": 1718309933.4607546,
    "pt-BR": 1718309948.6333253,
    "ru": 1718309963.8152974,
    "tr": 1718309978.9957755
}