{
    "en-US": 1721041947.9085107,
    "ar": 1721041963.0146985,
    "de": 1721041978.1224408,
    "es-ES": 1721041993.2172875,
    "es-MX": 1721042008.3255956,
    "fr": 1721042023.435492,
    "it": 1721042038.562033,
    "ja": 1721042053.6570141,
    "ko": 1721042068.7599273,
    "pl": 1721042083.8439052,
    "pt-BR": 1721042098.9471855,
    "ru": 1721042114.0430043,
    "tr": 1721042129.1904829
}