{
    "en-US": 1716358674.063551,
    "ar": 1716358690.1268587,
    "de": 1716358705.724164,
    "es-ES": 1716358721.2896132,
    "es-MX": 1716358736.9427073,
    "fr": 1716358752.352602,
    "it": 1716358767.9764638,
    "ja": 1716358786.1661031,
    "ko": 1716358803.4387035,
    "pl": 1716358818.8276184,
    "pt-BR": 1716358834.4731724,
    "ru": 1716358850.1593547,
    "tr": 1716358865.8354867
}