{
    "en-US": 1717481880.1751716,
    "ar": 1717481896.2438736,
    "de": 1717481911.9836226,
    "es-ES": 1717481927.7720416,
    "es-MX": 1717481943.7354176,
    "fr": 1717481959.8242342,
    "it": 1717481975.6497679,
    "ja": 1717481992.1432936,
    "ko": 1717482008.438688,
    "pl": 1717482024.0884168,
    "pt-BR": 1717482040.242708,
    "ru": 1717482056.2025077,
    "tr": 1717482071.9637554
}