{
    "en-US": 1718810105.1231446,
    "ar": 1718810121.2249405,
    "de": 1718810137.116096,
    "es-ES": 1718810152.3068912,
    "es-MX": 1718810167.5012994,
    "fr": 1718810182.660032,
    "it": 1718810197.8364236,
    "ja": 1718810213.0093622,
    "ko": 1718810228.198821,
    "pl": 1718810243.3616564,
    "pt-BR": 1718810258.5700958,
    "ru": 1718810273.7450316,
    "tr": 1718810288.912724
}