{
    "en-US": 1714148167.4661398,
    "ar": 1714148183.6833627,
    "de": 1714148199.274147,
    "es-ES": 1714148214.8371682,
    "es-MX": 1714148230.2759826,
    "fr": 1714148245.8942177,
    "it": 1714148261.5790477,
    "ja": 1714148279.5129187,
    "ko": 1714148296.7955136,
    "pl": 1714148312.7109025,
    "pt-BR": 1714148328.3852017,
    "ru": 1714148344.2651956,
    "tr": 1714148360.2040524
}