{
    "en-US": 1716624990.0002232,
    "ar": 1716625005.8762891,
    "de": 1716625021.4684083,
    "es-ES": 1716625037.018998,
    "es-MX": 1716625052.7398279,
    "fr": 1716625068.0833983,
    "it": 1716625083.7849867,
    "ja": 1716625101.237541,
    "ko": 1716625118.2085657,
    "pl": 1716625133.6610866,
    "pt-BR": 1716625149.407543,
    "ru": 1716625165.116173,
    "tr": 1716625180.8318605
}