{
    "en-US": 1718126040.832302,
    "ar": 1718126057.1971123,
    "de": 1718126073.0875585,
    "es-ES": 1718126088.274413,
    "es-MX": 1718126103.4509716,
    "fr": 1718126118.6306276,
    "it": 1718126133.8213968,
    "ja": 1718126148.9969323,
    "ko": 1718126164.2043917,
    "pl": 1718126179.3804677,
    "pt-BR": 1718126194.571378,
    "ru": 1718126209.74365,
    "tr": 1718126224.9524193
}