{
    "en-US": 1719566088.8966522,
    "ar": 1719566104.0687692,
    "de": 1719566119.247607,
    "es-ES": 1719566134.4551587,
    "es-MX": 1719566149.6433413,
    "fr": 1719566164.8448179,
    "it": 1719566180.0283387,
    "ja": 1719566195.2129076,
    "ko": 1719566210.3737023,
    "pl": 1719566225.537969,
    "pt-BR": 1719566240.7097352,
    "ru": 1719566255.8998668,
    "tr": 1719566271.0741003
}