{
    "en-US": 1721114106.689282,
    "ar": 1721114121.8755586,
    "de": 1721114137.0528104,
    "es-ES": 1721114152.2257488,
    "es-MX": 1721114167.408458,
    "fr": 1721114182.5722876,
    "it": 1721114197.745885,
    "ja": 1721114212.9198666,
    "ko": 1721114228.076919,
    "pl": 1721114243.2369044,
    "pt-BR": 1721114258.439483,
    "ru": 1721114273.6008375,
    "tr": 1721114288.7673953
}