{
    "en-US": 1719695608.6744692,
    "ar": 1719695623.8606327,
    "de": 1719695639.0609574,
    "es-ES": 1719695654.252165,
    "es-MX": 1719695669.4684722,
    "fr": 1719695684.655659,
    "it": 1719695699.8556256,
    "ja": 1719695715.039621,
    "ko": 1719695730.2158797,
    "pl": 1719695745.394049,
    "pt-BR": 1719695760.6120555,
    "ru": 1719695775.7887847,
    "tr": 1719695790.982629
}