{
    "en-US": 1719318177.1977878,
    "ar": 1719318192.3171399,
    "de": 1719318207.4284117,
    "es-ES": 1719318222.5283616,
    "es-MX": 1719318237.6483877,
    "fr": 1719318252.7706156,
    "it": 1719318267.9060106,
    "ja": 1719318283.007092,
    "ko": 1719318298.1143193,
    "pl": 1719318313.2144485,
    "pt-BR": 1719318328.3381736,
    "ru": 1719318343.4427018,
    "tr": 1719318358.57645
}