{
    "en-US": 1715029972.01996,
    "ar": 1715029988.318373,
    "de": 1715030003.980491,
    "es-ES": 1715030019.596263,
    "es-MX": 1715030035.2724078,
    "fr": 1715030051.0700383,
    "it": 1715030066.83701,
    "ja": 1715030085.7836852,
    "ko": 1715030103.8841295,
    "pl": 1715030119.584186,
    "pt-BR": 1715030135.2707071,
    "ru": 1715030151.3743215,
    "tr": 1715030167.3532126
}