{
    "en-US": 1714288259.792578,
    "ar": 1714288275.7428434,
    "de": 1714288291.4555106,
    "es-ES": 1714288307.1669424,
    "es-MX": 1714288322.9034066,
    "fr": 1714288338.6956687,
    "it": 1714288354.384089,
    "ja": 1714288370.8627858,
    "ko": 1714288387.0439506,
    "pl": 1714288402.749859,
    "pt-BR": 1714288418.469409,
    "ru": 1714288434.2129095,
    "tr": 1714288449.7833383
}