{
    "en-US": 1718651486.676934,
    "ar": 1718651503.2516847,
    "de": 1718651519.1742516,
    "es-ES": 1718651534.4011998,
    "es-MX": 1718651549.6617436,
    "fr": 1718651564.877114,
    "it": 1718651580.100696,
    "ja": 1718651595.317027,
    "ko": 1718651610.684774,
    "pl": 1718651625.8996603,
    "pt-BR": 1718651641.1239603,
    "ru": 1718651656.341026,
    "tr": 1718651671.5801957
}