{
    "en-US": 1721329970.4610038,
    "ar": 1721329985.6276631,
    "de": 1721330000.8100252,
    "es-ES": 1721330015.9738536,
    "es-MX": 1721330031.151893,
    "fr": 1721330046.3233063,
    "it": 1721330061.5150833,
    "ja": 1721330076.6908698,
    "ko": 1721330091.8523438,
    "pl": 1721330107.0133827,
    "pt-BR": 1721330122.1913202,
    "ru": 1721330137.3841395,
    "tr": 1721330152.5672603
}