{
    "en-US": 1713719505.9750812,
    "ar": 1713719522.3375525,
    "de": 1713719538.0302696,
    "es-ES": 1713719553.7223399,
    "es-MX": 1713719569.6228654,
    "fr": 1713719585.399664,
    "it": 1713719601.1484568,
    "ja": 1713719618.929044,
    "ko": 1713719636.0491757,
    "pl": 1713719651.8003871,
    "pt-BR": 1713719667.5593617,
    "ru": 1713719683.3346746,
    "tr": 1713719699.3065746
}