{
    "en-US": 1720336395.087271,
    "ar": 1720336410.1979623,
    "de": 1720336425.3103578,
    "es-ES": 1720336440.4076834,
    "es-MX": 1720336455.522363,
    "fr": 1720336470.6182284,
    "it": 1720336485.7455513,
    "ja": 1720336500.8458898,
    "ko": 1720336515.944995,
    "pl": 1720336531.044396,
    "pt-BR": 1720336546.1642044,
    "ru": 1720336561.2669628,
    "tr": 1720336576.3845532
}