{
    "en-US": 1721124790.326054,
    "ar": 1721124805.4305022,
    "de": 1721124820.5764225,
    "es-ES": 1721124835.6626415,
    "es-MX": 1721124850.7712145,
    "fr": 1721124865.8614974,
    "it": 1721124880.9653661,
    "ja": 1721124896.0592082,
    "ko": 1721124911.1730826,
    "pl": 1721124926.2668948,
    "pt-BR": 1721124941.3769128,
    "ru": 1721124956.4730802,
    "tr": 1721124971.5765605
}