{
    "en-US": 1721046293.4374702,
    "ar": 1721046308.5606823,
    "de": 1721046323.6892836,
    "es-ES": 1721046338.7873302,
    "es-MX": 1721046353.915696,
    "fr": 1721046369.0224168,
    "it": 1721046384.12793,
    "ja": 1721046399.2283332,
    "ko": 1721046414.3341558,
    "pl": 1721046429.424769,
    "pt-BR": 1721046444.563664,
    "ru": 1721046459.6794128,
    "tr": 1721046474.7788408
}