{
    "en-US": 1721488366.9130213,
    "ar": 1721488382.0773563,
    "de": 1721488397.2415743,
    "es-ES": 1721488412.4165235,
    "es-MX": 1721488427.6099982,
    "fr": 1721488442.7709804,
    "it": 1721488457.9369004,
    "ja": 1721488473.0959752,
    "ko": 1721488488.2605114,
    "pl": 1721488503.4175475,
    "pt-BR": 1721488518.5973775,
    "ru": 1721488533.7595825,
    "tr": 1721488548.9201443
}