{
    "en-US": 1715022687.9214745,
    "ar": 1715022704.2966366,
    "de": 1715022720.4325025,
    "es-ES": 1715022736.2318347,
    "es-MX": 1715022752.1316392,
    "fr": 1715022768.020063,
    "it": 1715022783.578526,
    "ja": 1715022802.1753733,
    "ko": 1715022819.4969459,
    "pl": 1715022835.3474083,
    "pt-BR": 1715022851.229864,
    "ru": 1715022867.3484972,
    "tr": 1715022883.6214778
}