{
    "en-US": 1717468320.1559694,
    "ar": 1717468336.4102855,
    "de": 1717468352.2153656,
    "es-ES": 1717468368.2883587,
    "es-MX": 1717468384.4824116,
    "fr": 1717468400.5345972,
    "it": 1717468416.6201897,
    "ja": 1717468434.8270695,
    "ko": 1717468451.8802018,
    "pl": 1717468467.7426949,
    "pt-BR": 1717468483.6568391,
    "ru": 1717468499.3643389,
    "tr": 1717468515.03571
}