{
    "en-US": 1717168544.4667397,
    "ar": 1717168560.4234226,
    "de": 1717168576.3221493,
    "es-ES": 1717168592.1140654,
    "es-MX": 1717168608.0409544,
    "fr": 1717168623.9677331,
    "it": 1717168639.871912,
    "ja": 1717168657.3491461,
    "ko": 1717168674.6232076,
    "pl": 1717168690.552643,
    "pt-BR": 1717168706.457397,
    "ru": 1717168722.166281,
    "tr": 1717168738.1473517
}