{
    "en-US": 1718705694.4094043,
    "ar": 1718705710.7155426,
    "de": 1718705726.879645,
    "es-ES": 1718705742.7415583,
    "es-MX": 1718705757.9979851,
    "fr": 1718705773.2335117,
    "it": 1718705788.4802966,
    "ja": 1718705803.716167,
    "ko": 1718705818.9540703,
    "pl": 1718705834.218323,
    "pt-BR": 1718705849.469554,
    "ru": 1718705864.7129884,
    "tr": 1718705879.9596796
}