{
    "en-US": 1717701225.5148697,
    "ar": 1717701241.689549,
    "de": 1717701257.8873496,
    "es-ES": 1717701274.0449786,
    "es-MX": 1717701289.2722313,
    "fr": 1717701304.456004,
    "it": 1717701319.6496093,
    "ja": 1717701334.847008,
    "ko": 1717701350.030441,
    "pl": 1717701365.207534,
    "pt-BR": 1717701380.4081957,
    "ru": 1717701395.5932298,
    "tr": 1717701410.8245974
}