{
    "en-US": 1718838842.4780886,
    "ar": 1718838858.574989,
    "de": 1718838874.1028392,
    "es-ES": 1718838889.2974198,
    "es-MX": 1718838904.4698524,
    "fr": 1718838919.6275487,
    "it": 1718838934.819628,
    "ja": 1718838949.981101,
    "ko": 1718838965.1461546,
    "pl": 1718838980.3088615,
    "pt-BR": 1718838995.4832075,
    "ru": 1718839010.6515834,
    "tr": 1718839025.8364475
}