{
    "en-US": 1714504210.8615637,
    "ar": 1714504227.1985219,
    "de": 1714504243.0102382,
    "es-ES": 1714504258.755685,
    "es-MX": 1714504274.5350957,
    "fr": 1714504290.3512695,
    "it": 1714504306.2666426,
    "ja": 1714504324.5965042,
    "ko": 1714504341.7779174,
    "pl": 1714504357.66101,
    "pt-BR": 1714504373.4588113,
    "ru": 1714504389.4952755,
    "tr": 1714504405.3049293
}