{
    "en-US": 1719011611.226217,
    "ar": 1719011626.390551,
    "de": 1719011641.631001,
    "es-ES": 1719011656.7310727,
    "es-MX": 1719011671.8346515,
    "fr": 1719011686.9329631,
    "it": 1719011702.0933168,
    "ja": 1719011717.194795,
    "ko": 1719011732.303009,
    "pl": 1719011747.4054964,
    "pt-BR": 1719011762.5358164,
    "ru": 1719011777.6370463,
    "tr": 1719011792.7775128
}