{
    "en-US": 1715188259.3969147,
    "ar": 1715188275.9416227,
    "de": 1715188291.7614381,
    "es-ES": 1715188307.2631483,
    "es-MX": 1715188323.5064983,
    "fr": 1715188339.3829422,
    "it": 1715188355.214881,
    "ja": 1715188373.0846374,
    "ko": 1715188390.0961833,
    "pl": 1715188405.9491715,
    "pt-BR": 1715188421.7339144,
    "ru": 1715188437.670684,
    "tr": 1715188453.634175
}