{
    "en-US": 1718446520.7073863,
    "ar": 1718446537.0140316,
    "de": 1718446552.9312634,
    "es-ES": 1718446568.3215208,
    "es-MX": 1718446583.456788,
    "fr": 1718446598.5623007,
    "it": 1718446613.655995,
    "ja": 1718446628.756502,
    "ko": 1718446643.8519905,
    "pl": 1718446658.9715927,
    "pt-BR": 1718446674.0661945,
    "ru": 1718446689.1630032,
    "tr": 1718446704.2699401
}