{
    "en-US": 1716512039.4416304,
    "ar": 1716512055.6592271,
    "de": 1716512071.3334777,
    "es-ES": 1716512086.9698458,
    "es-MX": 1716512102.7703755,
    "fr": 1716512118.4619384,
    "it": 1716512134.2276692,
    "ja": 1716512152.2936037,
    "ko": 1716512169.7629325,
    "pl": 1716512185.1832108,
    "pt-BR": 1716512200.9015017,
    "ru": 1716512216.6641302,
    "tr": 1716512232.3864574
}