{
    "en-US": 1718475461.5948179,
    "ar": 1718475477.8984418,
    "de": 1718475493.6982012,
    "es-ES": 1718475509.4887826,
    "es-MX": 1718475524.7000725,
    "fr": 1718475539.8873432,
    "it": 1718475555.0797076,
    "ja": 1718475570.2571678,
    "ko": 1718475585.4425685,
    "pl": 1718475600.6325443,
    "pt-BR": 1718475615.818622,
    "ru": 1718475630.9962974,
    "tr": 1718475646.1756947
}