{
    "en-US": 1720146874.2351882,
    "ar": 1720146889.3463094,
    "de": 1720146904.4655864,
    "es-ES": 1720146919.571131,
    "es-MX": 1720146934.686774,
    "fr": 1720146949.8043835,
    "it": 1720146964.9180162,
    "ja": 1720146980.0168633,
    "ko": 1720146995.1290603,
    "pl": 1720147010.2419991,
    "pt-BR": 1720147025.3708777,
    "ru": 1720147040.4957983,
    "tr": 1720147055.6008954
}