{
    "en-US": 1715105738.5015228,
    "ar": 1715105754.7233217,
    "de": 1715105770.243483,
    "es-ES": 1715105785.7480407,
    "es-MX": 1715105801.3506172,
    "fr": 1715105817.1811328,
    "it": 1715105833.043744,
    "ja": 1715105850.5267437,
    "ko": 1715105867.4743903,
    "pl": 1715105883.344291,
    "pt-BR": 1715105899.268111,
    "ru": 1715105915.1961484,
    "tr": 1715105931.384237
}