{
    "en-US": 1720063063.7786865,
    "ar": 1720063078.8986151,
    "de": 1720063094.0142758,
    "es-ES": 1720063109.12479,
    "es-MX": 1720063124.2489262,
    "fr": 1720063139.3646743,
    "it": 1720063154.5096982,
    "ja": 1720063169.6227493,
    "ko": 1720063184.742623,
    "pl": 1720063199.8473454,
    "pt-BR": 1720063214.9597793,
    "ru": 1720063230.0582383,
    "tr": 1720063245.1895516
}