{
    "en-US": 1717956960.7857902,
    "ar": 1717956976.7433882,
    "de": 1717956992.450698,
    "es-ES": 1717957007.5747359,
    "es-MX": 1717957022.7045555,
    "fr": 1717957037.8198447,
    "it": 1717957052.9472294,
    "ja": 1717957068.073178,
    "ko": 1717957083.2005706,
    "pl": 1717957098.3028336,
    "pt-BR": 1717957113.425094,
    "ru": 1717957128.5367327,
    "tr": 1717957143.6677856
}