{
    "en-US": 1717362800.9272285,
    "ar": 1717362816.928892,
    "de": 1717362832.683242,
    "es-ES": 1717362848.4756358,
    "es-MX": 1717362864.3456225,
    "fr": 1717362880.2431903,
    "it": 1717362896.3340006,
    "ja": 1717362913.7033322,
    "ko": 1717362930.6591754,
    "pl": 1717362946.5421405,
    "pt-BR": 1717362962.6327007,
    "ru": 1717362978.8349977,
    "tr": 1717362994.7681727
}