{
    "en-US": 1716999420.356866,
    "ar": 1716999436.4030895,
    "de": 1716999452.1993077,
    "es-ES": 1716999467.9843664,
    "es-MX": 1716999484.023653,
    "fr": 1716999499.8945942,
    "it": 1716999515.8836813,
    "ja": 1716999533.5265853,
    "ko": 1716999551.3788073,
    "pl": 1716999567.358723,
    "pt-BR": 1716999583.612789,
    "ru": 1716999599.742086,
    "tr": 1716999615.7469666
}