{
    "en-US": 1716376350.7156699,
    "ar": 1716376366.8186054,
    "de": 1716376382.2059653,
    "es-ES": 1716376397.8150485,
    "es-MX": 1716376413.5096447,
    "fr": 1716376428.9050848,
    "it": 1716376444.5957177,
    "ja": 1716376462.538987,
    "ko": 1716376479.5556428,
    "pl": 1716376494.9614177,
    "pt-BR": 1716376510.628551,
    "ru": 1716376526.3366327,
    "tr": 1716376542.0138586
}