{
    "en-US": 1714666493.9045813,
    "ar": 1714666510.0591915,
    "de": 1714666525.5914457,
    "es-ES": 1714666541.4884005,
    "es-MX": 1714666556.9021614,
    "fr": 1714666572.3059638,
    "it": 1714666588.1339555,
    "ja": 1714666606.7995808,
    "ko": 1714666624.3248787,
    "pl": 1714666640.0888267,
    "pt-BR": 1714666655.8505874,
    "ru": 1714666671.7942564,
    "tr": 1714666687.456095
}