{
    "en-US": 1721862904.3431156,
    "ar": 1721862919.5049527,
    "de": 1721862934.6642146,
    "es-ES": 1721862949.8190317,
    "es-MX": 1721862964.9901576,
    "fr": 1721862980.1419518,
    "it": 1721862995.3195589,
    "ja": 1721863010.4691563,
    "ko": 1721863025.6288996,
    "pl": 1721863040.7872617,
    "pt-BR": 1721863055.9598064,
    "ru": 1721863071.114982,
    "tr": 1721863086.2899065
}