{
    "en-US": 1716073934.111163,
    "ar": 1716073950.2293367,
    "de": 1716073965.8492742,
    "es-ES": 1716073981.4379914,
    "es-MX": 1716073997.1136494,
    "fr": 1716074012.516757,
    "it": 1716074028.2348452,
    "ja": 1716074045.583922,
    "ko": 1716074062.4639132,
    "pl": 1716074077.8470376,
    "pt-BR": 1716074093.5169368,
    "ru": 1716074109.0068798,
    "tr": 1716074124.7273083
}