{
    "en-US": 1719872024.734813,
    "ar": 1719872039.9067447,
    "de": 1719872055.082558,
    "es-ES": 1719872070.2576091,
    "es-MX": 1719872085.4437838,
    "fr": 1719872100.614287,
    "it": 1719872115.7863634,
    "ja": 1719872130.9772828,
    "ko": 1719872146.148632,
    "pl": 1719872161.3128815,
    "pt-BR": 1719872176.5232654,
    "ru": 1719872191.6903753,
    "tr": 1719872206.8551285
}