{
    "en-US": 1716390888.0751522,
    "ar": 1716390904.2756846,
    "de": 1716390919.6445098,
    "es-ES": 1716390935.351608,
    "es-MX": 1716390951.1585023,
    "fr": 1716390966.594529,
    "it": 1716390982.4424717,
    "ja": 1716391000.0327494,
    "ko": 1716391017.1548855,
    "pl": 1716391032.9461865,
    "pt-BR": 1716391048.7522693,
    "ru": 1716391064.6164126,
    "tr": 1716391080.3270693
}