{
    "en-US": 1716863360.9643762,
    "ar": 1716863376.767097,
    "de": 1716863392.5746477,
    "es-ES": 1716863408.264627,
    "es-MX": 1716863424.2039213,
    "fr": 1716863440.00015,
    "it": 1716863455.9248106,
    "ja": 1716863472.3559294,
    "ko": 1716863488.6906228,
    "pl": 1716863504.3185575,
    "pt-BR": 1716863519.9588003,
    "ru": 1716863535.908265,
    "tr": 1716863551.811389
}