{
    "en-US": 1719418687.9214437,
    "ar": 1719418703.0568404,
    "de": 1719418718.2013388,
    "es-ES": 1719418733.3024857,
    "es-MX": 1719418748.4835794,
    "fr": 1719418763.591468,
    "it": 1719418778.7203233,
    "ja": 1719418793.8376958,
    "ko": 1719418808.9590507,
    "pl": 1719418824.071696,
    "pt-BR": 1719418839.2309713,
    "ru": 1719418854.332729,
    "tr": 1719418869.4594948
}