{
    "en-US": 1715685053.6917186,
    "ar": 1715685069.6918154,
    "de": 1715685085.1938276,
    "es-ES": 1715685100.830799,
    "es-MX": 1715685116.3685815,
    "fr": 1715685132.1604252,
    "it": 1715685147.9375012,
    "ja": 1715685164.1469507,
    "ko": 1715685180.2943878,
    "pl": 1715685196.0782492,
    "pt-BR": 1715685211.8638613,
    "ru": 1715685227.6772108,
    "tr": 1715685243.4124274
}