{
    "en-US": 1717379969.763498,
    "ar": 1717379985.8228972,
    "de": 1717380001.647451,
    "es-ES": 1717380016.7829099,
    "es-MX": 1717380031.930594,
    "fr": 1717380047.3675327,
    "it": 1717380062.5259333,
    "ja": 1717380077.685653,
    "ko": 1717380092.8023503,
    "pl": 1717380107.9162245,
    "pt-BR": 1717380123.0432873,
    "ru": 1717380138.146208,
    "tr": 1717380153.2622654
}