{
    "en-US": 1721888323.1636786,
    "ar": 1721888338.3467627,
    "de": 1721888353.5112822,
    "es-ES": 1721888368.6713018,
    "es-MX": 1721888383.8465703,
    "fr": 1721888399.0054934,
    "it": 1721888414.1819496,
    "ja": 1721888429.360855,
    "ko": 1721888444.51851,
    "pl": 1721888459.6805966,
    "pt-BR": 1721888474.8579154,
    "ru": 1721888490.0200214,
    "tr": 1721888505.1842256
}