{
    "en-US": 1720512963.1916676,
    "ar": 1720512978.3629034,
    "de": 1720512993.5336874,
    "es-ES": 1720513008.7070239,
    "es-MX": 1720513023.9028049,
    "fr": 1720513039.0667927,
    "it": 1720513054.24513,
    "ja": 1720513069.4106312,
    "ko": 1720513084.5787888,
    "pl": 1720513099.7469203,
    "pt-BR": 1720513114.9349012,
    "ru": 1720513130.1021578,
    "tr": 1720513145.278692
}