{
    "en-US": 1718073316.477112,
    "ar": 1718073332.508032,
    "de": 1718073347.999662,
    "es-ES": 1718073363.2032075,
    "es-MX": 1718073378.392497,
    "fr": 1718073393.5531628,
    "it": 1718073408.729305,
    "ja": 1718073423.8952098,
    "ko": 1718073439.0969918,
    "pl": 1718073454.2603235,
    "pt-BR": 1718073469.4389858,
    "ru": 1718073484.606806,
    "tr": 1718073499.79172
}