{
    "en-US": 1715530469.6888697,
    "ar": 1715530485.840063,
    "de": 1715530501.4343488,
    "es-ES": 1715530517.019339,
    "es-MX": 1715530532.6503854,
    "fr": 1715530548.3077958,
    "it": 1715530563.9461756,
    "ja": 1715530581.4726844,
    "ko": 1715530598.5966492,
    "pl": 1715530614.0690153,
    "pt-BR": 1715530629.7356932,
    "ru": 1715530645.271849,
    "tr": 1715530661.0184712
}