{
    "en-US": 1718352975.1182492,
    "ar": 1718352991.4388158,
    "de": 1718353007.3794303,
    "es-ES": 1718353023.1619537,
    "es-MX": 1718353038.291758,
    "fr": 1718353053.418814,
    "it": 1718353068.5447152,
    "ja": 1718353083.6573772,
    "ko": 1718353098.7682192,
    "pl": 1718353113.889912,
    "pt-BR": 1718353129.0144265,
    "ru": 1718353144.1167574,
    "tr": 1718353159.2391837
}