{
    "en-US": 1715026370.7059124,
    "ar": 1715026386.8252828,
    "de": 1715026402.547678,
    "es-ES": 1715026418.3148897,
    "es-MX": 1715026433.9011042,
    "fr": 1715026449.7289994,
    "it": 1715026465.497351,
    "ja": 1715026482.1623273,
    "ko": 1715026498.5019193,
    "pl": 1715026514.3708746,
    "pt-BR": 1715026530.3397486,
    "ru": 1715026546.1963518,
    "tr": 1715026562.0605764
}