{
    "en-US": 1714112231.0324225,
    "ar": 1714112247.1268106,
    "de": 1714112262.8650272,
    "es-ES": 1714112278.5221882,
    "es-MX": 1714112294.1944544,
    "fr": 1714112309.8876467,
    "it": 1714112325.676253,
    "ja": 1714112343.4461086,
    "ko": 1714112360.4911976,
    "pl": 1714112376.2278264,
    "pt-BR": 1714112391.9239092,
    "ru": 1714112407.7170768,
    "tr": 1714112423.6625693
}