{
    "en-US": 1720426638.6281083,
    "ar": 1720426653.801423,
    "de": 1720426668.9687781,
    "es-ES": 1720426684.1363509,
    "es-MX": 1720426699.3432455,
    "fr": 1720426714.50287,
    "it": 1720426729.6772575,
    "ja": 1720426744.8388746,
    "ko": 1720426760.0144095,
    "pl": 1720426775.185098,
    "pt-BR": 1720426790.3777194,
    "ru": 1720426805.5411208,
    "tr": 1720426820.717062
}