{
    "en-US": 1720465922.4698625,
    "ar": 1720465937.639911,
    "de": 1720465952.8127584,
    "es-ES": 1720465967.9981577,
    "es-MX": 1720465983.1942356,
    "fr": 1720465998.3614435,
    "it": 1720466013.5481195,
    "ja": 1720466028.7127,
    "ko": 1720466043.8958645,
    "pl": 1720466059.0604558,
    "pt-BR": 1720466074.2893834,
    "ru": 1720466089.454084,
    "tr": 1720466104.6227977
}