{
    "en-US": 1720095874.2355924,
    "ar": 1720095889.354836,
    "de": 1720095904.470084,
    "es-ES": 1720095919.5709498,
    "es-MX": 1720095934.6964576,
    "fr": 1720095949.8275425,
    "it": 1720095964.9536068,
    "ja": 1720095980.0617845,
    "ko": 1720095995.171172,
    "pl": 1720096010.2846198,
    "pt-BR": 1720096025.3983967,
    "ru": 1720096040.5321283,
    "tr": 1720096055.6365702
}