{
    "en-US": 1718010939.4283748,
    "ar": 1718010955.4076881,
    "de": 1718010970.948587,
    "es-ES": 1718010986.1518672,
    "es-MX": 1718011001.3450246,
    "fr": 1718011016.5004456,
    "it": 1718011031.6820269,
    "ja": 1718011046.8484151,
    "ko": 1718011062.033186,
    "pl": 1718011077.1994102,
    "pt-BR": 1718011092.381009,
    "ru": 1718011107.562783,
    "tr": 1718011122.738917
}