{
    "en-US": 1719353584.3564284,
    "ar": 1719353599.4776843,
    "de": 1719353614.6076388,
    "es-ES": 1719353629.7338834,
    "es-MX": 1719353644.8937235,
    "fr": 1719353660.0092854,
    "it": 1719353675.1539805,
    "ja": 1719353690.2673514,
    "ko": 1719353705.4237928,
    "pl": 1719353720.538055,
    "pt-BR": 1719353735.7665825,
    "ru": 1719353750.891075,
    "tr": 1719353766.0086884
}