{
    "en-US": 1716981150.5701027,
    "ar": 1716981166.4496667,
    "de": 1716981182.1693263,
    "es-ES": 1716981197.9278789,
    "es-MX": 1716981213.7801182,
    "fr": 1716981229.5538523,
    "it": 1716981245.455598,
    "ja": 1716981262.3779137,
    "ko": 1716981279.0917456,
    "pl": 1716981294.9917161,
    "pt-BR": 1716981310.8671753,
    "ru": 1716981326.7472699,
    "tr": 1716981342.628772
}