{
    "en-US": 1714572921.8088129,
    "ar": 1714572937.9584837,
    "de": 1714572953.7492979,
    "es-ES": 1714572969.6189613,
    "es-MX": 1714572985.3545368,
    "fr": 1714573001.1165724,
    "it": 1714573016.9765277,
    "ja": 1714573035.1466184,
    "ko": 1714573052.5557733,
    "pl": 1714573068.3976474,
    "pt-BR": 1714573084.2492898,
    "ru": 1714573100.342942,
    "tr": 1714573116.4317107
}