{
    "en-US": 1715577301.1369467,
    "ar": 1715577317.1902015,
    "de": 1715577332.764724,
    "es-ES": 1715577348.323834,
    "es-MX": 1715577364.0362573,
    "fr": 1715577379.6542408,
    "it": 1715577395.3583605,
    "ja": 1715577413.1164079,
    "ko": 1715577430.1535501,
    "pl": 1715577445.7575011,
    "pt-BR": 1715577461.3891776,
    "ru": 1715577477.1254804,
    "tr": 1715577492.861825
}