{
    "en-US": 1720563268.5989401,
    "ar": 1720563283.7008502,
    "de": 1720563298.8267567,
    "es-ES": 1720563313.9377794,
    "es-MX": 1720563329.0794675,
    "fr": 1720563344.181186,
    "it": 1720563359.3087552,
    "ja": 1720563374.3999488,
    "ko": 1720563389.510357,
    "pl": 1720563404.6103466,
    "pt-BR": 1720563419.7195606,
    "ru": 1720563434.8333817,
    "tr": 1720563449.9533486
}