{
    "en-US": 1714799505.9836304,
    "ar": 1714799521.978462,
    "de": 1714799537.669966,
    "es-ES": 1714799553.3272707,
    "es-MX": 1714799569.0650368,
    "fr": 1714799584.7966974,
    "it": 1714799600.5608637,
    "ja": 1714799616.942083,
    "ko": 1714799633.100839,
    "pl": 1714799648.8824275,
    "pt-BR": 1714799664.8320582,
    "ru": 1714799680.6281393,
    "tr": 1714799696.6306853
}