{
    "en-US": 1719080156.5138772,
    "ar": 1719080172.4934015,
    "de": 1719080188.2505147,
    "es-ES": 1719080203.3761384,
    "es-MX": 1719080218.5422423,
    "fr": 1719080233.6494238,
    "it": 1719080248.7741437,
    "ja": 1719080263.880962,
    "ko": 1719080279.0380282,
    "pl": 1719080294.148626,
    "pt-BR": 1719080309.2620287,
    "ru": 1719080324.3612874,
    "tr": 1719080339.4776917
}