{
    "en-US": 1715533803.3411562,
    "ar": 1715533819.405146,
    "de": 1715533835.1852763,
    "es-ES": 1715533850.914113,
    "es-MX": 1715533866.6909885,
    "fr": 1715533882.558346,
    "it": 1715533898.7259161,
    "ja": 1715533915.1934602,
    "ko": 1715533931.4527507,
    "pl": 1715533947.3888457,
    "pt-BR": 1715533963.1934469,
    "ru": 1715533979.063039,
    "tr": 1715533994.867656
}