{
    "en-US": 1720127574.9881718,
    "ar": 1720127590.1773279,
    "de": 1720127605.3457036,
    "es-ES": 1720127620.5093772,
    "es-MX": 1720127635.6938872,
    "fr": 1720127650.85249,
    "it": 1720127666.0547783,
    "ja": 1720127681.2137818,
    "ko": 1720127696.3881502,
    "pl": 1720127711.554276,
    "pt-BR": 1720127726.725401,
    "ru": 1720127741.8858018,
    "tr": 1720127757.0679548
}