{
    "en-US": 1714393321.0696838,
    "ar": 1714393337.3110547,
    "de": 1714393353.0212283,
    "es-ES": 1714393368.519427,
    "es-MX": 1714393384.257865,
    "fr": 1714393399.977678,
    "it": 1714393415.8110805,
    "ja": 1714393433.8762078,
    "ko": 1714393451.0290523,
    "pl": 1714393466.804812,
    "pt-BR": 1714393482.5173008,
    "ru": 1714393498.3969772,
    "tr": 1714393514.3315487
}