{
    "en-US": 1714724092.628919,
    "ar": 1714724108.6693542,
    "de": 1714724124.3744502,
    "es-ES": 1714724139.8986895,
    "es-MX": 1714724155.6670854,
    "fr": 1714724171.3916235,
    "it": 1714724187.1268332,
    "ja": 1714724203.5463283,
    "ko": 1714724219.835935,
    "pl": 1714724235.6203465,
    "pt-BR": 1714724251.3479066,
    "ru": 1714724267.1072426,
    "tr": 1714724282.6663349
}