{
    "en-US": 1721031519.1272292,
    "ar": 1721031534.2277675,
    "de": 1721031549.341998,
    "es-ES": 1721031564.439312,
    "es-MX": 1721031579.560766,
    "fr": 1721031594.6444979,
    "it": 1721031609.7853541,
    "ja": 1721031624.884037,
    "ko": 1721031639.9909902,
    "pl": 1721031655.0796878,
    "pt-BR": 1721031670.189287,
    "ru": 1721031685.2861755,
    "tr": 1721031700.4009066
}