{
    "en-US": 1714396428.4268048,
    "ar": 1714396444.796646,
    "de": 1714396460.5642078,
    "es-ES": 1714396476.3530664,
    "es-MX": 1714396492.5072582,
    "fr": 1714396508.3399494,
    "it": 1714396524.146639,
    "ja": 1714396542.12105,
    "ko": 1714396559.3507633,
    "pl": 1714396575.2268832,
    "pt-BR": 1714396591.0535483,
    "ru": 1714396607.2348301,
    "tr": 1714396623.3624127
}