{
    "en-US": 1715037189.2788172,
    "ar": 1715037205.4945204,
    "de": 1715037221.251013,
    "es-ES": 1715037236.9682908,
    "es-MX": 1715037252.9207692,
    "fr": 1715037268.9029024,
    "it": 1715037284.4517834,
    "ja": 1715037302.3428304,
    "ko": 1715037319.2447362,
    "pl": 1715037335.0266833,
    "pt-BR": 1715037350.7969022,
    "ru": 1715037366.7270608,
    "tr": 1715037382.755323
}