{
    "en-US": 1720455477.884279,
    "ar": 1720455493.0336325,
    "de": 1720455508.1955912,
    "es-ES": 1720455523.3230171,
    "es-MX": 1720455538.4735367,
    "fr": 1720455553.6334624,
    "it": 1720455568.7802262,
    "ja": 1720455583.9210944,
    "ko": 1720455599.0669973,
    "pl": 1720455614.2081206,
    "pt-BR": 1720455629.3570538,
    "ru": 1720455644.5265064,
    "tr": 1720455659.6679628
}