{
    "en-US": 1719260032.936084,
    "ar": 1719260049.1731067,
    "de": 1719260064.886711,
    "es-ES": 1719260080.063183,
    "es-MX": 1719260095.226454,
    "fr": 1719260110.3390372,
    "it": 1719260125.482885,
    "ja": 1719260140.601244,
    "ko": 1719260155.7451682,
    "pl": 1719260170.8854473,
    "pt-BR": 1719260186.013206,
    "ru": 1719260201.1740625,
    "tr": 1719260216.3052282
}