{
    "en-US": 1717193598.1295633,
    "ar": 1717193614.234282,
    "de": 1717193629.916954,
    "es-ES": 1717193645.6387029,
    "es-MX": 1717193661.464394,
    "fr": 1717193676.9432645,
    "it": 1717193692.6381812,
    "ja": 1717193709.8377564,
    "ko": 1717193727.2130258,
    "pl": 1717193742.8783712,
    "pt-BR": 1717193758.6149814,
    "ru": 1717193774.2773132,
    "tr": 1717193790.41308
}