{
    "en-US": 1713996860.4557374,
    "ar": 1713996875.6545575,
    "de": 1713996891.5256221,
    "es-ES": 1713996906.7095854,
    "es-MX": 1713996922.7616067,
    "fr": 1713996938.3454933,
    "it": 1713996953.851132,
    "ja": 1713996971.5148757,
    "ko": 1713996986.707911,
    "pl": 1713997001.8665988,
    "pt-BR": 1713997017.043292,
    "ru": 1713997032.1948571,
    "tr": 1713997047.3853967
}