{
    "en-US": 1714831975.5038924,
    "ar": 1714831991.5425937,
    "de": 1714832007.1088495,
    "es-ES": 1714832022.669749,
    "es-MX": 1714832038.3207705,
    "fr": 1714832053.945447,
    "it": 1714832069.5754833,
    "ja": 1714832087.067866,
    "ko": 1714832104.2595544,
    "pl": 1714832119.9789762,
    "pt-BR": 1714832135.8452055,
    "ru": 1714832151.5353956,
    "tr": 1714832167.2284722
}