{
    "en-US": 1719594834.573246,
    "ar": 1719594849.6862097,
    "de": 1719594864.825325,
    "es-ES": 1719594879.9359121,
    "es-MX": 1719594895.092452,
    "fr": 1719594910.213831,
    "it": 1719594925.3883963,
    "ja": 1719594940.499384,
    "ko": 1719594955.61662,
    "pl": 1719594970.729712,
    "pt-BR": 1719594985.8904955,
    "ru": 1719595000.9870398,
    "tr": 1719595016.1068418
}