{
    "en-US": 1717780388.3628938,
    "ar": 1717780404.6383016,
    "de": 1717780420.2318761,
    "es-ES": 1717780435.436499,
    "es-MX": 1717780450.6190183,
    "fr": 1717780465.7827373,
    "it": 1717780480.9617689,
    "ja": 1717780496.1247208,
    "ko": 1717780511.3062155,
    "pl": 1717780526.4718373,
    "pt-BR": 1717780541.6477652,
    "ru": 1717780556.8208325,
    "tr": 1717780571.9987187
}