{
    "en-US": 1720671504.4948645,
    "ar": 1720671519.669989,
    "de": 1720671534.8489218,
    "es-ES": 1720671550.0222116,
    "es-MX": 1720671565.2182076,
    "fr": 1720671580.3793633,
    "it": 1720671595.5549378,
    "ja": 1720671610.7165992,
    "ko": 1720671625.8937411,
    "pl": 1720671641.0563295,
    "pt-BR": 1720671656.2501523,
    "ru": 1720671671.4148102,
    "tr": 1720671686.5862134
}