{
    "en-US": 1718097365.4491973,
    "ar": 1718097382.2301135,
    "de": 1718097397.8631318,
    "es-ES": 1718097412.9856553,
    "es-MX": 1718097428.1220675,
    "fr": 1718097443.2239535,
    "it": 1718097458.3434937,
    "ja": 1718097473.4458845,
    "ko": 1718097488.573899,
    "pl": 1718097503.6864116,
    "pt-BR": 1718097518.7980137,
    "ru": 1718097533.9242349,
    "tr": 1718097549.0549219
}