{
    "en-US": 1719728222.204812,
    "ar": 1719728237.3818967,
    "de": 1719728252.5613818,
    "es-ES": 1719728267.735499,
    "es-MX": 1719728282.9303067,
    "fr": 1719728298.0979161,
    "it": 1719728313.2821062,
    "ja": 1719728328.4691472,
    "ko": 1719728343.638612,
    "pl": 1719728358.803408,
    "pt-BR": 1719728374.013479,
    "ru": 1719728389.1888049,
    "tr": 1719728404.3582003
}