{
    "en-US": 1717967588.3268356,
    "ar": 1717967604.1451027,
    "de": 1717967619.8720896,
    "es-ES": 1717967635.0057886,
    "es-MX": 1717967650.1513083,
    "fr": 1717967665.2506309,
    "it": 1717967680.386072,
    "ja": 1717967695.5011582,
    "ko": 1717967710.6296065,
    "pl": 1717967725.739236,
    "pt-BR": 1717967740.8486574,
    "ru": 1717967755.9532537,
    "tr": 1717967771.0838735
}