{
    "en-US": 1718848733.0269358,
    "ar": 1718848749.2929616,
    "de": 1718848765.570084,
    "es-ES": 1718848781.3709066,
    "es-MX": 1718848796.5718482,
    "fr": 1718848811.751139,
    "it": 1718848826.9338028,
    "ja": 1718848842.1067793,
    "ko": 1718848857.273376,
    "pl": 1718848872.465294,
    "pt-BR": 1718848887.648732,
    "ru": 1718848902.8216052,
    "tr": 1718848918.006816
}