{
    "en-US": 1715465453.687718,
    "ar": 1715465469.9197004,
    "de": 1715465485.668416,
    "es-ES": 1715465501.3569474,
    "es-MX": 1715465517.2482975,
    "fr": 1715465533.0517995,
    "it": 1715465548.8171132,
    "ja": 1715465566.3447156,
    "ko": 1715465583.504611,
    "pl": 1715465599.3481457,
    "pt-BR": 1715465615.122579,
    "ru": 1715465631.012543,
    "tr": 1715465646.8359182
}