{
    "en-US": 1721013485.1152253,
    "ar": 1721013500.2917433,
    "de": 1721013515.4646575,
    "es-ES": 1721013530.6232822,
    "es-MX": 1721013545.8632107,
    "fr": 1721013561.0859122,
    "it": 1721013576.2509787,
    "ja": 1721013591.4120443,
    "ko": 1721013606.583236,
    "pl": 1721013621.7453425,
    "pt-BR": 1721013636.9460137,
    "ru": 1721013652.1142402,
    "tr": 1721013667.3037424
}