{
    "en-US": 1714212854.9390461,
    "ar": 1714212871.1410608,
    "de": 1714212886.799083,
    "es-ES": 1714212902.4605458,
    "es-MX": 1714212918.3444846,
    "fr": 1714212933.890099,
    "it": 1714212949.5749674,
    "ja": 1714212967.7136755,
    "ko": 1714212984.895623,
    "pl": 1714213000.6366308,
    "pt-BR": 1714213016.304253,
    "ru": 1714213032.0986552,
    "tr": 1714213047.8447437
}