{
    "en-US": 1721531793.5300593,
    "ar": 1721531808.6411505,
    "de": 1721531823.7517195,
    "es-ES": 1721531838.8464847,
    "es-MX": 1721531853.970295,
    "fr": 1721531869.0732968,
    "it": 1721531884.233286,
    "ja": 1721531899.3315554,
    "ko": 1721531914.4294126,
    "pl": 1721531929.5229058,
    "pt-BR": 1721531944.6383357,
    "ru": 1721531959.736163,
    "tr": 1721531974.851196
}