{
    "en-US": 1719562618.498171,
    "ar": 1719562633.6073089,
    "de": 1719562648.7234647,
    "es-ES": 1719562663.8192928,
    "es-MX": 1719562678.942251,
    "fr": 1719562694.0857303,
    "it": 1719562709.211694,
    "ja": 1719562724.309191,
    "ko": 1719562739.4165454,
    "pl": 1719562754.5187905,
    "pt-BR": 1719562769.637531,
    "ru": 1719562784.7609248,
    "tr": 1719562799.8739717
}