{
    "en-US": 1722165057.280083,
    "ar": 1722165072.4449716,
    "de": 1722165087.6165807,
    "es-ES": 1722165102.7718349,
    "es-MX": 1722165117.9515398,
    "fr": 1722165133.1057055,
    "it": 1722165148.277168,
    "ja": 1722165163.433419,
    "ko": 1722165178.5955224,
    "pl": 1722165193.7537374,
    "pt-BR": 1722165208.9350138,
    "ru": 1722165224.0970457,
    "tr": 1722165239.2695234
}