{
    "en-US": 1717924461.015554,
    "ar": 1717924477.1485205,
    "de": 1717924492.7494667,
    "es-ES": 1717924507.8703585,
    "es-MX": 1717924522.98097,
    "fr": 1717924538.0771127,
    "it": 1717924553.201886,
    "ja": 1717924568.2978394,
    "ko": 1717924583.4205408,
    "pl": 1717924598.517664,
    "pt-BR": 1717924613.6300273,
    "ru": 1717924628.717916,
    "tr": 1717924643.8230588
}