{
    "en-US": 1721326751.366488,
    "ar": 1721326766.5358949,
    "de": 1721326781.699903,
    "es-ES": 1721326796.863552,
    "es-MX": 1721326812.043007,
    "fr": 1721326827.2106638,
    "it": 1721326842.4317791,
    "ja": 1721326857.596454,
    "ko": 1721326872.761592,
    "pl": 1721326887.939953,
    "pt-BR": 1721326903.1150572,
    "ru": 1721326918.287199,
    "tr": 1721326933.4874406
}