{
    "en-US": 1714115598.7175925,
    "ar": 1714115614.6553097,
    "de": 1714115630.1604445,
    "es-ES": 1714115645.669089,
    "es-MX": 1714115661.2385736,
    "fr": 1714115676.7587821,
    "it": 1714115692.303493,
    "ja": 1714115710.1781561,
    "ko": 1714115727.5198524,
    "pl": 1714115743.1184292,
    "pt-BR": 1714115758.6880386,
    "ru": 1714115774.3416505,
    "tr": 1714115790.171204
}