{
    "en-US": 1721898977.3197298,
    "ar": 1721898992.483795,
    "de": 1721899007.6720064,
    "es-ES": 1721899022.8244457,
    "es-MX": 1721899037.9824624,
    "fr": 1721899053.1350186,
    "it": 1721899068.298582,
    "ja": 1721899083.454998,
    "ko": 1721899098.6287005,
    "pl": 1721899113.7819192,
    "pt-BR": 1721899128.945197,
    "ru": 1721899144.1047585,
    "tr": 1721899159.2634623
}