{
    "en-US": 1717042741.4160147,
    "ar": 1717042757.2009232,
    "de": 1717042773.034093,
    "es-ES": 1717042788.816747,
    "es-MX": 1717042806.365032,
    "fr": 1717042822.2389073,
    "it": 1717042838.2920256,
    "ja": 1717042854.570324,
    "ko": 1717042870.8211904,
    "pl": 1717042887.0810275,
    "pt-BR": 1717042902.9504545,
    "ru": 1717042918.5841913,
    "tr": 1717042934.4506164
}