{
    "en-US": 1719432970.664299,
    "ar": 1719432985.7823284,
    "de": 1719433000.9741273,
    "es-ES": 1719433016.0836625,
    "es-MX": 1719433031.2592523,
    "fr": 1719433046.3875096,
    "it": 1719433061.514424,
    "ja": 1719433076.6171632,
    "ko": 1719433091.7388303,
    "pl": 1719433106.8717408,
    "pt-BR": 1719433122.0340083,
    "ru": 1719433137.159036,
    "tr": 1719433152.2724364
}