{
    "en-US": 1713837136.171029,
    "ar": 1713837152.4084282,
    "de": 1713837167.9945228,
    "es-ES": 1713837183.5356667,
    "es-MX": 1713837199.1086116,
    "fr": 1713837214.7116814,
    "it": 1713837230.2885818,
    "ja": 1713837248.382844,
    "ko": 1713837265.232856,
    "pl": 1713837281.1125948,
    "pt-BR": 1713837296.736109,
    "ru": 1713837312.4298213,
    "tr": 1713837328.0639784
}