{
    "en-US": 1716315374.920165,
    "ar": 1716315391.4837234,
    "de": 1716315407.370199,
    "es-ES": 1716315423.243637,
    "es-MX": 1716315438.7834976,
    "fr": 1716315454.6380427,
    "it": 1716315470.3611531,
    "ja": 1716315487.117457,
    "ko": 1716315503.6525276,
    "pl": 1716315519.5727396,
    "pt-BR": 1716315535.438816,
    "ru": 1716315551.0086613,
    "tr": 1716315566.9751258
}