{
    "en-US": 1718291718.3320165,
    "ar": 1718291734.3710601,
    "de": 1718291750.2369213,
    "es-ES": 1718291765.3968523,
    "es-MX": 1718291780.6236513,
    "fr": 1718291795.7336109,
    "it": 1718291810.8574739,
    "ja": 1718291825.9613001,
    "ko": 1718291841.1283488,
    "pl": 1718291856.2414975,
    "pt-BR": 1718291871.3548584,
    "ru": 1718291886.4839504,
    "tr": 1718291901.6143754
}