{
    "en-US": 1718022223.4286792,
    "ar": 1718022239.7247152,
    "de": 1718022255.5384905,
    "es-ES": 1718022270.7265801,
    "es-MX": 1718022285.9018576,
    "fr": 1718022301.0656586,
    "it": 1718022316.2554939,
    "ja": 1718022331.447449,
    "ko": 1718022346.6291711,
    "pl": 1718022361.7850573,
    "pt-BR": 1718022376.9600565,
    "ru": 1718022392.1253295,
    "tr": 1718022407.290529
}