{
    "en-US": 1719501366.8495827,
    "ar": 1719501382.0191061,
    "de": 1719501397.1937282,
    "es-ES": 1719501412.3507607,
    "es-MX": 1719501427.5253701,
    "fr": 1719501442.689198,
    "it": 1719501457.8935928,
    "ja": 1719501473.0560873,
    "ko": 1719501488.2330966,
    "pl": 1719501503.4034345,
    "pt-BR": 1719501518.5803072,
    "ru": 1719501533.7579572,
    "tr": 1719501548.970772
}