{
    "en-US": 1721571165.601414,
    "ar": 1721571180.7710497,
    "de": 1721571195.9595401,
    "es-ES": 1721571211.1192865,
    "es-MX": 1721571226.2958436,
    "fr": 1721571241.4546955,
    "it": 1721571256.6573422,
    "ja": 1721571271.8064044,
    "ko": 1721571286.9868052,
    "pl": 1721571302.1495845,
    "pt-BR": 1721571317.3243158,
    "ru": 1721571332.4908495,
    "tr": 1721571347.6812458
}