{
    "en-US": 1718428392.2070203,
    "ar": 1718428408.6194403,
    "de": 1718428424.3125916,
    "es-ES": 1718428439.5050898,
    "es-MX": 1718428454.6742482,
    "fr": 1718428469.832348,
    "it": 1718428485.0362756,
    "ja": 1718428500.2070644,
    "ko": 1718428515.3769245,
    "pl": 1718428530.5366914,
    "pt-BR": 1718428545.708655,
    "ru": 1718428560.875665,
    "tr": 1718428576.0771859
}