{
    "en-US": 1721740685.4596272,
    "ar": 1721740700.5726871,
    "de": 1721740715.7114918,
    "es-ES": 1721740730.814716,
    "es-MX": 1721740745.930759,
    "fr": 1721740761.029807,
    "it": 1721740776.170279,
    "ja": 1721740791.2615018,
    "ko": 1721740806.4158742,
    "pl": 1721740821.5071955,
    "pt-BR": 1721740836.63162,
    "ru": 1721740851.7340426,
    "tr": 1721740866.8843644
}