{
    "en-US": 1719569660.1146035,
    "ar": 1719569675.2261546,
    "de": 1719569690.3411841,
    "es-ES": 1719569705.4413447,
    "es-MX": 1719569720.5901835,
    "fr": 1719569735.6899574,
    "it": 1719569750.816157,
    "ja": 1719569765.9125566,
    "ko": 1719569781.007934,
    "pl": 1719569796.1092842,
    "pt-BR": 1719569811.2215223,
    "ru": 1719569826.3577135,
    "tr": 1719569841.480764
}