{
    "en-US": 1719828968.5121496,
    "ar": 1719828983.627853,
    "de": 1719828998.7449846,
    "es-ES": 1719829013.8697467,
    "es-MX": 1719829028.9946706,
    "fr": 1719829044.1098294,
    "it": 1719829059.2203486,
    "ja": 1719829074.323484,
    "ko": 1719829089.446953,
    "pl": 1719829104.5731297,
    "pt-BR": 1719829119.6966672,
    "ru": 1719829134.795399,
    "tr": 1719829149.8995225
}