{
    "en-US": 1716264941.486111,
    "ar": 1716264957.5132523,
    "de": 1716264973.110711,
    "es-ES": 1716264988.6747038,
    "es-MX": 1716265004.351824,
    "fr": 1716265019.7588897,
    "it": 1716265035.189061,
    "ja": 1716265052.3548086,
    "ko": 1716265069.1351807,
    "pl": 1716265084.575112,
    "pt-BR": 1716265100.2704551,
    "ru": 1716265115.7737105,
    "tr": 1716265131.7684047
}