{
    "en-US": 1720559607.0467832,
    "ar": 1720559622.2093666,
    "de": 1720559637.4001083,
    "es-ES": 1720559652.5634844,
    "es-MX": 1720559667.7428684,
    "fr": 1720559682.9223485,
    "it": 1720559698.0979025,
    "ja": 1720559713.261342,
    "ko": 1720559728.4247541,
    "pl": 1720559743.585579,
    "pt-BR": 1720559758.7825642,
    "ru": 1720559773.9400804,
    "tr": 1720559789.1036897
}