{
    "en-US": 1713823982.934294,
    "ar": 1713823998.9159195,
    "de": 1713824014.6225946,
    "es-ES": 1713824030.3137786,
    "es-MX": 1713824046.0480888,
    "fr": 1713824061.6712134,
    "it": 1713824077.5607388,
    "ja": 1713824093.920156,
    "ko": 1713824110.137121,
    "pl": 1713824126.0153787,
    "pt-BR": 1713824141.7628317,
    "ru": 1713824157.55533,
    "tr": 1713824173.2769768
}