{
    "en-US": 1714921999.6513903,
    "ar": 1714922015.7077596,
    "de": 1714922031.5119488,
    "es-ES": 1714922047.0065339,
    "es-MX": 1714922062.728246,
    "fr": 1714922078.4631174,
    "it": 1714922094.3924725,
    "ja": 1714922110.9231405,
    "ko": 1714922127.1326873,
    "pl": 1714922142.8982341,
    "pt-BR": 1714922158.4574342,
    "ru": 1714922174.1962926,
    "tr": 1714922189.962062
}