{
    "en-US": 1714271270.707093,
    "ar": 1714271286.9444091,
    "de": 1714271302.4636486,
    "es-ES": 1714271317.9959528,
    "es-MX": 1714271333.7978199,
    "fr": 1714271349.382227,
    "it": 1714271364.964552,
    "ja": 1714271382.9581218,
    "ko": 1714271398.184939,
    "pl": 1714271413.3693104,
    "pt-BR": 1714271428.5454788,
    "ru": 1714271444.5767746,
    "tr": 1714271460.2913406
}