{
    "en-US": 1716592391.9616852,
    "ar": 1716592407.8208287,
    "de": 1716592423.486356,
    "es-ES": 1716592438.8321729,
    "es-MX": 1716592454.5419748,
    "fr": 1716592470.0381842,
    "it": 1716592485.8035736,
    "ja": 1716592503.6575844,
    "ko": 1716592520.7982244,
    "pl": 1716592536.5815632,
    "pt-BR": 1716592552.3371115,
    "ru": 1716592567.8480623,
    "tr": 1716592583.609008
}