{
    "en-US": 1719926169.5619671,
    "ar": 1719926184.7432103,
    "de": 1719926199.9228914,
    "es-ES": 1719926215.0942225,
    "es-MX": 1719926230.2959714,
    "fr": 1719926245.4671288,
    "it": 1719926260.6506243,
    "ja": 1719926275.8229196,
    "ko": 1719926291.0002398,
    "pl": 1719926306.1673641,
    "pt-BR": 1719926321.371519,
    "ru": 1719926336.5434363,
    "tr": 1719926351.7251482
}