{
    "en-US": 1715480963.7048304,
    "ar": 1715480979.9200459,
    "de": 1715480995.452261,
    "es-ES": 1715481011.0116823,
    "es-MX": 1715481026.7185514,
    "fr": 1715481042.3233583,
    "it": 1715481057.9187608,
    "ja": 1715481076.3676546,
    "ko": 1715481094.7875395,
    "pl": 1715481110.4595988,
    "pt-BR": 1715481126.076583,
    "ru": 1715481141.834583,
    "tr": 1715481157.5584228
}