{
    "en-US": 1722190645.864111,
    "ar": 1722190661.0612144,
    "de": 1722190676.2345142,
    "es-ES": 1722190691.3950965,
    "es-MX": 1722190706.5725813,
    "fr": 1722190721.7363608,
    "it": 1722190736.900612,
    "ja": 1722190752.0800512,
    "ko": 1722190767.245175,
    "pl": 1722190782.4006667,
    "pt-BR": 1722190797.565282,
    "ru": 1722190812.7258556,
    "tr": 1722190827.8920739
}