{
    "en-US": 1722327448.4127498,
    "ar": 1722327463.573204,
    "de": 1722327478.7490234,
    "es-ES": 1722327493.8940048,
    "es-MX": 1722327509.061278,
    "fr": 1722327524.2140372,
    "it": 1722327539.3744555,
    "ja": 1722327554.5388732,
    "ko": 1722327569.7083836,
    "pl": 1722327584.856578,
    "pt-BR": 1722327600.0222433,
    "ru": 1722327615.1705494,
    "tr": 1722327630.3309708
}