{
    "en-US": 1714194726.0870683,
    "ar": 1714194742.251677,
    "de": 1714194757.8865893,
    "es-ES": 1714194773.5282748,
    "es-MX": 1714194789.2418058,
    "fr": 1714194804.9640636,
    "it": 1714194820.731753,
    "ja": 1714194838.1194139,
    "ko": 1714194855.5495293,
    "pl": 1714194871.3337722,
    "pt-BR": 1714194887.0208943,
    "ru": 1714194903.0207014,
    "tr": 1714194919.012413
}