{
    "en-US": 1717528367.0533247,
    "ar": 1717528383.2116246,
    "de": 1717528398.8885784,
    "es-ES": 1717528414.511815,
    "es-MX": 1717528430.2762158,
    "fr": 1717528446.4421945,
    "it": 1717528462.2536194,
    "ja": 1717528480.6277843,
    "ko": 1717528498.0893466,
    "pl": 1717528514.19631,
    "pt-BR": 1717528530.185702,
    "ru": 1717528546.2169373,
    "tr": 1717528562.111288
}