{
    "en-US": 1718785051.7048082,
    "ar": 1718785068.0752454,
    "de": 1718785084.422557,
    "es-ES": 1718785100.285215,
    "es-MX": 1718785115.6038935,
    "fr": 1718785130.9314022,
    "it": 1718785146.2087586,
    "ja": 1718785161.475633,
    "ko": 1718785176.7545986,
    "pl": 1718785192.047541,
    "pt-BR": 1718785207.321873,
    "ru": 1718785222.6627924,
    "tr": 1718785237.9387467
}