{
    "en-US": 1719628310.7564685,
    "ar": 1719628325.9343238,
    "de": 1719628341.1252694,
    "es-ES": 1719628356.2989514,
    "es-MX": 1719628371.503363,
    "fr": 1719628386.6761692,
    "it": 1719628401.8581028,
    "ja": 1719628417.0294647,
    "ko": 1719628432.2006235,
    "pl": 1719628447.3652985,
    "pt-BR": 1719628462.559029,
    "ru": 1719628477.740372,
    "tr": 1719628492.916634
}