{
    "en-US": 1722287681.6346097,
    "ar": 1722287696.798634,
    "de": 1722287711.976255,
    "es-ES": 1722287727.1381745,
    "es-MX": 1722287742.3146043,
    "fr": 1722287757.467677,
    "it": 1722287772.6640756,
    "ja": 1722287787.8326147,
    "ko": 1722287802.9939198,
    "pl": 1722287818.1465232,
    "pt-BR": 1722287833.3113406,
    "ru": 1722287848.4690669,
    "tr": 1722287863.6454358
}