{
    "en-US": 1719253058.9458423,
    "ar": 1719253075.200295,
    "de": 1719253091.376414,
    "es-ES": 1719253106.5325015,
    "es-MX": 1719253121.6782262,
    "fr": 1719253136.7932324,
    "it": 1719253151.9540493,
    "ja": 1719253167.0725276,
    "ko": 1719253182.2493238,
    "pl": 1719253197.4065702,
    "pt-BR": 1719253212.5438197,
    "ru": 1719253227.6689172,
    "tr": 1719253242.8193617
}