{
    "en-US": 1719332199.6207309,
    "ar": 1719332214.7931535,
    "de": 1719332229.9729588,
    "es-ES": 1719332245.1476467,
    "es-MX": 1719332260.3563857,
    "fr": 1719332275.5328906,
    "it": 1719332290.7389767,
    "ja": 1719332305.9022186,
    "ko": 1719332321.1093972,
    "pl": 1719332336.284559,
    "pt-BR": 1719332351.4738393,
    "ru": 1719332366.6468365,
    "tr": 1719332381.8397183
}