{
    "en-US": 1716515789.7785957,
    "ar": 1716515805.9815395,
    "de": 1716515821.6891124,
    "es-ES": 1716515837.3640676,
    "es-MX": 1716515852.795202,
    "fr": 1716515868.2120795,
    "it": 1716515884.0523195,
    "ja": 1716515901.7339003,
    "ko": 1716515918.662333,
    "pl": 1716515934.3751214,
    "pt-BR": 1716515950.0474398,
    "ru": 1716515965.8493664,
    "tr": 1716515981.5824974
}