{
    "en-US": 1718248507.1038127,
    "ar": 1718248523.343916,
    "de": 1718248539.297442,
    "es-ES": 1718248554.4215913,
    "es-MX": 1718248569.6229038,
    "fr": 1718248584.7339904,
    "it": 1718248599.8447177,
    "ja": 1718248614.9554386,
    "ko": 1718248630.093621,
    "pl": 1718248645.2010627,
    "pt-BR": 1718248660.3045526,
    "ru": 1718248675.4054058,
    "tr": 1718248690.5272584
}