{
    "en-US": 1718039520.2208636,
    "ar": 1718039536.629563,
    "de": 1718039552.5286348,
    "es-ES": 1718039567.75288,
    "es-MX": 1718039582.934019,
    "fr": 1718039598.1262257,
    "it": 1718039613.3156943,
    "ja": 1718039628.489565,
    "ko": 1718039643.6934783,
    "pl": 1718039658.8780882,
    "pt-BR": 1718039674.084076,
    "ru": 1718039689.2542524,
    "tr": 1718039704.4324663
}