{
    "en-US": 1719990799.7772543,
    "ar": 1719990814.9541125,
    "de": 1719990830.1332042,
    "es-ES": 1719990845.3009646,
    "es-MX": 1719990860.4982688,
    "fr": 1719990875.6675446,
    "it": 1719990890.8458598,
    "ja": 1719990906.0115964,
    "ko": 1719990921.1842864,
    "pl": 1719990936.350977,
    "pt-BR": 1719990951.5505488,
    "ru": 1719990966.7211246,
    "tr": 1719990981.8917778
}