{
    "en-US": 1717808082.6448622,
    "ar": 1717808097.8653364,
    "de": 1717808113.0659323,
    "es-ES": 1717808128.2569933,
    "es-MX": 1717808143.4438856,
    "fr": 1717808158.633445,
    "it": 1717808173.8609796,
    "ja": 1717808189.0439978,
    "ko": 1717808204.2270045,
    "pl": 1717808219.4230356,
    "pt-BR": 1717808234.6269846,
    "ru": 1717808249.817499,
    "tr": 1717808265.032245
}