{
    "en-US": 1716761547.8124878,
    "ar": 1716761563.717665,
    "de": 1716761579.486453,
    "es-ES": 1716761595.2305686,
    "es-MX": 1716761611.0524023,
    "fr": 1716761626.6654513,
    "it": 1716761642.7685351,
    "ja": 1716761660.1014342,
    "ko": 1716761676.5490675,
    "pl": 1716761692.472144,
    "pt-BR": 1716761708.543282,
    "ru": 1716761724.197545,
    "tr": 1716761740.0864756
}