{
    "en-US": 1720847680.060189,
    "ar": 1720847695.1563437,
    "de": 1720847710.2513485,
    "es-ES": 1720847725.334579,
    "es-MX": 1720847740.4352582,
    "fr": 1720847755.544834,
    "it": 1720847770.6452556,
    "ja": 1720847785.7252758,
    "ko": 1720847800.8176146,
    "pl": 1720847815.9017467,
    "pt-BR": 1720847831.0076964,
    "ru": 1720847846.1087124,
    "tr": 1720847861.2375228
}