{
    "en-US": 1714237882.4403112,
    "ar": 1714237898.5564835,
    "de": 1714237914.1071498,
    "es-ES": 1714237929.6749527,
    "es-MX": 1714237945.0650997,
    "fr": 1714237960.7407157,
    "it": 1714237976.3336344,
    "ja": 1714237995.0167994,
    "ko": 1714238013.4523723,
    "pl": 1714238029.2271655,
    "pt-BR": 1714238044.9039633,
    "ru": 1714238060.5021214,
    "tr": 1714238076.2288413
}