{
    "en-US": 1721809031.550471,
    "ar": 1721809046.64062,
    "de": 1721809061.739176,
    "es-ES": 1721809076.8249485,
    "es-MX": 1721809091.954123,
    "fr": 1721809107.0463128,
    "it": 1721809122.1541474,
    "ja": 1721809137.2453363,
    "ko": 1721809152.3434134,
    "pl": 1721809167.4236777,
    "pt-BR": 1721809182.5563421,
    "ru": 1721809197.6530707,
    "tr": 1721809212.7446709
}