{
    "en-US": 1714098179.7026863,
    "ar": 1714098195.8893838,
    "de": 1714098211.4429066,
    "es-ES": 1714098226.9753299,
    "es-MX": 1714098242.6241043,
    "fr": 1714098258.225162,
    "it": 1714098273.849825,
    "ja": 1714098291.8174157,
    "ko": 1714098308.995766,
    "pl": 1714098324.6484346,
    "pt-BR": 1714098340.2312088,
    "ru": 1714098355.927253,
    "tr": 1714098371.6303964
}