{
    "en-US": 1715215931.2741857,
    "ar": 1715215947.2717073,
    "de": 1715215962.948672,
    "es-ES": 1715215978.3051612,
    "es-MX": 1715215993.737193,
    "fr": 1715216009.4245086,
    "it": 1715216025.0800242,
    "ja": 1715216042.7358923,
    "ko": 1715216059.9366915,
    "pl": 1715216075.6489627,
    "pt-BR": 1715216091.3163233,
    "ru": 1715216107.236453,
    "tr": 1715216123.034036
}