{
    "en-US": 1719980186.0457945,
    "ar": 1719980201.1599226,
    "de": 1719980216.273162,
    "es-ES": 1719980231.3718204,
    "es-MX": 1719980246.49345,
    "fr": 1719980261.6170447,
    "it": 1719980276.7259245,
    "ja": 1719980291.8254266,
    "ko": 1719980306.944012,
    "pl": 1719980322.0460622,
    "pt-BR": 1719980337.1695085,
    "ru": 1719980352.3160973,
    "tr": 1719980367.429683
}