{
    "en-US": 1721290613.331859,
    "ar": 1721290630.8301692,
    "de": 1721290645.9931393,
    "es-ES": 1721290661.139763,
    "es-MX": 1721290676.3033667,
    "fr": 1721290691.4531763,
    "it": 1721290706.6099086,
    "ja": 1721290721.7537117,
    "ko": 1721290736.9051015,
    "pl": 1721290753.8150785,
    "pt-BR": 1721290769.014012,
    "ru": 1721290784.176837,
    "tr": 1721290799.3270977
}