{
    "en-US": 1713730388.084143,
    "ar": 1713730404.0927176,
    "de": 1713730419.590483,
    "es-ES": 1713730435.1071804,
    "es-MX": 1713730450.6838732,
    "fr": 1713730466.2438707,
    "it": 1713730481.7676036,
    "ja": 1713730499.011983,
    "ko": 1713730515.9915943,
    "pl": 1713730531.647698,
    "pt-BR": 1713730547.1776452,
    "ru": 1713730562.8316472,
    "tr": 1713730578.4726043
}