{
    "en-US": 1717845099.8992777,
    "ar": 1717845116.0423772,
    "de": 1717845132.0625682,
    "es-ES": 1717845147.844426,
    "es-MX": 1717845163.0395896,
    "fr": 1717845178.210039,
    "it": 1717845193.3868537,
    "ja": 1717845208.5540798,
    "ko": 1717845223.7231295,
    "pl": 1717845238.9077227,
    "pt-BR": 1717845254.0843737,
    "ru": 1717845269.2525225,
    "tr": 1717845284.4291995
}