{
    "en-US": 1722201297.814577,
    "ar": 1722201312.9925947,
    "de": 1722201328.1527054,
    "es-ES": 1722201343.2998846,
    "es-MX": 1722201358.4626715,
    "fr": 1722201373.614343,
    "it": 1722201388.79796,
    "ja": 1722201403.9437666,
    "ko": 1722201419.0944922,
    "pl": 1722201434.2423704,
    "pt-BR": 1722201449.4013457,
    "ru": 1722201464.5544004,
    "tr": 1722201479.7260077
}