{
    "en-US": 1713802489.7484257,
    "ar": 1713802506.1130974,
    "de": 1713802521.7152002,
    "es-ES": 1713802537.2064667,
    "es-MX": 1713802552.8679667,
    "fr": 1713802568.544019,
    "it": 1713802584.323337,
    "ja": 1713802601.7844403,
    "ko": 1713802619.329726,
    "pl": 1713802634.9931266,
    "pt-BR": 1713802650.6539466,
    "ru": 1713802666.6140745,
    "tr": 1713802682.5517921
}