{
    "en-US": 1716441280.1348858,
    "ar": 1716441296.1826582,
    "de": 1716441311.9580944,
    "es-ES": 1716441327.4582384,
    "es-MX": 1716441343.2496407,
    "fr": 1716441358.7917392,
    "it": 1716441374.5450537,
    "ja": 1716441390.8964646,
    "ko": 1716441407.1114821,
    "pl": 1716441422.6199963,
    "pt-BR": 1716441438.3780625,
    "ru": 1716441453.9606175,
    "tr": 1716441469.7404299
}