{
    "en-US": 1716524177.640171,
    "ar": 1716524193.705685,
    "de": 1716524209.5103705,
    "es-ES": 1716524225.2378914,
    "es-MX": 1716524241.112986,
    "fr": 1716524256.6613178,
    "it": 1716524272.5283654,
    "ja": 1716524288.741546,
    "ko": 1716524305.0087788,
    "pl": 1716524320.544925,
    "pt-BR": 1716524336.3358054,
    "ru": 1716524352.2278824,
    "tr": 1716524368.0254529
}