{
    "en-US": 1718454129.6438417,
    "ar": 1718454146.0624382,
    "de": 1718454162.1954207,
    "es-ES": 1718454177.383982,
    "es-MX": 1718454192.587101,
    "fr": 1718454207.7550437,
    "it": 1718454222.945805,
    "ja": 1718454238.109506,
    "ko": 1718454253.30116,
    "pl": 1718454268.4685678,
    "pt-BR": 1718454283.6331534,
    "ru": 1718454298.7948048,
    "tr": 1718454313.9660876
}