{
    "en-US": 1716606942.7524076,
    "ar": 1716606958.5837119,
    "de": 1716606974.1339703,
    "es-ES": 1716606989.670319,
    "es-MX": 1716607005.7110705,
    "fr": 1716607021.5265527,
    "it": 1716607037.4443665,
    "ja": 1716607053.6355603,
    "ko": 1716607069.8584597,
    "pl": 1716607085.698547,
    "pt-BR": 1716607101.606165,
    "ru": 1716607117.2392771,
    "tr": 1716607133.204104
}