{
    "en-US": 1718946837.869653,
    "ar": 1718946853.070192,
    "de": 1718946868.2725224,
    "es-ES": 1718946883.4339397,
    "es-MX": 1718946898.604323,
    "fr": 1718946913.7633653,
    "it": 1718946928.9513345,
    "ja": 1718946944.113407,
    "ko": 1718946959.2805743,
    "pl": 1718946974.44983,
    "pt-BR": 1718946989.6253,
    "ru": 1718947004.7965584,
    "tr": 1718947019.993207
}