{
    "en-US": 1720480453.9938626,
    "ar": 1720480469.1831076,
    "de": 1720480484.3262596,
    "es-ES": 1720480499.4596608,
    "es-MX": 1720480514.6076212,
    "fr": 1720480529.7379217,
    "it": 1720480544.896079,
    "ja": 1720480560.0315437,
    "ko": 1720480575.1681755,
    "pl": 1720480590.3056996,
    "pt-BR": 1720480605.4489443,
    "ru": 1720480620.5832078,
    "tr": 1720480635.7459874
}