{
    "en-US": 1715641956.987004,
    "ar": 1715641973.237188,
    "de": 1715641989.009973,
    "es-ES": 1715642004.717262,
    "es-MX": 1715642020.320788,
    "fr": 1715642036.084411,
    "it": 1715642051.9243546,
    "ja": 1715642068.3435788,
    "ko": 1715642084.6312017,
    "pl": 1715642100.4777563,
    "pt-BR": 1715642116.4301443,
    "ru": 1715642132.238539,
    "tr": 1715642148.0343661
}