{
    "en-US": 1721567648.4584978,
    "ar": 1721567663.633822,
    "de": 1721567678.7968235,
    "es-ES": 1721567693.952463,
    "es-MX": 1721567709.1394646,
    "fr": 1721567724.2946377,
    "it": 1721567739.460867,
    "ja": 1721567754.6202464,
    "ko": 1721567769.7790852,
    "pl": 1721567784.928636,
    "pt-BR": 1721567800.109508,
    "ru": 1721567815.2632,
    "tr": 1721567830.4177234
}