{
    "en-US": 1721668346.9597464,
    "ar": 1721668362.1406186,
    "de": 1721668377.3359952,
    "es-ES": 1721668392.4934387,
    "es-MX": 1721668407.6763973,
    "fr": 1721668422.8464444,
    "it": 1721668438.0368884,
    "ja": 1721668453.203325,
    "ko": 1721668468.3712459,
    "pl": 1721668483.550131,
    "pt-BR": 1721668498.7396228,
    "ru": 1721668513.9008029,
    "tr": 1721668529.0953665
}