{
    "en-US": 1720804510.1035876,
    "ar": 1720804525.244702,
    "de": 1720804540.371628,
    "es-ES": 1720804555.47654,
    "es-MX": 1720804570.6197672,
    "fr": 1720804585.7503483,
    "it": 1720804600.9107444,
    "ja": 1720804616.018831,
    "ko": 1720804631.1381233,
    "pl": 1720804646.2507157,
    "pt-BR": 1720804661.3869896,
    "ru": 1720804676.5047693,
    "tr": 1720804691.616417
}