{
    "en-US": 1716857608.8087924,
    "ar": 1716857624.9164162,
    "de": 1716857640.7896764,
    "es-ES": 1716857656.603392,
    "es-MX": 1716857672.4425032,
    "fr": 1716857688.0706692,
    "it": 1716857703.9257493,
    "ja": 1716857721.9366915,
    "ko": 1716857737.2038336,
    "pl": 1716857752.3952503,
    "pt-BR": 1716857768.567153,
    "ru": 1716857784.385087,
    "tr": 1716857800.2511592
}