{
    "en-US": 1716732658.847718,
    "ar": 1716732674.900571,
    "de": 1716732690.8534691,
    "es-ES": 1716732706.3372874,
    "es-MX": 1716732722.0632734,
    "fr": 1716732737.6585605,
    "it": 1716732753.542205,
    "ja": 1716732769.9606886,
    "ko": 1716732785.957299,
    "pl": 1716732802.0831046,
    "pt-BR": 1716732817.6974173,
    "ru": 1716732833.515435,
    "tr": 1716732849.1213543
}