{
    "en-US": 1716185874.8823712,
    "ar": 1716185890.9976764,
    "de": 1716185906.5875828,
    "es-ES": 1716185922.2086132,
    "es-MX": 1716185937.834947,
    "fr": 1716185953.482079,
    "it": 1716185969.1240387,
    "ja": 1716185987.029933,
    "ko": 1716186004.5504758,
    "pl": 1716186019.9468453,
    "pt-BR": 1716186035.6071634,
    "ru": 1716186051.099532,
    "tr": 1716186066.8247514
}