{
    "en-US": 1722078803.7358003,
    "ar": 1722078818.9124148,
    "de": 1722078834.0810308,
    "es-ES": 1722078849.2370994,
    "es-MX": 1722078864.3940706,
    "fr": 1722078879.5397625,
    "it": 1722078894.698125,
    "ja": 1722078909.8596547,
    "ko": 1722078925.0142636,
    "pl": 1722078940.1610644,
    "pt-BR": 1722078955.3191395,
    "ru": 1722078970.4779844,
    "tr": 1722078985.632246
}