{
    "en-US": 1714870487.6786985,
    "ar": 1714870502.9004378,
    "de": 1714870518.0869563,
    "es-ES": 1714870533.2495546,
    "es-MX": 1714870548.4300988,
    "fr": 1714870563.5930128,
    "it": 1714870578.7567363,
    "ja": 1714870593.9407866,
    "ko": 1714870609.1043458,
    "pl": 1714870624.2863116,
    "pt-BR": 1714870639.4559157,
    "ru": 1714870654.6209729,
    "tr": 1714870669.7918665
}