{
    "en-US": 1713777219.7576113,
    "ar": 1713777235.999028,
    "de": 1713777251.484387,
    "es-ES": 1713777267.37659,
    "es-MX": 1713777283.0845258,
    "fr": 1713777298.8008926,
    "it": 1713777314.5288444,
    "ja": 1713777332.6338513,
    "ko": 1713777349.4181905,
    "pl": 1713777365.1110368,
    "pt-BR": 1713777380.832987,
    "ru": 1713777396.6238146,
    "tr": 1713777412.4443405
}