{
    "en-US": 1718550844.8037097,
    "ar": 1718550861.1063685,
    "de": 1718550877.2746341,
    "es-ES": 1718550892.4780018,
    "es-MX": 1718550908.2838101,
    "fr": 1718550923.452971,
    "it": 1718550938.6265688,
    "ja": 1718550953.7997782,
    "ko": 1718550969.0068188,
    "pl": 1718550984.1808214,
    "pt-BR": 1718550999.3550692,
    "ru": 1718551014.5152009,
    "tr": 1718551029.690944
}