{
    "en-US": 1717607588.0412643,
    "ar": 1717607604.3667006,
    "de": 1717607620.6197233,
    "es-ES": 1717607636.4863565,
    "es-MX": 1717607651.7296302,
    "fr": 1717607666.9161086,
    "it": 1717607682.1169796,
    "ja": 1717607697.2964952,
    "ko": 1717607712.4796588,
    "pl": 1717607727.6867483,
    "pt-BR": 1717607742.896224,
    "ru": 1717607758.0656593,
    "tr": 1717607773.2754436
}