{
    "en-US": 1721665017.3637543,
    "ar": 1721665032.4843543,
    "de": 1721665047.5925248,
    "es-ES": 1721665062.699292,
    "es-MX": 1721665077.8157988,
    "fr": 1721665092.9230099,
    "it": 1721665108.0789196,
    "ja": 1721665123.1925504,
    "ko": 1721665138.2969441,
    "pl": 1721665153.3927813,
    "pt-BR": 1721665168.5072618,
    "ru": 1721665183.6149306,
    "tr": 1721665198.7642455
}