{
    "en-US": 1714925664.2036097,
    "ar": 1714925680.2607598,
    "de": 1714925695.9774082,
    "es-ES": 1714925711.737931,
    "es-MX": 1714925727.4791691,
    "fr": 1714925743.2378871,
    "it": 1714925758.9877386,
    "ja": 1714925775.5564034,
    "ko": 1714925791.746596,
    "pl": 1714925807.5471675,
    "pt-BR": 1714925823.4055161,
    "ru": 1714925839.1746337,
    "tr": 1714925855.154684
}