{
    "en-US": 1714792474.806153,
    "ar": 1714792490.9340725,
    "de": 1714792506.5135016,
    "es-ES": 1714792521.9677413,
    "es-MX": 1714792537.6101918,
    "fr": 1714792553.3407717,
    "it": 1714792568.9214578,
    "ja": 1714792586.4761636,
    "ko": 1714792603.5288715,
    "pl": 1714792619.2469046,
    "pt-BR": 1714792634.8885467,
    "ru": 1714792650.6986835,
    "tr": 1714792666.5722432
}