{
    "en-US": 1717197229.1708643,
    "ar": 1717197245.3069563,
    "de": 1717197261.0715287,
    "es-ES": 1717197276.2560363,
    "es-MX": 1717197291.4345858,
    "fr": 1717197306.5962389,
    "it": 1717197321.7896469,
    "ja": 1717197336.9551835,
    "ko": 1717197352.128899,
    "pl": 1717197367.286434,
    "pt-BR": 1717197382.4639928,
    "ru": 1717197397.6316388,
    "tr": 1717197412.8105495
}