{
    "en-US": 1720383262.341989,
    "ar": 1720383277.5751805,
    "de": 1720383292.8050346,
    "es-ES": 1720383308.0295603,
    "es-MX": 1720383323.2842236,
    "fr": 1720383338.5036905,
    "it": 1720383353.7238564,
    "ja": 1720383368.9399126,
    "ko": 1720383384.162504,
    "pl": 1720383399.3834782,
    "pt-BR": 1720383414.6367543,
    "ru": 1720383429.8542607,
    "tr": 1720383445.0746017
}