{
    "en-US": 1716419704.8096497,
    "ar": 1716419720.9999294,
    "de": 1716419736.6453574,
    "es-ES": 1716419752.250142,
    "es-MX": 1716419767.9310012,
    "fr": 1716419783.3338387,
    "it": 1716419799.1081698,
    "ja": 1716419816.7454045,
    "ko": 1716419833.7114742,
    "pl": 1716419849.371819,
    "pt-BR": 1716419865.1145377,
    "ru": 1716419880.889798,
    "tr": 1716419896.5655324
}