{
    "en-US": 1717974773.0487185,
    "ar": 1717974789.3443403,
    "de": 1717974805.4480946,
    "es-ES": 1717974821.2599483,
    "es-MX": 1717974836.4566464,
    "fr": 1717974851.6223357,
    "it": 1717974866.8176603,
    "ja": 1717974881.9920943,
    "ko": 1717974897.1638088,
    "pl": 1717974912.331248,
    "pt-BR": 1717974927.5099022,
    "ru": 1717974942.707584,
    "tr": 1717974957.9048254
}