{
    "en-US": 1722045694.5496523,
    "ar": 1722045709.6454027,
    "de": 1722045724.749279,
    "es-ES": 1722045739.8445504,
    "es-MX": 1722045754.9468167,
    "fr": 1722045770.0315106,
    "it": 1722045785.1485655,
    "ja": 1722045800.2424202,
    "ko": 1722045815.3359227,
    "pl": 1722045830.4238946,
    "pt-BR": 1722045845.5362637,
    "ru": 1722045860.6373184,
    "tr": 1722045875.745396
}