{
    "en-US": 1720838237.9627397,
    "ar": 1720838253.0746338,
    "de": 1720838268.194138,
    "es-ES": 1720838283.287552,
    "es-MX": 1720838298.4157887,
    "fr": 1720838313.5492387,
    "it": 1720838328.6649432,
    "ja": 1720838343.7807271,
    "ko": 1720838358.8801737,
    "pl": 1720838373.9817998,
    "pt-BR": 1720838389.1071606,
    "ru": 1720838404.2202706,
    "tr": 1720838419.346638
}