{
    "en-US": 1721052761.8844337,
    "ar": 1721052777.1117911,
    "de": 1721052792.3619285,
    "es-ES": 1721052807.5854137,
    "es-MX": 1721052822.8418417,
    "fr": 1721052838.0691998,
    "it": 1721052853.3084779,
    "ja": 1721052868.5316155,
    "ko": 1721052883.7515776,
    "pl": 1721052898.9729836,
    "pt-BR": 1721052914.2275229,
    "ru": 1721052929.4497116,
    "tr": 1721052944.6754014
}