{
    "en-US": 1714551524.0877707,
    "ar": 1714551540.1513314,
    "de": 1714551555.6822624,
    "es-ES": 1714551571.0407262,
    "es-MX": 1714551586.6195428,
    "fr": 1714551602.3758624,
    "it": 1714551617.9889526,
    "ja": 1714551635.3900325,
    "ko": 1714551652.5920472,
    "pl": 1714551668.2130632,
    "pt-BR": 1714551683.8306391,
    "ru": 1714551699.51853,
    "tr": 1714551715.4099832
}