{
    "en-US": 1721204247.9642696,
    "ar": 1721204263.0702958,
    "de": 1721204278.1720352,
    "es-ES": 1721204293.2617035,
    "es-MX": 1721204308.3686228,
    "fr": 1721204323.4598103,
    "it": 1721204338.611993,
    "ja": 1721204353.7051501,
    "ko": 1721204368.8012736,
    "pl": 1721204383.8876598,
    "pt-BR": 1721204399.0144665,
    "ru": 1721204414.1230977,
    "tr": 1721204429.2399688
}