{
    "en-US": 1716045250.4745965,
    "ar": 1716045266.6486046,
    "de": 1716045282.397667,
    "es-ES": 1716045298.1094096,
    "es-MX": 1716045313.6527004,
    "fr": 1716045329.4895706,
    "it": 1716045345.1904514,
    "ja": 1716045363.2210684,
    "ko": 1716045380.3370605,
    "pl": 1716045395.8706124,
    "pt-BR": 1716045411.6325262,
    "ru": 1716045427.2493865,
    "tr": 1716045443.0783694
}