{
    "en-US": 1715738354.5031855,
    "ar": 1715738370.6308355,
    "de": 1715738386.3848128,
    "es-ES": 1715738402.2703762,
    "es-MX": 1715738418.1051414,
    "fr": 1715738434.032425,
    "it": 1715738449.9129198,
    "ja": 1715738467.1581724,
    "ko": 1715738482.4151664,
    "pl": 1715738497.6186275,
    "pt-BR": 1715738513.7367158,
    "ru": 1715738529.370883,
    "tr": 1715738544.9244633
}