{
    "en-US": 1721801942.425074,
    "ar": 1721801957.5780673,
    "de": 1721801972.7440562,
    "es-ES": 1721801987.9028695,
    "es-MX": 1721802003.0761025,
    "fr": 1721802018.2301354,
    "it": 1721802033.434619,
    "ja": 1721802048.5894358,
    "ko": 1721802063.7667315,
    "pl": 1721802078.9229932,
    "pt-BR": 1721802094.0963492,
    "ru": 1721802109.2586524,
    "tr": 1721802124.4263911
}