{
    "en-US": 1722197622.0102966,
    "ar": 1722197637.1788557,
    "de": 1722197652.3406956,
    "es-ES": 1722197667.4989288,
    "es-MX": 1722197682.6598861,
    "fr": 1722197697.8116236,
    "it": 1722197712.9908235,
    "ja": 1722197728.1495974,
    "ko": 1722197743.3109994,
    "pl": 1722197758.4735804,
    "pt-BR": 1722197773.6514885,
    "ru": 1722197788.8185995,
    "tr": 1722197804.0248058
}