{
    "en-US": 1714328077.680991,
    "ar": 1714328093.7908926,
    "de": 1714328109.539458,
    "es-ES": 1714328125.0406685,
    "es-MX": 1714328140.78744,
    "fr": 1714328156.3531678,
    "it": 1714328171.9463136,
    "ja": 1714328190.0005133,
    "ko": 1714328207.3489857,
    "pl": 1714328222.9466882,
    "pt-BR": 1714328238.346242,
    "ru": 1714328254.2084148,
    "tr": 1714328269.8849845
}