{
    "en-US": 1714528657.9669678,
    "ar": 1714528674.1153822,
    "de": 1714528689.7203364,
    "es-ES": 1714528705.3576176,
    "es-MX": 1714528720.97146,
    "fr": 1714528736.6079783,
    "it": 1714528752.22992,
    "ja": 1714528770.071705,
    "ko": 1714528787.1820502,
    "pl": 1714528802.8453355,
    "pt-BR": 1714528818.475741,
    "ru": 1714528834.187299,
    "tr": 1714528849.8854208
}