{
    "en-US": 1721128392.0084393,
    "ar": 1721128407.1156993,
    "de": 1721128422.2164707,
    "es-ES": 1721128437.3181586,
    "es-MX": 1721128452.464902,
    "fr": 1721128467.5600855,
    "it": 1721128482.684308,
    "ja": 1721128497.774812,
    "ko": 1721128512.8980792,
    "pl": 1721128527.9995863,
    "pt-BR": 1721128543.1026971,
    "ru": 1721128558.1978598,
    "tr": 1721128573.3181317
}