{
    "en-US": 1715001304.2407243,
    "ar": 1715001320.5498576,
    "de": 1715001336.1411412,
    "es-ES": 1715001351.7318904,
    "es-MX": 1715001367.4240828,
    "fr": 1715001383.444995,
    "it": 1715001399.083886,
    "ja": 1715001428.2471373,
    "ko": 1715001449.9989495,
    "pl": 1715001465.6913085,
    "pt-BR": 1715001481.3730946,
    "ru": 1715001497.2674212,
    "tr": 1715001513.1408408
}