{
    "en-US": 1722363456.7120907,
    "ar": 1722363471.8836946,
    "de": 1722363487.057398,
    "es-ES": 1722363502.2194545,
    "es-MX": 1722363517.3976593,
    "fr": 1722363532.5556097,
    "it": 1722363547.717911,
    "ja": 1722363562.8794887,
    "ko": 1722363578.0372896,
    "pl": 1722363593.1934276,
    "pt-BR": 1722363608.3786385,
    "ru": 1722363623.5350454,
    "tr": 1722363638.6934395
}