{
    "en-US": 1721708194.242421,
    "ar": 1721708209.3650968,
    "de": 1721708224.4996066,
    "es-ES": 1721708239.5995438,
    "es-MX": 1721708254.716668,
    "fr": 1721708269.805914,
    "it": 1721708284.9388344,
    "ja": 1721708300.0348628,
    "ko": 1721708315.1352465,
    "pl": 1721708330.2350907,
    "pt-BR": 1721708345.3483686,
    "ru": 1721708360.4479868,
    "tr": 1721708375.579186
}