{
    "en-US": 1721416425.2383108,
    "ar": 1721416440.3667507,
    "de": 1721416455.4651034,
    "es-ES": 1721416470.591857,
    "es-MX": 1721416485.7213018,
    "fr": 1721416500.8459587,
    "it": 1721416515.9869394,
    "ja": 1721416531.0928006,
    "ko": 1721416546.1899738,
    "pl": 1721416561.2956522,
    "pt-BR": 1721416576.4094853,
    "ru": 1721416591.5084147,
    "tr": 1721416606.6274083
}