{
    "en-US": 1720523579.3699665,
    "ar": 1720523594.4733925,
    "de": 1720523609.6045575,
    "es-ES": 1720523624.7120373,
    "es-MX": 1720523639.8422093,
    "fr": 1720523654.9377239,
    "it": 1720523670.0699973,
    "ja": 1720523685.170058,
    "ko": 1720523700.2921314,
    "pl": 1720523715.3929527,
    "pt-BR": 1720523730.5074117,
    "ru": 1720523745.6369114,
    "tr": 1720523760.76923
}