{
    "en-US": 1722273245.448039,
    "ar": 1722273260.558762,
    "de": 1722273275.6698735,
    "es-ES": 1722273290.7767398,
    "es-MX": 1722273305.8859115,
    "fr": 1722273320.9857674,
    "it": 1722273336.1275623,
    "ja": 1722273351.2303348,
    "ko": 1722273366.338681,
    "pl": 1722273381.4367802,
    "pt-BR": 1722273396.5475218,
    "ru": 1722273411.6405447,
    "tr": 1722273426.765944
}