{
    "en-US": 1716884280.2918794,
    "ar": 1716884296.2689345,
    "de": 1716884312.0152104,
    "es-ES": 1716884327.7116237,
    "es-MX": 1716884343.7109382,
    "fr": 1716884359.6538205,
    "it": 1716884375.8397746,
    "ja": 1716884393.457926,
    "ko": 1716884410.4843433,
    "pl": 1716884426.1350665,
    "pt-BR": 1716884442.05451,
    "ru": 1716884457.7534666,
    "tr": 1716884473.6880944
}