{
    "en-US": 1722147442.360255,
    "ar": 1722147457.4527044,
    "de": 1722147472.54799,
    "es-ES": 1722147487.6332018,
    "es-MX": 1722147502.7473807,
    "fr": 1722147517.8253577,
    "it": 1722147532.9213865,
    "ja": 1722147548.0074124,
    "ko": 1722147563.089987,
    "pl": 1722147578.1749055,
    "pt-BR": 1722147593.2882664,
    "ru": 1722147608.3736894,
    "tr": 1722147623.4668972
}