{
    "en-US": 1722150779.8022997,
    "ar": 1722150794.8946977,
    "de": 1722150809.9967947,
    "es-ES": 1722150825.0923536,
    "es-MX": 1722150840.194658,
    "fr": 1722150855.2734847,
    "it": 1722150870.3862803,
    "ja": 1722150885.469388,
    "ko": 1722150900.560317,
    "pl": 1722150915.64203,
    "pt-BR": 1722150930.7502332,
    "ru": 1722150945.837701,
    "tr": 1722150960.9636328
}