{
    "en-US": 1721643310.7419157,
    "ar": 1721643325.8315823,
    "de": 1721643340.9331539,
    "es-ES": 1721643356.0105557,
    "es-MX": 1721643371.1072772,
    "fr": 1721643386.2226706,
    "it": 1721643401.428899,
    "ja": 1721643416.5093782,
    "ko": 1721643431.590647,
    "pl": 1721643446.670144,
    "pt-BR": 1721643461.7665238,
    "ru": 1721643476.8640397,
    "tr": 1721643491.955165
}