{
    "en-US": 1719666881.51405,
    "ar": 1719666896.6300821,
    "de": 1719666911.7551353,
    "es-ES": 1719666926.8723187,
    "es-MX": 1719666942.0205843,
    "fr": 1719666957.1546679,
    "it": 1719666972.2989204,
    "ja": 1719666987.4142082,
    "ko": 1719667002.5293317,
    "pl": 1719667017.6670985,
    "pt-BR": 1719667032.8238802,
    "ru": 1719667047.938543,
    "tr": 1719667063.0603764
}