{
    "en-US": 1719659536.1573088,
    "ar": 1719659551.3245888,
    "de": 1719659566.4959793,
    "es-ES": 1719659581.6600323,
    "es-MX": 1719659596.8413074,
    "fr": 1719659612.0005424,
    "it": 1719659627.1836052,
    "ja": 1719659642.3508153,
    "ko": 1719659657.5201254,
    "pl": 1719659672.6798933,
    "pt-BR": 1719659687.873756,
    "ru": 1719659703.0361266,
    "tr": 1719659718.199976
}