{
    "en-US": 1715890409.0764964,
    "ar": 1715890425.3622212,
    "de": 1715890441.1605132,
    "es-ES": 1715890456.9704332,
    "es-MX": 1715890472.564064,
    "fr": 1715890488.1065972,
    "it": 1715890503.9335349,
    "ja": 1715890521.6405997,
    "ko": 1715890538.868394,
    "pl": 1715890554.988349,
    "pt-BR": 1715890570.5531268,
    "ru": 1715890586.2178223,
    "tr": 1715890602.096446
}