{
    "en-US": 1721356322.9724748,
    "ar": 1721356338.16518,
    "de": 1721356353.346033,
    "es-ES": 1721356368.5086665,
    "es-MX": 1721356383.6767278,
    "fr": 1721356398.846715,
    "it": 1721356414.0374815,
    "ja": 1721356429.210778,
    "ko": 1721356444.381467,
    "pl": 1721356459.5525937,
    "pt-BR": 1721356474.718815,
    "ru": 1721356489.89569,
    "tr": 1721356505.0860608
}