{
    "en-US": 1713860099.2503023,
    "ar": 1713860115.507932,
    "de": 1713860130.9947884,
    "es-ES": 1713860146.4774835,
    "es-MX": 1713860162.1670148,
    "fr": 1713860177.872778,
    "it": 1713860193.6393826,
    "ja": 1713860210.204908,
    "ko": 1713860226.4651725,
    "pl": 1713860242.1852121,
    "pt-BR": 1713860257.9318368,
    "ru": 1713860273.7022946,
    "tr": 1713860289.4146605
}