{
    "en-US": 1714009979.8216143,
    "ar": 1714009995.7650144,
    "de": 1714010011.424246,
    "es-ES": 1714010027.0944095,
    "es-MX": 1714010042.814368,
    "fr": 1714010058.555785,
    "it": 1714010074.490971,
    "ja": 1714010090.9107826,
    "ko": 1714010107.106019,
    "pl": 1714010122.938827,
    "pt-BR": 1714010138.6829803,
    "ru": 1714010154.4526181,
    "tr": 1714010170.0112333
}