{
    "en-US": 1716887644.6069899,
    "ar": 1716887660.5207841,
    "de": 1716887676.0014396,
    "es-ES": 1716887691.7208972,
    "es-MX": 1716887707.4380457,
    "fr": 1716887723.0383394,
    "it": 1716887739.1466389,
    "ja": 1716887756.3660688,
    "ko": 1716887773.3400326,
    "pl": 1716887789.2205865,
    "pt-BR": 1716887805.100901,
    "ru": 1716887820.7477033,
    "tr": 1716887836.6587899
}