{
    "en-US": 1718169270.9963667,
    "ar": 1718169287.1963806,
    "de": 1718169302.8970466,
    "es-ES": 1718169318.0133352,
    "es-MX": 1718169333.1236672,
    "fr": 1718169348.2155786,
    "it": 1718169363.3247843,
    "ja": 1718169378.4294825,
    "ko": 1718169393.5633016,
    "pl": 1718169408.6637387,
    "pt-BR": 1718169423.7714503,
    "ru": 1718169438.8721657,
    "tr": 1718169453.9817984
}