{
    "en-US": 1720610017.83331,
    "ar": 1720610032.9420245,
    "de": 1720610048.0615437,
    "es-ES": 1720610063.1591818,
    "es-MX": 1720610078.268631,
    "fr": 1720610093.3659437,
    "it": 1720610108.4941082,
    "ja": 1720610123.5876083,
    "ko": 1720610138.6941626,
    "pl": 1720610153.7801557,
    "pt-BR": 1720610168.8942413,
    "ru": 1720610183.9904044,
    "tr": 1720610199.110613
}