{
    "en-US": 1716617810.9296622,
    "ar": 1716617827.2052624,
    "de": 1716617842.9594543,
    "es-ES": 1716617858.4485815,
    "es-MX": 1716617874.3683724,
    "fr": 1716617889.9987578,
    "it": 1716617905.8697,
    "ja": 1716617922.0384839,
    "ko": 1716617938.2165294,
    "pl": 1716617953.830719,
    "pt-BR": 1716617969.4471173,
    "ru": 1716617985.0681787,
    "tr": 1716618001.0084658
}