{
    "en-US": 1714169533.5878825,
    "ar": 1714169549.88896,
    "de": 1714169565.4695017,
    "es-ES": 1714169580.8248425,
    "es-MX": 1714169596.1827037,
    "fr": 1714169611.7119796,
    "it": 1714169627.2548676,
    "ja": 1714169645.0739255,
    "ko": 1714169660.2790625,
    "pl": 1714169675.4503255,
    "pt-BR": 1714169690.6209643,
    "ru": 1714169705.7908082,
    "tr": 1714169720.9967828
}