{
    "en-US": 1722093223.2541492,
    "ar": 1722093238.3587093,
    "de": 1722093253.4679031,
    "es-ES": 1722093268.5579991,
    "es-MX": 1722093283.6735442,
    "fr": 1722093298.7653043,
    "it": 1722093313.8938756,
    "ja": 1722093328.9902236,
    "ko": 1722093344.0873063,
    "pl": 1722093359.1860657,
    "pt-BR": 1722093374.3102849,
    "ru": 1722093389.4289658,
    "tr": 1722093404.5459611
}