{
    "en-US": 1721427268.279825,
    "ar": 1721427283.4406965,
    "de": 1721427298.6166382,
    "es-ES": 1721427313.7774801,
    "es-MX": 1721427328.9444048,
    "fr": 1721427344.0987916,
    "it": 1721427359.2791557,
    "ja": 1721427374.435109,
    "ko": 1721427389.5916586,
    "pl": 1721427404.7506907,
    "pt-BR": 1721427419.9161096,
    "ru": 1721427435.072387,
    "tr": 1721427450.2613297
}