{
    "en-US": 1716628389.9546366,
    "ar": 1716628405.81511,
    "de": 1716628421.4841857,
    "es-ES": 1716628437.1532114,
    "es-MX": 1716628453.12733,
    "fr": 1716628468.6546547,
    "it": 1716628484.4696686,
    "ja": 1716628501.4634013,
    "ko": 1716628518.538987,
    "pl": 1716628534.308907,
    "pt-BR": 1716628550.100543,
    "ru": 1716628565.9702644,
    "tr": 1716628581.8397725
}