{
    "en-US": 1715926690.288853,
    "ar": 1715926706.3588583,
    "de": 1715926721.9777052,
    "es-ES": 1715926737.370156,
    "es-MX": 1715926753.0809808,
    "fr": 1715926768.7402432,
    "it": 1715926784.3779736,
    "ja": 1715926802.085052,
    "ko": 1715926819.2864795,
    "pl": 1715926834.9166095,
    "pt-BR": 1715926850.6277573,
    "ru": 1715926866.1023078,
    "tr": 1715926881.8912947
}