{
    "en-US": 1720177900.2258599,
    "ar": 1720177915.3967319,
    "de": 1720177930.57191,
    "es-ES": 1720177945.7355268,
    "es-MX": 1720177960.9187906,
    "fr": 1720177976.07597,
    "it": 1720177991.2536201,
    "ja": 1720178006.4164858,
    "ko": 1720178021.5887544,
    "pl": 1720178036.7535753,
    "pt-BR": 1720178051.9445932,
    "ru": 1720178067.1518867,
    "tr": 1720178082.3213675
}