{
    "en-US": 1715084490.067126,
    "ar": 1715084506.2502286,
    "de": 1715084521.9337316,
    "es-ES": 1715084537.5089161,
    "es-MX": 1715084553.4045463,
    "fr": 1715084569.0537128,
    "it": 1715084584.937957,
    "ja": 1715084603.4665349,
    "ko": 1715084621.0425193,
    "pl": 1715084636.7441614,
    "pt-BR": 1715084652.4701147,
    "ru": 1715084668.450972,
    "tr": 1715084684.327891
}