{
    "en-US": 1716642787.0324771,
    "ar": 1716642803.225327,
    "de": 1716642818.9850485,
    "es-ES": 1716642834.693984,
    "es-MX": 1716642850.6731799,
    "fr": 1716642866.271307,
    "it": 1716642882.390332,
    "ja": 1716642899.932952,
    "ko": 1716642916.954901,
    "pl": 1716642932.8456385,
    "pt-BR": 1716642948.6948667,
    "ru": 1716642964.3440022,
    "tr": 1716642980.2326224
}