{
    "en-US": 1714043527.2875545,
    "ar": 1714043543.3972116,
    "de": 1714043558.753355,
    "es-ES": 1714043574.2959187,
    "es-MX": 1714043589.852732,
    "fr": 1714043605.483941,
    "it": 1714043621.0444787,
    "ja": 1714043638.5335097,
    "ko": 1714043655.4513853,
    "pl": 1714043671.018694,
    "pt-BR": 1714043686.6793199,
    "ru": 1714043702.3242214,
    "tr": 1714043718.1797764
}