{
    "en-US": 1715461903.3725803,
    "ar": 1715461919.675063,
    "de": 1715461935.3814487,
    "es-ES": 1715461950.7712862,
    "es-MX": 1715461966.3058164,
    "fr": 1715461981.8609173,
    "it": 1715461997.3969202,
    "ja": 1715462015.407291,
    "ko": 1715462032.3069828,
    "pl": 1715462048.2862828,
    "pt-BR": 1715462063.873944,
    "ru": 1715462079.938766,
    "tr": 1715462095.766843
}