{
    "en-US": 1714993852.9018142,
    "ar": 1714993868.9706163,
    "de": 1714993884.3439474,
    "es-ES": 1714993899.9122286,
    "es-MX": 1714993915.529462,
    "fr": 1714993931.1637654,
    "it": 1714993946.7862117,
    "ja": 1714993964.6872003,
    "ko": 1714993979.9358897,
    "pl": 1714993995.0840635,
    "pt-BR": 1714994010.2543085,
    "ru": 1714994026.2216594,
    "tr": 1714994041.6492085
}