{
    "en-US": 1715541039.2678418,
    "ar": 1715541055.2405937,
    "de": 1715541070.9336417,
    "es-ES": 1715541086.7063122,
    "es-MX": 1715541102.4676006,
    "fr": 1715541118.330763,
    "it": 1715541133.8431947,
    "ja": 1715541151.9801967,
    "ko": 1715541169.805773,
    "pl": 1715541185.616251,
    "pt-BR": 1715541201.382495,
    "ru": 1715541217.3026986,
    "tr": 1715541233.2549634
}