{
    "en-US": 1717082156.7730434,
    "ar": 1717082173.0283442,
    "de": 1717082188.7991278,
    "es-ES": 1717082204.1726675,
    "es-MX": 1717082219.9124293,
    "fr": 1717082235.4480038,
    "it": 1717082250.9525876,
    "ja": 1717082268.5134075,
    "ko": 1717082285.7023647,
    "pl": 1717082301.4584954,
    "pt-BR": 1717082317.2865984,
    "ru": 1717082332.8383024,
    "tr": 1717082348.4220107
}