{
    "en-US": 1716696881.3051763,
    "ar": 1716696897.3744318,
    "de": 1716696913.09794,
    "es-ES": 1716696928.559426,
    "es-MX": 1716696944.426822,
    "fr": 1716696960.0861223,
    "it": 1716696975.7192695,
    "ja": 1716696992.2477598,
    "ko": 1716697008.5617197,
    "pl": 1716697024.1809826,
    "pt-BR": 1716697040.0254853,
    "ru": 1716697055.9620972,
    "tr": 1716697072.013358
}