{
    "en-US": 1715778947.4400415,
    "ar": 1715778963.972527,
    "de": 1715778979.7469893,
    "es-ES": 1715778995.4785523,
    "es-MX": 1715779011.4263294,
    "fr": 1715779026.8662899,
    "it": 1715779042.7158282,
    "ja": 1715779060.6771507,
    "ko": 1715779077.8981733,
    "pl": 1715779093.7269166,
    "pt-BR": 1715779109.46484,
    "ru": 1715779125.4051874,
    "tr": 1715779141.2245028
}