{
    "en-US": 1713780896.6928394,
    "ar": 1713780912.7795277,
    "de": 1713780928.3159864,
    "es-ES": 1713780943.6480532,
    "es-MX": 1713780959.2400959,
    "fr": 1713780974.7842584,
    "it": 1713780990.3735726,
    "ja": 1713781008.3922288,
    "ko": 1713781025.4364974,
    "pl": 1713781041.035763,
    "pt-BR": 1713781056.6210873,
    "ru": 1713781072.258223,
    "tr": 1713781087.9418647
}