{
    "en-US": 1713750821.209848,
    "ar": 1713750837.501546,
    "de": 1713750853.2275298,
    "es-ES": 1713750868.8441117,
    "es-MX": 1713750884.3264997,
    "fr": 1713750900.2111151,
    "it": 1713750915.9209335,
    "ja": 1713750933.8206544,
    "ko": 1713750951.0276084,
    "pl": 1713750967.0321088,
    "pt-BR": 1713750982.9819827,
    "ru": 1713750998.7826235,
    "tr": 1713751014.602006
}