{
    "en-US": 1714075968.8113544,
    "ar": 1714075985.0301883,
    "de": 1714076000.614336,
    "es-ES": 1714076016.1716206,
    "es-MX": 1714076031.8304942,
    "fr": 1714076047.4674532,
    "it": 1714076063.0983748,
    "ja": 1714076081.7211156,
    "ko": 1714076099.2830143,
    "pl": 1714076115.0026057,
    "pt-BR": 1714076130.6904726,
    "ru": 1714076146.4278634,
    "tr": 1714076162.2431848
}