{
    "en-US": 1716170265.8470247,
    "ar": 1716170281.7260425,
    "de": 1716170297.456093,
    "es-ES": 1716170313.0609484,
    "es-MX": 1716170328.4495993,
    "fr": 1716170344.2943335,
    "it": 1716170359.9547,
    "ja": 1716170377.4168284,
    "ko": 1716170394.2869055,
    "pl": 1716170409.7202153,
    "pt-BR": 1716170425.4403465,
    "ru": 1716170441.1944356,
    "tr": 1716170456.993097
}