{
    "en-US": 1721214777.4092233,
    "ar": 1721214792.5174217,
    "de": 1721214807.6295946,
    "es-ES": 1721214822.7178752,
    "es-MX": 1721214837.88436,
    "fr": 1721214852.9799926,
    "it": 1721214868.1055863,
    "ja": 1721214883.2027135,
    "ko": 1721214898.31504,
    "pl": 1721214913.4136605,
    "pt-BR": 1721214928.5160344,
    "ru": 1721214943.6107628,
    "tr": 1721214958.7280343
}