{
    "en-US": 1717849294.9450047,
    "ar": 1717849311.0574412,
    "de": 1717849326.7137663,
    "es-ES": 1717849341.8487787,
    "es-MX": 1717849356.962695,
    "fr": 1717849372.0771933,
    "it": 1717849387.2187564,
    "ja": 1717849402.3319407,
    "ko": 1717849417.4644547,
    "pl": 1717849432.568039,
    "pt-BR": 1717849447.6855175,
    "ru": 1717849462.7804375,
    "tr": 1717849477.8993495
}