{
    "en-US": 1719350000.862313,
    "ar": 1719350016.0431192,
    "de": 1719350031.2443614,
    "es-ES": 1719350046.4188519,
    "es-MX": 1719350061.599062,
    "fr": 1719350076.8137205,
    "it": 1719350092.012964,
    "ja": 1719350107.1911316,
    "ko": 1719350122.3792183,
    "pl": 1719350137.5952628,
    "pt-BR": 1719350152.7957463,
    "ru": 1719350168.0021856,
    "tr": 1719350183.1946537
}