{
    "en-US": 1714619618.0374103,
    "ar": 1714619634.0932941,
    "de": 1714619649.6902947,
    "es-ES": 1714619665.0268364,
    "es-MX": 1714619680.617815,
    "fr": 1714619696.2362142,
    "it": 1714619711.8388877,
    "ja": 1714619729.6010866,
    "ko": 1714619746.4101346,
    "pl": 1714619762.1033952,
    "pt-BR": 1714619777.6781611,
    "ru": 1714619793.5652237,
    "tr": 1714619809.395442
}