{
    "en-US": 1718173119.699941,
    "ar": 1718173135.9979236,
    "de": 1718173152.0825021,
    "es-ES": 1718173167.8776236,
    "es-MX": 1718173183.0862966,
    "fr": 1718173198.3131564,
    "it": 1718173213.501592,
    "ja": 1718173228.685958,
    "ko": 1718173243.8692148,
    "pl": 1718173259.0604138,
    "pt-BR": 1718173274.2376418,
    "ru": 1718173289.4120266,
    "tr": 1718173304.596416
}