{
    "en-US": 1714234385.0678399,
    "ar": 1714234401.0784595,
    "de": 1714234416.7373493,
    "es-ES": 1714234432.4437737,
    "es-MX": 1714234448.1641161,
    "fr": 1714234463.8804839,
    "it": 1714234479.7240078,
    "ja": 1714234496.249791,
    "ko": 1714234512.4756117,
    "pl": 1714234528.2096279,
    "pt-BR": 1714234543.9814777,
    "ru": 1714234559.948859,
    "tr": 1714234575.927709
}