{
    "en-US": 1721679298.4843245,
    "ar": 1721679313.6195328,
    "de": 1721679328.7396853,
    "es-ES": 1721679343.833653,
    "es-MX": 1721679358.958619,
    "fr": 1721679374.0583637,
    "it": 1721679389.1710873,
    "ja": 1721679404.303764,
    "ko": 1721679419.4111059,
    "pl": 1721679434.510475,
    "pt-BR": 1721679449.6302037,
    "ru": 1721679464.725432,
    "tr": 1721679479.820499
}