{
    "en-US": 1718881936.2631583,
    "ar": 1718881952.6517973,
    "de": 1718881968.647575,
    "es-ES": 1718881983.8359468,
    "es-MX": 1718881999.0283678,
    "fr": 1718882014.204702,
    "it": 1718882029.3867412,
    "ja": 1718882044.5629022,
    "ko": 1718882059.7545428,
    "pl": 1718882074.9171965,
    "pt-BR": 1718882090.0962107,
    "ru": 1718882105.2616076,
    "tr": 1718882120.4357727
}