{
    "en-US": 1720732503.8163083,
    "ar": 1720732519.0046434,
    "de": 1720732534.1923292,
    "es-ES": 1720732549.362337,
    "es-MX": 1720732564.5621986,
    "fr": 1720732579.718646,
    "it": 1720732594.8914149,
    "ja": 1720732610.056321,
    "ko": 1720732625.2282393,
    "pl": 1720732640.399062,
    "pt-BR": 1720732655.5979586,
    "ru": 1720732670.7645817,
    "tr": 1720732685.9252746
}