{
    "en-US": 1717784310.4591186,
    "ar": 1717784326.6430318,
    "de": 1717784342.7017124,
    "es-ES": 1717784358.4165106,
    "es-MX": 1717784373.5705454,
    "fr": 1717784388.6935132,
    "it": 1717784403.8158374,
    "ja": 1717784418.9303644,
    "ko": 1717784434.0616968,
    "pl": 1717784449.226094,
    "pt-BR": 1717784464.3965778,
    "ru": 1717784479.508825,
    "tr": 1717784494.637517
}