{
    "en-US": 1715544747.7567506,
    "ar": 1715544763.9922087,
    "de": 1715544779.7028928,
    "es-ES": 1715544795.3041525,
    "es-MX": 1715544810.8991127,
    "fr": 1715544826.6563103,
    "it": 1715544842.4864643,
    "ja": 1715544860.016213,
    "ko": 1715544877.097989,
    "pl": 1715544892.8529973,
    "pt-BR": 1715544908.6404803,
    "ru": 1715544924.3107958,
    "tr": 1715544940.170999
}