{
    "en-US": 1717254792.5486896,
    "ar": 1717254808.355644,
    "de": 1717254824.0453873,
    "es-ES": 1717254839.7059047,
    "es-MX": 1717254855.2080083,
    "fr": 1717254871.0619922,
    "it": 1717254886.8119123,
    "ja": 1717254904.7551882,
    "ko": 1717254921.900297,
    "pl": 1717254937.7511067,
    "pt-BR": 1717254953.604661,
    "ru": 1717254969.1954226,
    "tr": 1717254985.0609791
}