{
    "en-US": 1717758822.9352028,
    "ar": 1717758839.1684449,
    "de": 1717758855.1322892,
    "es-ES": 1717758870.8682947,
    "es-MX": 1717758886.0538661,
    "fr": 1717758901.2221904,
    "it": 1717758916.3938487,
    "ja": 1717758931.559517,
    "ko": 1717758946.7209444,
    "pl": 1717758961.909347,
    "pt-BR": 1717758977.0815556,
    "ru": 1717758992.241208,
    "tr": 1717759007.4153292
}