{
    "en-US": 1714400004.8464627,
    "ar": 1714400021.1675923,
    "de": 1714400036.6707008,
    "es-ES": 1714400052.1525574,
    "es-MX": 1714400067.913103,
    "fr": 1714400083.6381726,
    "it": 1714400099.44495,
    "ja": 1714400117.04669,
    "ko": 1714400134.4375257,
    "pl": 1714400150.2080967,
    "pt-BR": 1714400166.0804777,
    "ru": 1714400182.1264508,
    "tr": 1714400197.9494982
}