{
    "en-US": 1716429361.8332663,
    "ar": 1716429378.0640113,
    "de": 1716429393.6864662,
    "es-ES": 1716429409.2949975,
    "es-MX": 1716429425.0366366,
    "fr": 1716429440.443426,
    "it": 1716429456.120863,
    "ja": 1716429473.5569663,
    "ko": 1716429490.671071,
    "pl": 1716429506.0958016,
    "pt-BR": 1716429521.8358293,
    "ru": 1716429537.6132822,
    "tr": 1716429553.42681
}