{
    "en-US": 1719922966.308495,
    "ar": 1719922981.4927073,
    "de": 1719922996.6816163,
    "es-ES": 1719923011.8633983,
    "es-MX": 1719923027.0620475,
    "fr": 1719923042.2374792,
    "it": 1719923057.4543564,
    "ja": 1719923072.6447423,
    "ko": 1719923087.8240068,
    "pl": 1719923103.002033,
    "pt-BR": 1719923118.1827662,
    "ru": 1719923133.3678894,
    "tr": 1719923148.5640116
}