{
    "en-US": 1719944223.438331,
    "ar": 1719944238.6039677,
    "de": 1719944253.7839386,
    "es-ES": 1719944268.9612167,
    "es-MX": 1719944284.148349,
    "fr": 1719944299.3122544,
    "it": 1719944314.4904594,
    "ja": 1719944329.6532946,
    "ko": 1719944344.8242962,
    "pl": 1719944359.987775,
    "pt-BR": 1719944375.1824226,
    "ru": 1719944390.353723,
    "tr": 1719944405.5323794
}