{
    "en-US": 1713896117.5069213,
    "ar": 1713896133.958326,
    "de": 1713896149.529086,
    "es-ES": 1713896164.972676,
    "es-MX": 1713896180.686964,
    "fr": 1713896196.3060253,
    "it": 1713896212.0149734,
    "ja": 1713896231.1484787,
    "ko": 1713896248.9618433,
    "pl": 1713896264.6431603,
    "pt-BR": 1713896280.6865513,
    "ru": 1713896296.4713466,
    "tr": 1713896312.234726
}