{
    "en-US": 1716005733.1454127,
    "ar": 1716005749.203151,
    "de": 1716005764.7992938,
    "es-ES": 1716005780.4161859,
    "es-MX": 1716005795.7898774,
    "fr": 1716005811.5156858,
    "it": 1716005827.1064003,
    "ja": 1716005844.8011382,
    "ko": 1716005861.8807938,
    "pl": 1716005877.5211146,
    "pt-BR": 1716005893.9776363,
    "ru": 1716005909.4107773,
    "tr": 1716005925.1214175
}