{
    "en-US": 1721869065.018289,
    "ar": 1721869080.1179426,
    "de": 1721869095.2300434,
    "es-ES": 1721869110.3240025,
    "es-MX": 1721869125.4327047,
    "fr": 1721869140.547027,
    "it": 1721869155.6705449,
    "ja": 1721869170.7615874,
    "ko": 1721869185.858596,
    "pl": 1721869200.9583955,
    "pt-BR": 1721869216.0648808,
    "ru": 1721869231.1830382,
    "tr": 1721869246.27988
}