{
    "en-US": 1721992430.0634222,
    "ar": 1721992445.167386,
    "de": 1721992460.2663574,
    "es-ES": 1721992475.3816726,
    "es-MX": 1721992490.5145488,
    "fr": 1721992505.6151628,
    "it": 1721992520.7391317,
    "ja": 1721992535.8367774,
    "ko": 1721992550.9385223,
    "pl": 1721992566.0421946,
    "pt-BR": 1721992581.1454635,
    "ru": 1721992596.2488763,
    "tr": 1721992611.3622098
}