{
    "en-US": 1714342263.5661273,
    "ar": 1714342279.681871,
    "de": 1714342295.379376,
    "es-ES": 1714342311.0499916,
    "es-MX": 1714342326.8518443,
    "fr": 1714342342.5701642,
    "it": 1714342358.2858531,
    "ja": 1714342375.967437,
    "ko": 1714342392.7997367,
    "pl": 1714342408.6361663,
    "pt-BR": 1714342424.3915327,
    "ru": 1714342440.4269574,
    "tr": 1714342456.0971549
}