{
    "en-US": 1717964080.8156545,
    "ar": 1717964096.967969,
    "de": 1717964112.659041,
    "es-ES": 1717964127.7865472,
    "es-MX": 1717964142.9268806,
    "fr": 1717964158.0255804,
    "it": 1717964173.1354704,
    "ja": 1717964188.2330062,
    "ko": 1717964203.3541164,
    "pl": 1717964218.4605465,
    "pt-BR": 1717964233.5688968,
    "ru": 1717964248.6684587,
    "tr": 1717964263.7773068
}