{
    "en-US": 1719245778.073645,
    "ar": 1719245794.4623752,
    "de": 1719245810.7435918,
    "es-ES": 1719245825.9437385,
    "es-MX": 1719245841.1473036,
    "fr": 1719245856.3199894,
    "it": 1719245871.5092015,
    "ja": 1719245886.6796498,
    "ko": 1719245901.8769066,
    "pl": 1719245917.05348,
    "pt-BR": 1719245932.2370138,
    "ru": 1719245947.4077458,
    "tr": 1719245962.5858142
}