{
    "en-US": 1720307547.0980046,
    "ar": 1720307562.2780604,
    "de": 1720307577.459067,
    "es-ES": 1720307592.6196623,
    "es-MX": 1720307607.8215854,
    "fr": 1720307622.9884827,
    "it": 1720307638.160683,
    "ja": 1720307653.324091,
    "ko": 1720307668.4953163,
    "pl": 1720307683.6942542,
    "pt-BR": 1720307698.8929422,
    "ru": 1720307714.061912,
    "tr": 1720307729.2390513
}