{
    "en-US": 1721718832.0979066,
    "ar": 1721718847.2071557,
    "de": 1721718862.3161972,
    "es-ES": 1721718877.4071097,
    "es-MX": 1721718892.5382578,
    "fr": 1721718907.618221,
    "it": 1721718922.7185576,
    "ja": 1721718937.8140097,
    "ko": 1721718952.9102433,
    "pl": 1721718968.01277,
    "pt-BR": 1721718983.137993,
    "ru": 1721718998.2280877,
    "tr": 1721719013.3206377
}