{
    "en-US": 1714939953.1039698,
    "ar": 1714939969.291254,
    "de": 1714939984.8703198,
    "es-ES": 1714940000.2034204,
    "es-MX": 1714940015.797924,
    "fr": 1714940031.4165685,
    "it": 1714940047.0765254,
    "ja": 1714940064.4833114,
    "ko": 1714940081.5030367,
    "pl": 1714940097.1476004,
    "pt-BR": 1714940112.6238575,
    "ru": 1714940128.367639,
    "tr": 1714940143.9898963
}