{
    "en-US": 1715854450.607085,
    "ar": 1715854466.7093718,
    "de": 1715854482.312701,
    "es-ES": 1715854497.9649172,
    "es-MX": 1715854513.5792012,
    "fr": 1715854529.2186737,
    "it": 1715854544.8560343,
    "ja": 1715854562.9043438,
    "ko": 1715854580.5958693,
    "pl": 1715854596.3037288,
    "pt-BR": 1715854611.923951,
    "ru": 1715854627.5721672,
    "tr": 1715854643.2617118
}