{
    "en-US": 1718762519.4340205,
    "ar": 1718762534.57297,
    "de": 1718762549.7392135,
    "es-ES": 1718762564.8717268,
    "es-MX": 1718762579.998891,
    "fr": 1718762595.105483,
    "it": 1718762610.232151,
    "ja": 1718762625.3307283,
    "ko": 1718762640.4346557,
    "pl": 1718762655.5421565,
    "pt-BR": 1718762670.6554072,
    "ru": 1718762685.7650175,
    "tr": 1718762700.9173524
}