{
    "en-US": 1720549051.1270936,
    "ar": 1720549066.4092767,
    "de": 1720549081.6991513,
    "es-ES": 1720549096.963676,
    "es-MX": 1720549112.2856178,
    "fr": 1720549127.549177,
    "it": 1720549142.8498485,
    "ja": 1720549158.1214418,
    "ko": 1720549173.396958,
    "pl": 1720549188.6697419,
    "pt-BR": 1720549204.0067704,
    "ru": 1720549219.2788136,
    "tr": 1720549234.5733814
}