{
    "en-US": 1720735989.3316572,
    "ar": 1720736004.4611223,
    "de": 1720736019.586655,
    "es-ES": 1720736034.6907637,
    "es-MX": 1720736049.8054366,
    "fr": 1720736064.8879764,
    "it": 1720736080.0015619,
    "ja": 1720736095.1120634,
    "ko": 1720736110.2412438,
    "pl": 1720736125.325699,
    "pt-BR": 1720736140.4365885,
    "ru": 1720736155.5526044,
    "tr": 1720736170.6529846
}