{
    "en-US": 1713913965.7916126,
    "ar": 1713913981.9171531,
    "de": 1713913997.420964,
    "es-ES": 1713914012.9845593,
    "es-MX": 1713914028.6500208,
    "fr": 1713914044.1808896,
    "it": 1713914059.7674148,
    "ja": 1713914078.1268685,
    "ko": 1713914095.5785236,
    "pl": 1713914111.1722956,
    "pt-BR": 1713914126.7554653,
    "ru": 1713914142.3519235,
    "tr": 1713914158.1849792
}