{
    "en-US": 1722323608.5631835,
    "ar": 1722323623.7409716,
    "de": 1722323638.9151208,
    "es-ES": 1722323654.0692015,
    "es-MX": 1722323669.2656314,
    "fr": 1722323684.420549,
    "it": 1722323699.5970936,
    "ja": 1722323714.7717497,
    "ko": 1722323729.9324782,
    "pl": 1722323745.0975866,
    "pt-BR": 1722323760.3025036,
    "ru": 1722323775.4683802,
    "tr": 1722323790.634971
}