{
    "en-US": 1720160333.4258778,
    "ar": 1720160348.6049569,
    "de": 1720160363.783115,
    "es-ES": 1720160378.9608657,
    "es-MX": 1720160394.1461818,
    "fr": 1720160409.306724,
    "it": 1720160424.510643,
    "ja": 1720160439.676754,
    "ko": 1720160454.838908,
    "pl": 1720160470.0112214,
    "pt-BR": 1720160485.1853623,
    "ru": 1720160500.3482995,
    "tr": 1720160515.5586655
}