{
    "en-US": 1721017115.3057482,
    "ar": 1721017130.4659204,
    "de": 1721017145.6275997,
    "es-ES": 1721017160.7857945,
    "es-MX": 1721017175.9548554,
    "fr": 1721017191.1082642,
    "it": 1721017206.2977734,
    "ja": 1721017221.4512103,
    "ko": 1721017236.61174,
    "pl": 1721017251.7755642,
    "pt-BR": 1721017266.9447608,
    "ru": 1721017282.1050143,
    "tr": 1721017297.2966645
}