{
    "en-US": 1721945634.449759,
    "ar": 1721945649.640566,
    "de": 1721945664.8257592,
    "es-ES": 1721945680.0147545,
    "es-MX": 1721945695.2489386,
    "fr": 1721945710.4550343,
    "it": 1721945725.7071707,
    "ja": 1721945740.8959765,
    "ko": 1721945756.083996,
    "pl": 1721945771.289173,
    "pt-BR": 1721945786.486771,
    "ru": 1721945801.6896794,
    "tr": 1721945816.907293
}