{
    "en-US": 1715922870.055986,
    "ar": 1715922886.0841584,
    "de": 1715922901.9288049,
    "es-ES": 1715922917.8581107,
    "es-MX": 1715922933.6586478,
    "fr": 1715922949.205169,
    "it": 1715922965.2647989,
    "ja": 1715922981.649774,
    "ko": 1715922997.6707413,
    "pl": 1715923012.8783836,
    "pt-BR": 1715923028.0737913,
    "ru": 1715923043.2744718,
    "tr": 1715923059.3210435
}