{
    "en-US": 1719717356.2809482,
    "ar": 1719717371.400155,
    "de": 1719717386.5332508,
    "es-ES": 1719717401.6442,
    "es-MX": 1719717416.7717125,
    "fr": 1719717431.8765106,
    "it": 1719717447.0344276,
    "ja": 1719717462.1493235,
    "ko": 1719717477.2782834,
    "pl": 1719717492.3879266,
    "pt-BR": 1719717507.5120943,
    "ru": 1719717522.6105027,
    "tr": 1719717537.7422786
}