{
    "en-US": 1718720043.476227,
    "ar": 1718720058.7515736,
    "de": 1718720073.943631,
    "es-ES": 1718720089.055091,
    "es-MX": 1718720104.2132242,
    "fr": 1718720119.3228502,
    "it": 1718720134.4805038,
    "ja": 1718720149.6166103,
    "ko": 1718720164.7230241,
    "pl": 1718720179.8397043,
    "pt-BR": 1718720194.9674625,
    "ru": 1718720210.0811768,
    "tr": 1718720225.223478
}