{
    "en-US": 1718921611.4897485,
    "ar": 1718921626.6281655,
    "de": 1718921641.8137443,
    "es-ES": 1718921656.9294002,
    "es-MX": 1718921672.0628698,
    "fr": 1718921687.178373,
    "it": 1718921702.334707,
    "ja": 1718921717.4462268,
    "ko": 1718921732.5590906,
    "pl": 1718921747.6726158,
    "pt-BR": 1718921762.7821133,
    "ru": 1718921777.897828,
    "tr": 1718921793.0418365
}