{
    "en-US": 1714864369.7970693,
    "ar": 1714864385.8515453,
    "de": 1714864401.4321241,
    "es-ES": 1714864417.0006924,
    "es-MX": 1714864432.6469731,
    "fr": 1714864448.4371817,
    "it": 1714864464.085212,
    "ja": 1714864481.8710194,
    "ko": 1714864499.1360533,
    "pl": 1714864514.7609577,
    "pt-BR": 1714864530.356478,
    "ru": 1714864545.8453174,
    "tr": 1714864561.5344384
}