{
    "en-US": 1717247624.5114784,
    "ar": 1717247640.6577988,
    "de": 1717247656.0015342,
    "es-ES": 1717247671.6061213,
    "es-MX": 1717247687.4102764,
    "fr": 1717247703.1937275,
    "it": 1717247719.1672277,
    "ja": 1717247736.807244,
    "ko": 1717247753.795203,
    "pl": 1717247769.7486696,
    "pt-BR": 1717247785.540769,
    "ru": 1717247801.1388779,
    "tr": 1717247817.0506246
}