{
    "en-US": 1719021411.1479273,
    "ar": 1719021427.368907,
    "de": 1719021442.872336,
    "es-ES": 1719021458.0794537,
    "es-MX": 1719021473.2954996,
    "fr": 1719021488.4524703,
    "it": 1719021503.6407084,
    "ja": 1719021518.8086796,
    "ko": 1719021533.9972277,
    "pl": 1719021549.183935,
    "pt-BR": 1719021564.367966,
    "ru": 1719021579.5434318,
    "tr": 1719021594.726136
}