{
    "en-US": 1719299610.1232774,
    "ar": 1719299625.3021262,
    "de": 1719299640.4796605,
    "es-ES": 1719299655.6530244,
    "es-MX": 1719299670.8519742,
    "fr": 1719299686.0206077,
    "it": 1719299701.2012317,
    "ja": 1719299716.3723962,
    "ko": 1719299731.5467305,
    "pl": 1719299746.7098784,
    "pt-BR": 1719299761.9122927,
    "ru": 1719299777.0764043,
    "tr": 1719299792.254168
}