{
    "en-US": 1715721097.5785685,
    "ar": 1715721113.6161027,
    "de": 1715721129.4030619,
    "es-ES": 1715721144.897287,
    "es-MX": 1715721160.7597113,
    "fr": 1715721176.6437864,
    "it": 1715721192.6223714,
    "ja": 1715721208.8050585,
    "ko": 1715721225.1799407,
    "pl": 1715721241.0360973,
    "pt-BR": 1715721256.8993225,
    "ru": 1715721272.8184943,
    "tr": 1715721288.8040879
}