{
    "en-US": 1718442829.6929653,
    "ar": 1718442845.8599384,
    "de": 1718442861.7961938,
    "es-ES": 1718442876.913125,
    "es-MX": 1718442892.0163395,
    "fr": 1718442907.1223948,
    "it": 1718442922.234325,
    "ja": 1718442937.32525,
    "ko": 1718442952.4353938,
    "pl": 1718442967.5303395,
    "pt-BR": 1718442982.6368568,
    "ru": 1718442997.7346735,
    "tr": 1718443012.8466072
}