{
    "en-US": 1721153879.8206275,
    "ar": 1721153894.9956405,
    "de": 1721153910.1849356,
    "es-ES": 1721153925.3488467,
    "es-MX": 1721153940.547251,
    "fr": 1721153955.7095954,
    "it": 1721153970.8850791,
    "ja": 1721153986.0454292,
    "ko": 1721154001.2076106,
    "pl": 1721154016.3687274,
    "pt-BR": 1721154031.5645251,
    "ru": 1721154046.7259338,
    "tr": 1721154061.8974755
}