{
    "en-US": 1716106507.7716594,
    "ar": 1716106523.6096232,
    "de": 1716106539.177296,
    "es-ES": 1716106554.7878404,
    "es-MX": 1716106570.4318004,
    "fr": 1716106585.8532305,
    "it": 1716106601.7713513,
    "ja": 1716106619.13706,
    "ko": 1716106636.0399945,
    "pl": 1716106651.4473498,
    "pt-BR": 1716106667.0929282,
    "ru": 1716106682.5891461,
    "tr": 1716106698.267173
}