{
    "en-US": 1718678149.0491319,
    "ar": 1718678165.3668118,
    "de": 1718678181.4743314,
    "es-ES": 1718678196.67925,
    "es-MX": 1718678211.8676496,
    "fr": 1718678227.032949,
    "it": 1718678242.2570217,
    "ja": 1718678257.4247353,
    "ko": 1718678272.6115851,
    "pl": 1718678287.7792423,
    "pt-BR": 1718678302.9562688,
    "ru": 1718678318.129295,
    "tr": 1718678333.3069818
}