{
    "en-US": 1714277619.3989718,
    "ar": 1714277635.4664686,
    "de": 1714277651.2014184,
    "es-ES": 1714277666.8725095,
    "es-MX": 1714277682.5945399,
    "fr": 1714277698.3260524,
    "it": 1714277714.252179,
    "ja": 1714277730.5781898,
    "ko": 1714277745.8496454,
    "pl": 1714277761.0793557,
    "pt-BR": 1714277776.297884,
    "ru": 1714277792.3589153,
    "tr": 1714277808.3433003
}