{
    "en-US": 1716923474.9180694,
    "ar": 1716923490.7420673,
    "de": 1716923506.543977,
    "es-ES": 1716923522.4088676,
    "es-MX": 1716923538.5868819,
    "fr": 1716923554.5101407,
    "it": 1716923570.5720868,
    "ja": 1716923587.1040206,
    "ko": 1716923603.4736059,
    "pl": 1716923619.5682802,
    "pt-BR": 1716923635.42216,
    "ru": 1716923651.475238,
    "tr": 1716923667.4400513
}