{
    "en-US": 1719282945.8974135,
    "ar": 1719282961.022561,
    "de": 1719282976.1392612,
    "es-ES": 1719282991.2500875,
    "es-MX": 1719283006.3705146,
    "fr": 1719283021.4943075,
    "it": 1719283036.609426,
    "ja": 1719283051.7349658,
    "ko": 1719283066.8563213,
    "pl": 1719283081.9827821,
    "pt-BR": 1719283097.1009543,
    "ru": 1719283112.2341862,
    "tr": 1719283127.347093
}