{
    "en-US": 1721941994.4763703,
    "ar": 1721942009.6290476,
    "de": 1721942024.7898104,
    "es-ES": 1721942039.9529014,
    "es-MX": 1721942055.1340904,
    "fr": 1721942070.281142,
    "it": 1721942085.4578815,
    "ja": 1721942100.6216996,
    "ko": 1721942115.789493,
    "pl": 1721942130.9485178,
    "pt-BR": 1721942146.1200485,
    "ru": 1721942161.283917,
    "tr": 1721942176.4378216
}