{
    "en-US": 1720908721.0963652,
    "ar": 1720908736.2982495,
    "de": 1720908751.4884894,
    "es-ES": 1720908766.6864872,
    "es-MX": 1720908781.8960512,
    "fr": 1720908797.080839,
    "it": 1720908812.2767546,
    "ja": 1720908827.4769037,
    "ko": 1720908842.6589487,
    "pl": 1720908857.8371809,
    "pt-BR": 1720908873.0537794,
    "ru": 1720908888.2287033,
    "tr": 1720908903.4180481
}