{
    "en-US": 1716970689.7076755,
    "ar": 1716970705.5009837,
    "de": 1716970721.117059,
    "es-ES": 1716970736.6838377,
    "es-MX": 1716970752.3833442,
    "fr": 1716970768.0794168,
    "it": 1716970783.797683,
    "ja": 1716970801.6485531,
    "ko": 1716970818.5619323,
    "pl": 1716970834.3076656,
    "pt-BR": 1716970850.070566,
    "ru": 1716970865.8705986,
    "tr": 1716970881.8009536
}