{
    "en-US": 1719954796.782087,
    "ar": 1719954811.8967435,
    "de": 1719954827.0299542,
    "es-ES": 1719954842.140947,
    "es-MX": 1719954857.2781553,
    "fr": 1719954872.3820348,
    "it": 1719954887.5546427,
    "ja": 1719954902.6770213,
    "ko": 1719954917.80043,
    "pl": 1719954932.9214258,
    "pt-BR": 1719954948.0506606,
    "ru": 1719954963.163088,
    "tr": 1719954978.3283389
}