{
    "en-US": 1713989601.3565445,
    "ar": 1713989617.271578,
    "de": 1713989633.1583235,
    "es-ES": 1713989648.8549244,
    "es-MX": 1713989664.6179962,
    "fr": 1713989680.4384851,
    "it": 1713989696.1436436,
    "ja": 1713989713.8804078,
    "ko": 1713989730.8717318,
    "pl": 1713989746.620206,
    "pt-BR": 1713989762.4461796,
    "ru": 1713989778.2219472,
    "tr": 1713989793.9924746
}