{
    "en-US": 1714874187.0634675,
    "ar": 1714874203.170822,
    "de": 1714874218.7754989,
    "es-ES": 1714874234.1231027,
    "es-MX": 1714874249.5225608,
    "fr": 1714874264.9178545,
    "it": 1714874280.51549,
    "ja": 1714874298.6863987,
    "ko": 1714874315.7745457,
    "pl": 1714874331.386533,
    "pt-BR": 1714874347.0015311,
    "ru": 1714874362.5012567,
    "tr": 1714874378.1930046
}