{
    "en-US": 1716488237.5649066,
    "ar": 1716488253.8302517,
    "de": 1716488269.4570038,
    "es-ES": 1716488285.585164,
    "es-MX": 1716488301.2718132,
    "fr": 1716488317.0463781,
    "it": 1716488332.834693,
    "ja": 1716488352.5555549,
    "ko": 1716488368.8780847,
    "pl": 1716488384.703475,
    "pt-BR": 1716488400.7928174,
    "ru": 1716488416.5833519,
    "tr": 1716488432.5341578
}