{
    "en-US": 1714421578.7349608,
    "ar": 1714421595.0216436,
    "de": 1714421610.5890617,
    "es-ES": 1714421626.1277866,
    "es-MX": 1714421641.9758518,
    "fr": 1714421657.9982398,
    "it": 1714421673.8505192,
    "ja": 1714421691.5108714,
    "ko": 1714421708.8139899,
    "pl": 1714421724.6409228,
    "pt-BR": 1714421740.43547,
    "ru": 1714421756.2712011,
    "tr": 1714421772.128032
}