{
    "en-US": 1714205668.4548542,
    "ar": 1714205684.3994663,
    "de": 1714205700.0492985,
    "es-ES": 1714205715.679766,
    "es-MX": 1714205731.4305916,
    "fr": 1714205747.1118133,
    "it": 1714205762.8605578,
    "ja": 1714205779.1548085,
    "ko": 1714205795.3709247,
    "pl": 1714205811.1136255,
    "pt-BR": 1714205826.832494,
    "ru": 1714205842.5576115,
    "tr": 1714205858.444871
}