{
    "en-US": 1718032526.9018617,
    "ar": 1718032543.2414021,
    "de": 1718032559.2434547,
    "es-ES": 1718032574.9156463,
    "es-MX": 1718032590.3450036,
    "fr": 1718032605.487206,
    "it": 1718032620.649487,
    "ja": 1718032635.763359,
    "ko": 1718032650.9001267,
    "pl": 1718032666.013292,
    "pt-BR": 1718032681.1440508,
    "ru": 1718032696.256062,
    "tr": 1718032711.466892
}