{
    "en-US": 1714086796.8967388,
    "ar": 1714086812.1343553,
    "de": 1714086827.2975667,
    "es-ES": 1714086843.1555567,
    "es-MX": 1714086858.3465466,
    "fr": 1714086873.527329,
    "it": 1714086888.6887329,
    "ja": 1714086908.0611823,
    "ko": 1714086923.2731252,
    "pl": 1714086938.4327803,
    "pt-BR": 1714086953.6002936,
    "ru": 1714086968.7795649,
    "tr": 1714086983.938274
}