{
    "en-US": 1719134103.775946,
    "ar": 1719134120.036553,
    "de": 1719134136.0930238,
    "es-ES": 1719134151.8754573,
    "es-MX": 1719134167.0512621,
    "fr": 1719134182.221135,
    "it": 1719134197.388719,
    "ja": 1719134212.5402012,
    "ko": 1719134227.697193,
    "pl": 1719134242.8780417,
    "pt-BR": 1719134258.0406008,
    "ru": 1719134273.1991396,
    "tr": 1719134288.34842
}