{
    "en-US": 1717798405.4032342,
    "ar": 1717798420.5775988,
    "de": 1717798435.7564533,
    "es-ES": 1717798450.9354885,
    "es-MX": 1717798466.1123323,
    "fr": 1717798481.279995,
    "it": 1717798496.4711456,
    "ja": 1717798511.6444936,
    "ko": 1717798526.809393,
    "pl": 1717798541.9773366,
    "pt-BR": 1717798557.1428063,
    "ru": 1717798572.3137114,
    "tr": 1717798587.521747
}