{
    "en-US": 1719217040.257418,
    "ar": 1719217055.4949303,
    "de": 1719217070.758957,
    "es-ES": 1719217085.9308937,
    "es-MX": 1719217101.1146672,
    "fr": 1719217116.2893877,
    "it": 1719217131.4913116,
    "ja": 1719217146.6732583,
    "ko": 1719217161.8480084,
    "pl": 1719217177.0159457,
    "pt-BR": 1719217192.1939344,
    "ru": 1719217207.357789,
    "tr": 1719217222.5512137
}