{
    "en-US": 1716462783.856211,
    "ar": 1716462799.9305525,
    "de": 1716462815.4875607,
    "es-ES": 1716462831.130376,
    "es-MX": 1716462846.8080816,
    "fr": 1716462862.463216,
    "it": 1716462878.0764282,
    "ja": 1716462895.5277073,
    "ko": 1716462912.4257572,
    "pl": 1716462928.0666747,
    "pt-BR": 1716462943.7305946,
    "ru": 1716462959.4769182,
    "tr": 1716462975.1475627
}