{
    "en-US": 1713906700.5625145,
    "ar": 1713906716.8395638,
    "de": 1713906732.6078417,
    "es-ES": 1713906748.1257935,
    "es-MX": 1713906763.8764913,
    "fr": 1713906779.5871406,
    "it": 1713906795.3136597,
    "ja": 1713906813.1978343,
    "ko": 1713906830.2410007,
    "pl": 1713906846.0859864,
    "pt-BR": 1713906861.7959318,
    "ru": 1713906877.8314178,
    "tr": 1713906893.5870187
}