{
    "en-US": 1719116099.563036,
    "ar": 1719116114.76048,
    "de": 1719116129.9667428,
    "es-ES": 1719116145.1291103,
    "es-MX": 1719116160.2977126,
    "fr": 1719116175.4749029,
    "it": 1719116190.645004,
    "ja": 1719116205.8080866,
    "ko": 1719116220.9751785,
    "pl": 1719116236.135429,
    "pt-BR": 1719116251.305577,
    "ru": 1719116266.606527,
    "tr": 1719116281.7832177
}