{
    "en-US": 1715192181.1772351,
    "ar": 1715192197.3756266,
    "de": 1715192212.9911308,
    "es-ES": 1715192228.6707172,
    "es-MX": 1715192244.4968421,
    "fr": 1715192260.203788,
    "it": 1715192275.9586604,
    "ja": 1715192294.13408,
    "ko": 1715192311.342124,
    "pl": 1715192327.059883,
    "pt-BR": 1715192342.7050943,
    "ru": 1715192358.4657984,
    "tr": 1715192374.2587812
}