{
    "en-US": 1720109830.1926734,
    "ar": 1720109845.3112986,
    "de": 1720109860.4402416,
    "es-ES": 1720109875.5498574,
    "es-MX": 1720109890.6691015,
    "fr": 1720109905.775507,
    "it": 1720109920.9447813,
    "ja": 1720109936.04588,
    "ko": 1720109951.175945,
    "pl": 1720109966.2710137,
    "pt-BR": 1720109981.3866253,
    "ru": 1720109996.4882596,
    "tr": 1720110011.6415327
}