{
    "en-US": 1714644821.6687903,
    "ar": 1714644837.7385323,
    "de": 1714644853.4237702,
    "es-ES": 1714644868.9022877,
    "es-MX": 1714644884.5972214,
    "fr": 1714644900.4991925,
    "it": 1714644916.4208453,
    "ja": 1714644932.942328,
    "ko": 1714644949.2867742,
    "pl": 1714644965.0038743,
    "pt-BR": 1714644980.735621,
    "ru": 1714644996.5100877,
    "tr": 1714645012.3013859
}