{
    "en-US": 1719407834.5060432,
    "ar": 1719407849.6217039,
    "de": 1719407864.748523,
    "es-ES": 1719407879.862155,
    "es-MX": 1719407895.039892,
    "fr": 1719407910.1511064,
    "it": 1719407925.2748966,
    "ja": 1719407940.3791864,
    "ko": 1719407955.492046,
    "pl": 1719407970.6164858,
    "pt-BR": 1719407985.8236513,
    "ru": 1719408000.9400432,
    "tr": 1719408016.068333
}