{
    "en-US": 1720469774.0809689,
    "ar": 1720469789.2104552,
    "de": 1720469804.337896,
    "es-ES": 1720469819.4355853,
    "es-MX": 1720469834.5596704,
    "fr": 1720469849.6587539,
    "it": 1720469864.7875552,
    "ja": 1720469879.914964,
    "ko": 1720469895.0180082,
    "pl": 1720469910.112946,
    "pt-BR": 1720469925.23904,
    "ru": 1720469940.3447871,
    "tr": 1720469955.4536228
}