{
    "en-US": 1717203468.4371562,
    "ar": 1717203484.6332831,
    "de": 1717203500.413186,
    "es-ES": 1717203516.2239118,
    "es-MX": 1717203532.2912362,
    "fr": 1717203548.2510939,
    "it": 1717203564.1498415,
    "ja": 1717203581.4591708,
    "ko": 1717203598.244299,
    "pl": 1717203614.1969001,
    "pt-BR": 1717203629.8211136,
    "ru": 1717203645.7879515,
    "tr": 1717203661.664055
}