{
    "en-US": 1721384056.3421652,
    "ar": 1721384071.516311,
    "de": 1721384086.6893191,
    "es-ES": 1721384101.8524234,
    "es-MX": 1721384117.0484314,
    "fr": 1721384132.201497,
    "it": 1721384147.3895288,
    "ja": 1721384162.5493574,
    "ko": 1721384177.718709,
    "pl": 1721384192.8767116,
    "pt-BR": 1721384208.0704525,
    "ru": 1721384223.231053,
    "tr": 1721384238.3932705
}