{
    "en-US": 1721744062.9924538,
    "ar": 1721744078.0992699,
    "de": 1721744093.305771,
    "es-ES": 1721744108.414885,
    "es-MX": 1721744123.5413508,
    "fr": 1721744138.7070212,
    "it": 1721744153.8537672,
    "ja": 1721744168.9707165,
    "ko": 1721744184.078239,
    "pl": 1721744199.1774364,
    "pt-BR": 1721744214.2933052,
    "ru": 1721744229.4113264,
    "tr": 1721744244.550972
}