{
    "en-US": 1720314046.4980817,
    "ar": 1720314061.6308687,
    "de": 1720314076.7559354,
    "es-ES": 1720314091.8618023,
    "es-MX": 1720314106.9806364,
    "fr": 1720314122.097383,
    "it": 1720314137.2295167,
    "ja": 1720314152.3362887,
    "ko": 1720314167.450308,
    "pl": 1720314182.5588872,
    "pt-BR": 1720314197.6727982,
    "ru": 1720314212.7732847,
    "tr": 1720314227.9075823
}