{
    "en-US": 1718612233.6930938,
    "ar": 1718612250.8306944,
    "de": 1718612266.0024776,
    "es-ES": 1718612281.1707332,
    "es-MX": 1718612296.335711,
    "fr": 1718612311.496179,
    "it": 1718612326.6827197,
    "ja": 1718612341.8468225,
    "ko": 1718612357.0165951,
    "pl": 1718612372.1812644,
    "pt-BR": 1718612387.3546076,
    "ru": 1718612402.5200791,
    "tr": 1718612417.7153862
}