{
    "en-US": 1717139551.660037,
    "ar": 1717139567.496225,
    "de": 1717139583.1230679,
    "es-ES": 1717139598.7183807,
    "es-MX": 1717139614.436575,
    "fr": 1717139629.9231856,
    "it": 1717139645.644349,
    "ja": 1717139664.0237885,
    "ko": 1717139680.8379672,
    "pl": 1717139696.553377,
    "pt-BR": 1717139712.3518617,
    "ru": 1717139728.1012142,
    "tr": 1717139743.9112263
}