{
    "en-US": 1722226608.2989912,
    "ar": 1722226623.4675615,
    "de": 1722226638.6446705,
    "es-ES": 1722226653.804677,
    "es-MX": 1722226669.0025873,
    "fr": 1722226684.1868446,
    "it": 1722226699.3605134,
    "ja": 1722226714.5242445,
    "ko": 1722226729.6905606,
    "pl": 1722226744.8490765,
    "pt-BR": 1722226760.0556607,
    "ru": 1722226775.219485,
    "tr": 1722226790.383749
}