{
    "en-US": 1718972646.6118734,
    "ar": 1718972662.9734225,
    "de": 1718972678.7867765,
    "es-ES": 1718972693.9794521,
    "es-MX": 1718972709.1997132,
    "fr": 1718972724.3669784,
    "it": 1718972739.5441015,
    "ja": 1718972754.7140517,
    "ko": 1718972769.9083083,
    "pl": 1718972785.0743027,
    "pt-BR": 1718972800.2442145,
    "ru": 1718972815.4148939,
    "tr": 1718972830.5912685
}