{
    "en-US": 1715051674.4580224,
    "ar": 1715051690.5866456,
    "de": 1715051706.188757,
    "es-ES": 1715051721.7960913,
    "es-MX": 1715051737.4140682,
    "fr": 1715051753.0422995,
    "it": 1715051768.7898967,
    "ja": 1715051786.9503334,
    "ko": 1715051804.2013757,
    "pl": 1715051819.8812406,
    "pt-BR": 1715051835.6066766,
    "ru": 1715051851.3235648,
    "tr": 1715051867.2396882
}