{
    "en-US": 1717593432.824448,
    "ar": 1717593448.823918,
    "de": 1717593464.653474,
    "es-ES": 1717593479.8398387,
    "es-MX": 1717593495.0152428,
    "fr": 1717593510.175502,
    "it": 1717593525.341933,
    "ja": 1717593540.5052214,
    "ko": 1717593555.6911657,
    "pl": 1717593570.84987,
    "pt-BR": 1717593586.0175195,
    "ru": 1717593601.17983,
    "tr": 1717593616.3496385
}