{
    "en-US": 1722169304.2652907,
    "ar": 1722169319.4361155,
    "de": 1722169334.6086597,
    "es-ES": 1722169349.774401,
    "es-MX": 1722169364.9573307,
    "fr": 1722169380.125167,
    "it": 1722169395.2967565,
    "ja": 1722169410.460108,
    "ko": 1722169425.624668,
    "pl": 1722169440.7819004,
    "pt-BR": 1722169455.9640934,
    "ru": 1722169471.1403515,
    "tr": 1722169486.3029842
}