{
    "en-US": 1715753805.662738,
    "ar": 1715753821.7021797,
    "de": 1715753837.2072022,
    "es-ES": 1715753852.9409223,
    "es-MX": 1715753868.775797,
    "fr": 1715753884.3411324,
    "it": 1715753900.136822,
    "ja": 1715753916.3389099,
    "ko": 1715753932.3160229,
    "pl": 1715753948.1345105,
    "pt-BR": 1715753963.986923,
    "ru": 1715753979.5714304,
    "tr": 1715753995.3897638
}