{
    "en-US": 1721034960.8564665,
    "ar": 1721034975.9501297,
    "de": 1721034991.0465112,
    "es-ES": 1721035006.130624,
    "es-MX": 1721035021.246322,
    "fr": 1721035036.3243756,
    "it": 1721035051.4396584,
    "ja": 1721035066.5413647,
    "ko": 1721035081.6327438,
    "pl": 1721035096.7274225,
    "pt-BR": 1721035111.8227623,
    "ru": 1721035126.9055712,
    "tr": 1721035142.008749
}