{
    "en-US": 1720217677.8952122,
    "ar": 1720217693.0145254,
    "de": 1720217708.1692455,
    "es-ES": 1720217723.2887182,
    "es-MX": 1720217738.440594,
    "fr": 1720217753.5579522,
    "it": 1720217768.6868029,
    "ja": 1720217783.7845018,
    "ko": 1720217798.8998778,
    "pl": 1720217814.009424,
    "pt-BR": 1720217829.1563935,
    "ru": 1720217844.2550108,
    "tr": 1720217859.3644023
}