{
    "en-US": 1714151582.1729054,
    "ar": 1714151598.2595544,
    "de": 1714151613.8449798,
    "es-ES": 1714151629.3887115,
    "es-MX": 1714151645.0580273,
    "fr": 1714151660.7947884,
    "it": 1714151676.4539723,
    "ja": 1714151694.102528,
    "ko": 1714151709.3117728,
    "pl": 1714151724.4885948,
    "pt-BR": 1714151739.6642153,
    "ru": 1714151754.8326452,
    "tr": 1714151770.0232067
}