{
    "en-US": 1717179436.2879665,
    "ar": 1717179452.1427279,
    "de": 1717179467.8630488,
    "es-ES": 1717179483.27572,
    "es-MX": 1717179499.277159,
    "fr": 1717179515.3261561,
    "it": 1717179531.0841095,
    "ja": 1717179548.4935963,
    "ko": 1717179565.4023125,
    "pl": 1717179581.264079,
    "pt-BR": 1717179597.142256,
    "ru": 1717179612.844648,
    "tr": 1717179628.4283917
}