{
    "en-US": 1721970925.331579,
    "ar": 1721970940.4297984,
    "de": 1721970955.5301595,
    "es-ES": 1721970970.6133776,
    "es-MX": 1721970985.7233722,
    "fr": 1721971000.8149798,
    "it": 1721971015.9253182,
    "ja": 1721971031.0113547,
    "ko": 1721971046.0980787,
    "pl": 1721971061.1829114,
    "pt-BR": 1721971076.2684498,
    "ru": 1721971091.358277,
    "tr": 1721971106.4723535
}