{
    "en-US": 1718694813.3336215,
    "ar": 1718694829.5136008,
    "de": 1718694845.5916967,
    "es-ES": 1718694861.4485073,
    "es-MX": 1718694876.6441576,
    "fr": 1718694891.8167245,
    "it": 1718694907.0154927,
    "ja": 1718694922.2002847,
    "ko": 1718694937.3702137,
    "pl": 1718694952.5516179,
    "pt-BR": 1718694967.7378993,
    "ru": 1718694982.9134114,
    "tr": 1718694998.1278453
}