{
    "en-US": 1714187669.280257,
    "ar": 1714187685.383088,
    "de": 1714187700.7490346,
    "es-ES": 1714187716.2959409,
    "es-MX": 1714187731.8956478,
    "fr": 1714187747.3037531,
    "it": 1714187762.726225,
    "ja": 1714187780.5613225,
    "ko": 1714187799.4939394,
    "pl": 1714187815.2504106,
    "pt-BR": 1714187831.0040298,
    "ru": 1714187846.7435164,
    "tr": 1714187862.3869324
}