{
    "en-US": 1716678722.8314388,
    "ar": 1716678738.7155452,
    "de": 1716678754.4024856,
    "es-ES": 1716678770.1962001,
    "es-MX": 1716678786.0979652,
    "fr": 1716678801.6073136,
    "it": 1716678817.6862662,
    "ja": 1716678834.8612509,
    "ko": 1716678851.7428584,
    "pl": 1716678867.553769,
    "pt-BR": 1716678883.608937,
    "ru": 1716678899.0973697,
    "tr": 1716678914.811758
}