{
    "en-US": 1721790993.567274,
    "ar": 1721791008.678404,
    "de": 1721791023.790392,
    "es-ES": 1721791038.8779068,
    "es-MX": 1721791053.9792373,
    "fr": 1721791069.0599594,
    "it": 1721791084.2077513,
    "ja": 1721791099.3036807,
    "ko": 1721791114.397967,
    "pl": 1721791129.491507,
    "pt-BR": 1721791144.6057096,
    "ru": 1721791159.7024539,
    "tr": 1721791174.831449
}