{
    "en-US": 1716080189.2504072,
    "ar": 1716080205.2665813,
    "de": 1716080220.9756641,
    "es-ES": 1716080236.6164913,
    "es-MX": 1716080252.3714666,
    "fr": 1716080267.9062145,
    "it": 1716080283.7352192,
    "ja": 1716080301.2038531,
    "ko": 1716080317.9279058,
    "pl": 1716080333.4700444,
    "pt-BR": 1716080349.2969518,
    "ru": 1716080365.1896582,
    "tr": 1716080381.1207693
}