{
    "en-US": 1719742404.3544068,
    "ar": 1719742419.5291471,
    "de": 1719742434.7053847,
    "es-ES": 1719742449.8664827,
    "es-MX": 1719742465.0707474,
    "fr": 1719742480.2253034,
    "it": 1719742495.3978872,
    "ja": 1719742510.5613642,
    "ko": 1719742525.7288716,
    "pl": 1719742540.8919246,
    "pt-BR": 1719742556.2366028,
    "ru": 1719742571.3965857,
    "tr": 1719742586.5653358
}