{
    "en-US": 1721436996.23517,
    "ar": 1721437011.332435,
    "de": 1721437026.4321587,
    "es-ES": 1721437041.5127172,
    "es-MX": 1721437056.6303208,
    "fr": 1721437071.7270124,
    "it": 1721437086.8208942,
    "ja": 1721437101.9098258,
    "ko": 1721437116.9991882,
    "pl": 1721437132.0900536,
    "pt-BR": 1721437147.2152011,
    "ru": 1721437162.3034487,
    "tr": 1721437177.3967211
}