{
    "en-US": 1720490600.8066895,
    "ar": 1720490615.9171274,
    "de": 1720490631.0424552,
    "es-ES": 1720490646.1319265,
    "es-MX": 1720490661.3009443,
    "fr": 1720490676.39773,
    "it": 1720490691.5539722,
    "ja": 1720490706.6537442,
    "ko": 1720490721.7544653,
    "pl": 1720490736.8546443,
    "pt-BR": 1720490751.9636893,
    "ru": 1720490767.0692465,
    "tr": 1720490782.1932392
}