{
    "en-US": 1720509220.9364657,
    "ar": 1720509236.0990062,
    "de": 1720509251.2588613,
    "es-ES": 1720509266.407178,
    "es-MX": 1720509281.5988917,
    "fr": 1720509296.7575488,
    "it": 1720509311.920616,
    "ja": 1720509327.0745397,
    "ko": 1720509342.227953,
    "pl": 1720509357.3788433,
    "pt-BR": 1720509372.559658,
    "ru": 1720509387.7013416,
    "tr": 1720509402.8584192
}