{
    "en-US": 1718687654.7155476,
    "ar": 1718687670.9138377,
    "de": 1718687686.6964948,
    "es-ES": 1718687701.8938923,
    "es-MX": 1718687717.149914,
    "fr": 1718687732.5788512,
    "it": 1718687747.7525363,
    "ja": 1718687762.9159281,
    "ko": 1718687778.1034935,
    "pl": 1718687793.2762072,
    "pt-BR": 1718687808.4528193,
    "ru": 1718687823.6243181,
    "tr": 1718687838.798556
}