{
    "en-US": 1715422405.267594,
    "ar": 1715422421.309792,
    "de": 1715422436.8681567,
    "es-ES": 1715422452.4012835,
    "es-MX": 1715422468.0112119,
    "fr": 1715422483.6202898,
    "it": 1715422499.016181,
    "ja": 1715422517.1046617,
    "ko": 1715422534.3130953,
    "pl": 1715422549.9993393,
    "pt-BR": 1715422565.6520653,
    "ru": 1715422581.160928,
    "tr": 1715422596.8056579
}