{
    "en-US": 1715314462.9971478,
    "ar": 1715314478.9694982,
    "de": 1715314494.7251165,
    "es-ES": 1715314510.4751127,
    "es-MX": 1715314526.2979906,
    "fr": 1715314542.0474467,
    "it": 1715314557.6319625,
    "ja": 1715314574.0691252,
    "ko": 1715314590.2322354,
    "pl": 1715314605.998088,
    "pt-BR": 1715314621.8649387,
    "ru": 1715314637.7063084,
    "tr": 1715314653.4906335
}