{
    "en-US": 1721398546.8798292,
    "ar": 1721398562.0534294,
    "de": 1721398577.245317,
    "es-ES": 1721398592.4347875,
    "es-MX": 1721398607.6336305,
    "fr": 1721398622.8026087,
    "it": 1721398638.001059,
    "ja": 1721398653.1770964,
    "ko": 1721398668.3561332,
    "pl": 1721398683.539289,
    "pt-BR": 1721398698.748847,
    "ru": 1721398713.918525,
    "tr": 1721398729.134108
}