{
    "en-US": 1715976908.047803,
    "ar": 1715976924.1823714,
    "de": 1715976939.535535,
    "es-ES": 1715976954.8903728,
    "es-MX": 1715976970.2882733,
    "fr": 1715976985.7089717,
    "it": 1715977001.109295,
    "ja": 1715977018.823567,
    "ko": 1715977035.8599865,
    "pl": 1715977051.5848067,
    "pt-BR": 1715977067.3065388,
    "ru": 1715977083.1062686,
    "tr": 1715977098.8194554
}