{
    "en-US": 1719023301.1358206,
    "ar": 1719023316.3538804,
    "de": 1719023331.577662,
    "es-ES": 1719023346.7546566,
    "es-MX": 1719023361.9373536,
    "fr": 1719023377.102019,
    "it": 1719023392.2953641,
    "ja": 1719023407.4730747,
    "ko": 1719023422.6506023,
    "pl": 1719023437.8229923,
    "pt-BR": 1719023453.0099533,
    "ru": 1719023468.189639,
    "tr": 1719023483.3808208
}