{
    "en-US": 1719911661.0327868,
    "ar": 1719911676.1448543,
    "de": 1719911691.2647007,
    "es-ES": 1719911706.369916,
    "es-MX": 1719911721.4945443,
    "fr": 1719911736.6244607,
    "it": 1719911751.7438893,
    "ja": 1719911766.852982,
    "ko": 1719911781.9598165,
    "pl": 1719911797.0668972,
    "pt-BR": 1719911812.1808279,
    "ru": 1719911827.293326,
    "tr": 1719911842.39332
}