{
    "en-US": 1718666092.4827387,
    "ar": 1718666108.8870564,
    "de": 1718666124.8514998,
    "es-ES": 1718666140.8436038,
    "es-MX": 1718666155.9982688,
    "fr": 1718666171.1221876,
    "it": 1718666186.2698307,
    "ja": 1718666201.3795235,
    "ko": 1718666216.495187,
    "pl": 1718666231.6067326,
    "pt-BR": 1718666246.7503138,
    "ru": 1718666261.8613548,
    "tr": 1718666276.996895
}