{
    "en-US": 1719641841.254786,
    "ar": 1719641856.4460344,
    "de": 1719641871.635248,
    "es-ES": 1719641886.8197353,
    "es-MX": 1719641902.0303717,
    "fr": 1719641917.2217035,
    "it": 1719641932.4121482,
    "ja": 1719641947.5922735,
    "ko": 1719641962.7737405,
    "pl": 1719641977.951357,
    "pt-BR": 1719641993.1776018,
    "ru": 1719642008.3638957,
    "tr": 1719642023.5520916
}