{
    "en-US": 1716757971.6356196,
    "ar": 1716757987.5072823,
    "de": 1716758003.179081,
    "es-ES": 1716758018.7469156,
    "es-MX": 1716758034.255549,
    "fr": 1716758049.7754114,
    "it": 1716758065.6068754,
    "ja": 1716758083.3365848,
    "ko": 1716758100.4159367,
    "pl": 1716758115.9530776,
    "pt-BR": 1716758131.5932817,
    "ru": 1716758147.1630085,
    "tr": 1716758163.0377772
}