{
    "en-US": 1719328483.3875637,
    "ar": 1719328498.5556436,
    "de": 1719328513.7007046,
    "es-ES": 1719328528.7979376,
    "es-MX": 1719328543.9554899,
    "fr": 1719328559.0687082,
    "it": 1719328574.2755754,
    "ja": 1719328589.4085052,
    "ko": 1719328604.528551,
    "pl": 1719328619.631775,
    "pt-BR": 1719328634.75627,
    "ru": 1719328649.8677354,
    "tr": 1719328665.0131269
}