{
    "en-US": 1717326686.315806,
    "ar": 1717326702.5378637,
    "de": 1717326718.2273247,
    "es-ES": 1717326733.654047,
    "es-MX": 1717326749.54963,
    "fr": 1717326765.0802035,
    "it": 1717326781.100626,
    "ja": 1717326798.304942,
    "ko": 1717326815.1074972,
    "pl": 1717326830.918738,
    "pt-BR": 1717326846.7598796,
    "ru": 1717326862.8501759,
    "tr": 1717326878.6705313
}