{
    "en-US": 1714896870.661826,
    "ar": 1714896885.959775,
    "de": 1714896901.1954353,
    "es-ES": 1714896917.1768005,
    "es-MX": 1714896932.893697,
    "fr": 1714896948.1339087,
    "it": 1714896963.361823,
    "ja": 1714896981.0933135,
    "ko": 1714896996.363343,
    "pl": 1714897011.5829244,
    "pt-BR": 1714897026.8156009,
    "ru": 1714897042.03249,
    "tr": 1714897057.2616537
}