{
    "en-US": 1719458158.7364807,
    "ar": 1719458173.8511093,
    "de": 1719458188.993867,
    "es-ES": 1719458204.1080594,
    "es-MX": 1719458219.2421267,
    "fr": 1719458234.3512466,
    "it": 1719458249.4758122,
    "ja": 1719458264.5781958,
    "ko": 1719458279.6884665,
    "pl": 1719458294.7869244,
    "pt-BR": 1719458309.915172,
    "ru": 1719458325.026986,
    "tr": 1719458340.151429
}