{
    "en-US": 1716372844.2781742,
    "ar": 1716372860.4931502,
    "de": 1716372876.2371972,
    "es-ES": 1716372892.009524,
    "es-MX": 1716372907.8146896,
    "fr": 1716372923.6718886,
    "it": 1716372939.4447844,
    "ja": 1716372956.8374162,
    "ko": 1716372973.7481506,
    "pl": 1716372989.26878,
    "pt-BR": 1716373005.0375774,
    "ru": 1716373020.934915,
    "tr": 1716373036.801343
}