{
    "en-US": 1722175973.2428398,
    "ar": 1722175988.3878686,
    "de": 1722176003.5497618,
    "es-ES": 1722176018.6982481,
    "es-MX": 1722176033.8684235,
    "fr": 1722176049.0105922,
    "it": 1722176064.170368,
    "ja": 1722176079.3261538,
    "ko": 1722176094.4632075,
    "pl": 1722176109.602581,
    "pt-BR": 1722176124.7863026,
    "ru": 1722176139.9356868,
    "tr": 1722176155.0903006
}