{
    "en-US": 1720955548.6669264,
    "ar": 1720955563.765141,
    "de": 1720955578.8792803,
    "es-ES": 1720955593.9626565,
    "es-MX": 1720955609.062656,
    "fr": 1720955624.2082283,
    "it": 1720955639.305654,
    "ja": 1720955654.394389,
    "ko": 1720955669.4919484,
    "pl": 1720955684.6195962,
    "pt-BR": 1720955699.7275538,
    "ru": 1720955714.8334863,
    "tr": 1720955729.9259653
}