{
    "en-US": 1721157201.7792232,
    "ar": 1721157216.935126,
    "de": 1721157232.1153312,
    "es-ES": 1721157247.2802465,
    "es-MX": 1721157262.4733365,
    "fr": 1721157277.6272702,
    "it": 1721157292.858198,
    "ja": 1721157308.0186436,
    "ko": 1721157323.189896,
    "pl": 1721157338.4016714,
    "pt-BR": 1721157353.6070657,
    "ru": 1721157368.7708805,
    "tr": 1721157383.9313366
}