{
    "en-US": 1718187326.005534,
    "ar": 1718187341.193569,
    "de": 1718187356.415377,
    "es-ES": 1718187371.5253563,
    "es-MX": 1718187386.6668806,
    "fr": 1718187401.8037312,
    "it": 1718187416.9477012,
    "ja": 1718187432.049038,
    "ko": 1718187447.1686375,
    "pl": 1718187462.2740507,
    "pt-BR": 1718187477.4005244,
    "ru": 1718187492.519427,
    "tr": 1718187507.654962
}