{
    "en-US": 1722348830.4120514,
    "ar": 1722348845.5248108,
    "de": 1722348860.6398206,
    "es-ES": 1722348875.7385778,
    "es-MX": 1722348890.874197,
    "fr": 1722348905.9784677,
    "it": 1722348921.1197321,
    "ja": 1722348936.211625,
    "ko": 1722348951.319121,
    "pl": 1722348966.427906,
    "pt-BR": 1722348981.5410225,
    "ru": 1722348996.6559818,
    "tr": 1722349011.7902248
}