{
    "en-US": 1721027656.546261,
    "ar": 1721027671.6463416,
    "de": 1721027686.756038,
    "es-ES": 1721027701.8481648,
    "es-MX": 1721027716.9648223,
    "fr": 1721027732.0581753,
    "it": 1721027747.1841943,
    "ja": 1721027762.2750587,
    "ko": 1721027777.3753495,
    "pl": 1721027792.474478,
    "pt-BR": 1721027807.5753248,
    "ru": 1721027822.6697035,
    "tr": 1721027837.971592
}