{
    "en-US": 1722122135.5016687,
    "ar": 1722122150.6683962,
    "de": 1722122165.8354847,
    "es-ES": 1722122180.9971156,
    "es-MX": 1722122196.1860616,
    "fr": 1722122211.348256,
    "it": 1722122226.5233316,
    "ja": 1722122241.6846807,
    "ko": 1722122256.8511076,
    "pl": 1722122272.008299,
    "pt-BR": 1722122287.1982975,
    "ru": 1722122302.3498483,
    "tr": 1722122317.4981105
}