{
    "en-US": 1714338716.9635158,
    "ar": 1714338733.03439,
    "de": 1714338748.5692756,
    "es-ES": 1714338763.9094598,
    "es-MX": 1714338779.462784,
    "fr": 1714338795.0255284,
    "it": 1714338810.5943666,
    "ja": 1714338828.3628147,
    "ko": 1714338845.5187442,
    "pl": 1714338861.0920403,
    "pt-BR": 1714338876.6212938,
    "ru": 1714338892.2849565,
    "tr": 1714338907.9408193
}