{
    "en-US": 1718122627.5934083,
    "ar": 1718122643.9504044,
    "de": 1718122660.0440361,
    "es-ES": 1718122675.9307556,
    "es-MX": 1718122691.1351876,
    "fr": 1718122706.3754203,
    "it": 1718122721.5573864,
    "ja": 1718122736.7319915,
    "ko": 1718122751.9222898,
    "pl": 1718122767.121969,
    "pt-BR": 1718122782.3102233,
    "ru": 1718122797.470371,
    "tr": 1718122812.6361265
}