{
    "en-US": 1722334539.665523,
    "ar": 1722334554.8311734,
    "de": 1722334570.0062807,
    "es-ES": 1722334585.1710827,
    "es-MX": 1722334600.3501837,
    "fr": 1722334615.50448,
    "it": 1722334630.6837144,
    "ja": 1722334645.8436868,
    "ko": 1722334661.0133593,
    "pl": 1722334676.1716874,
    "pt-BR": 1722334691.3621333,
    "ru": 1722334706.5402195,
    "tr": 1722334721.7006993
}