{
    "en-US": 1718108676.259421,
    "ar": 1718108692.6835167,
    "de": 1718108708.5490527,
    "es-ES": 1718108723.7480752,
    "es-MX": 1718108738.932283,
    "fr": 1718108754.1111004,
    "it": 1718108769.290223,
    "ja": 1718108784.458623,
    "ko": 1718108799.6480026,
    "pl": 1718108814.8115811,
    "pt-BR": 1718108830.002078,
    "ru": 1718108845.1654837,
    "tr": 1718108860.3416781
}