{
    "en-US": 1715570056.357668,
    "ar": 1715570072.5128608,
    "de": 1715570087.9524858,
    "es-ES": 1715570103.3889334,
    "es-MX": 1715570118.8243725,
    "fr": 1715570134.3235564,
    "it": 1715570149.819662,
    "ja": 1715570167.618264,
    "ko": 1715570185.0407805,
    "pl": 1715570200.8000038,
    "pt-BR": 1715570216.5224068,
    "ru": 1715570232.5130165,
    "tr": 1715570248.2773278
}