{
    "en-US": 1718850679.4073384,
    "ar": 1718850695.7005632,
    "de": 1718850711.5294034,
    "es-ES": 1718850726.7264361,
    "es-MX": 1718850741.9344845,
    "fr": 1718850757.10251,
    "it": 1718850772.2787256,
    "ja": 1718850787.4434195,
    "ko": 1718850802.6357152,
    "pl": 1718850817.8032155,
    "pt-BR": 1718850832.975056,
    "ru": 1718850848.1344805,
    "tr": 1718850863.3081062
}