{
    "en-US": 1718392267.6575809,
    "ar": 1718392284.1080084,
    "de": 1718392300.2611525,
    "es-ES": 1718392315.8184416,
    "es-MX": 1718392331.0179698,
    "fr": 1718392346.1928105,
    "it": 1718392361.4015884,
    "ja": 1718392376.5660992,
    "ko": 1718392391.7397723,
    "pl": 1718392406.9013302,
    "pt-BR": 1718392422.0772846,
    "ru": 1718392437.2407827,
    "tr": 1718392452.425017
}