{
    "en-US": 1719137644.441609,
    "ar": 1719137660.5964835,
    "de": 1719137676.6050668,
    "es-ES": 1719137691.72809,
    "es-MX": 1719137706.8674898,
    "fr": 1719137721.957081,
    "it": 1719137737.0705876,
    "ja": 1719137752.173856,
    "ko": 1719137767.2890584,
    "pl": 1719137782.4150145,
    "pt-BR": 1719137797.5345888,
    "ru": 1719137812.6477573,
    "tr": 1719137827.7558682
}