{
    "en-US": 1717525040.7723851,
    "ar": 1717525057.1865294,
    "de": 1717525072.908619,
    "es-ES": 1717525088.7476137,
    "es-MX": 1717525104.714283,
    "fr": 1717525120.6186695,
    "it": 1717525136.788671,
    "ja": 1717525154.7023118,
    "ko": 1717525172.083018,
    "pl": 1717525187.7550426,
    "pt-BR": 1717525203.717377,
    "ru": 1717525219.8752954,
    "tr": 1717525236.0148814
}