{
    "en-US": 1714029166.246018,
    "ar": 1714029182.2680101,
    "de": 1714029197.7506938,
    "es-ES": 1714029213.2230797,
    "es-MX": 1714029228.8172932,
    "fr": 1714029244.3775604,
    "it": 1714029259.9429996,
    "ja": 1714029277.4777668,
    "ko": 1714029294.370721,
    "pl": 1714029309.9301777,
    "pt-BR": 1714029325.470009,
    "ru": 1714029341.1766772,
    "tr": 1714029356.8132782
}