{
    "en-US": 1719339493.1858091,
    "ar": 1719339508.3502192,
    "de": 1719339523.5423267,
    "es-ES": 1719339538.7085989,
    "es-MX": 1719339553.909152,
    "fr": 1719339569.0782034,
    "it": 1719339584.3012452,
    "ja": 1719339599.4660957,
    "ko": 1719339614.6426795,
    "pl": 1719339629.8080277,
    "pt-BR": 1719339644.9924855,
    "ru": 1719339660.1614952,
    "tr": 1719339675.3527322
}