{
    "en-US": 1714324284.3186119,
    "ar": 1714324300.2382689,
    "de": 1714324315.872167,
    "es-ES": 1714324331.5065415,
    "es-MX": 1714324347.2317228,
    "fr": 1714324362.8747106,
    "it": 1714324378.5710425,
    "ja": 1714324396.2816439,
    "ko": 1714324427.52324,
    "pl": 1714324443.254846,
    "pt-BR": 1714324458.9334774,
    "ru": 1714324474.92848,
    "tr": 1714324490.9797642
}