{
    "en-US": 1719542252.2761245,
    "ar": 1719542267.4568493,
    "de": 1719542282.6374664,
    "es-ES": 1719542297.815573,
    "es-MX": 1719542313.0019367,
    "fr": 1719542328.1595106,
    "it": 1719542343.3548527,
    "ja": 1719542358.5263186,
    "ko": 1719542373.6913536,
    "pl": 1719542388.8561816,
    "pt-BR": 1719542404.0426455,
    "ru": 1719542419.2091293,
    "tr": 1719542434.3976743
}