{
    "en-US": 1722262389.6858952,
    "ar": 1722262404.8546975,
    "de": 1722262420.024781,
    "es-ES": 1722262435.1966302,
    "es-MX": 1722262450.3917298,
    "fr": 1722262465.5496547,
    "it": 1722262480.7117956,
    "ja": 1722262495.8707664,
    "ko": 1722262511.0496664,
    "pl": 1722262526.204938,
    "pt-BR": 1722262541.4008358,
    "ru": 1722262556.5604064,
    "tr": 1722262571.7195935
}