{
    "en-US": 1720376210.5139637,
    "ar": 1720376225.6342115,
    "de": 1720376240.7465482,
    "es-ES": 1720376255.8476944,
    "es-MX": 1720376270.9925194,
    "fr": 1720376286.1048994,
    "it": 1720376301.2225747,
    "ja": 1720376316.3303382,
    "ko": 1720376331.4412873,
    "pl": 1720376346.5424511,
    "pt-BR": 1720376361.6891384,
    "ru": 1720376376.792481,
    "tr": 1720376391.8987162
}