{
    "en-US": 1714569181.4731345,
    "ar": 1714569197.5736773,
    "de": 1714569213.3287237,
    "es-ES": 1714569229.0280702,
    "es-MX": 1714569244.8075662,
    "fr": 1714569260.5956893,
    "it": 1714569276.4767497,
    "ja": 1714569293.0627959,
    "ko": 1714569309.3905506,
    "pl": 1714569325.1723022,
    "pt-BR": 1714569340.8588247,
    "ru": 1714569356.443719,
    "tr": 1714569372.2545605
}