{
    "en-US": 1713809717.481727,
    "ar": 1713809733.587185,
    "de": 1713809749.1990092,
    "es-ES": 1713809764.8605876,
    "es-MX": 1713809780.478081,
    "fr": 1713809796.1439936,
    "it": 1713809811.800519,
    "ja": 1713809830.4579272,
    "ko": 1713809849.1602616,
    "pl": 1713809864.8383956,
    "pt-BR": 1713809880.4918506,
    "ru": 1713809896.284068,
    "tr": 1713809911.9791367
}