{
    "en-US": 1716861461.587876,
    "ar": 1716861477.750897,
    "de": 1716861493.4547803,
    "es-ES": 1716861509.146642,
    "es-MX": 1716861524.8774853,
    "fr": 1716861540.3671796,
    "it": 1716861556.1738746,
    "ja": 1716861573.564626,
    "ko": 1716861590.5095816,
    "pl": 1716861606.2968273,
    "pt-BR": 1716861622.3521082,
    "ru": 1716861637.9889276,
    "tr": 1716861653.8707771
}