{
    "en-US": 1720354918.976696,
    "ar": 1720354934.1413927,
    "de": 1720354949.3052251,
    "es-ES": 1720354964.4652138,
    "es-MX": 1720354979.6450603,
    "fr": 1720354994.799417,
    "it": 1720355009.9737551,
    "ja": 1720355025.1220596,
    "ko": 1720355040.2778518,
    "pl": 1720355055.429856,
    "pt-BR": 1720355070.5896003,
    "ru": 1720355085.738521,
    "tr": 1720355100.9078588
}