{
    "en-US": 1719745886.9507444,
    "ar": 1719745902.065976,
    "de": 1719745917.1962416,
    "es-ES": 1719745932.2940376,
    "es-MX": 1719745947.4141622,
    "fr": 1719745962.5083003,
    "it": 1719745977.6203828,
    "ja": 1719745992.72594,
    "ko": 1719746007.8503504,
    "pl": 1719746022.9613626,
    "pt-BR": 1719746038.0766127,
    "ru": 1719746053.18848,
    "tr": 1719746068.3006892
}