{
    "en-US": 1719663782.0931056,
    "ar": 1719663797.2655854,
    "de": 1719663812.4346523,
    "es-ES": 1719663827.6017373,
    "es-MX": 1719663842.7679853,
    "fr": 1719663857.9738867,
    "it": 1719663873.1449707,
    "ja": 1719663888.3108113,
    "ko": 1719663903.4740458,
    "pl": 1719663918.6392412,
    "pt-BR": 1719663933.8036213,
    "ru": 1719663948.9783385,
    "tr": 1719663964.1399348
}