{
    "en-US": 1719598594.320763,
    "ar": 1719598609.4934914,
    "de": 1719598624.6698608,
    "es-ES": 1719598639.8457253,
    "es-MX": 1719598655.01421,
    "fr": 1719598670.1779344,
    "it": 1719598685.37341,
    "ja": 1719598700.5494797,
    "ko": 1719598715.7216434,
    "pl": 1719598730.894309,
    "pt-BR": 1719598746.074657,
    "ru": 1719598761.2495847,
    "tr": 1719598776.4622529
}