{
    "en-US": 1721377046.863329,
    "ar": 1721377062.0280557,
    "de": 1721377077.1930594,
    "es-ES": 1721377092.349187,
    "es-MX": 1721377107.5329208,
    "fr": 1721377122.6833386,
    "it": 1721377137.8562496,
    "ja": 1721377153.0089738,
    "ko": 1721377168.184986,
    "pl": 1721377183.3408864,
    "pt-BR": 1721377198.5196254,
    "ru": 1721377213.6960719,
    "tr": 1721377228.8593738
}