{
    "en-US": 1719094387.67835,
    "ar": 1719094403.7374794,
    "de": 1719094419.8242936,
    "es-ES": 1719094435.9536028,
    "es-MX": 1719094451.9237294,
    "fr": 1719094467.1283858,
    "it": 1719094482.3394608,
    "ja": 1719094497.50995,
    "ko": 1719094512.6885297,
    "pl": 1719094527.8642344,
    "pt-BR": 1719094543.0744884,
    "ru": 1719094558.2479465,
    "tr": 1719094573.42298
}