{
    "en-US": 1717258531.789396,
    "ar": 1717258547.9117875,
    "de": 1717258563.6160402,
    "es-ES": 1717258579.3589287,
    "es-MX": 1717258595.1606767,
    "fr": 1717258610.983378,
    "it": 1717258626.748874,
    "ja": 1717258644.9905703,
    "ko": 1717258661.835162,
    "pl": 1717258677.7031538,
    "pt-BR": 1717258693.5596247,
    "ru": 1717258709.459726,
    "tr": 1717258725.3533216
}