{
    "en-US": 1722312994.869362,
    "ar": 1722313009.9643567,
    "de": 1722313025.0735512,
    "es-ES": 1722313040.1588311,
    "es-MX": 1722313055.28282,
    "fr": 1722313070.3769257,
    "it": 1722313085.4756618,
    "ja": 1722313100.5581686,
    "ko": 1722313115.64668,
    "pl": 1722313130.730657,
    "pt-BR": 1722313145.843879,
    "ru": 1722313160.9269247,
    "tr": 1722313176.021797
}