{
    "en-US": 1715055360.1883118,
    "ar": 1715055376.3063364,
    "de": 1715055391.931836,
    "es-ES": 1715055407.4760036,
    "es-MX": 1715055422.8878787,
    "fr": 1715055438.288744,
    "it": 1715055453.876675,
    "ja": 1715055469.0779881,
    "ko": 1715055484.2522836,
    "pl": 1715055499.410999,
    "pt-BR": 1715055514.572158,
    "ru": 1715055530.548337,
    "tr": 1715055546.1959891
}