{
    "en-US": 1716063253.7863479,
    "ar": 1716063269.9085615,
    "de": 1716063285.6730392,
    "es-ES": 1716063301.3144088,
    "es-MX": 1716063317.0252075,
    "fr": 1716063332.4217343,
    "it": 1716063347.807515,
    "ja": 1716063365.4832175,
    "ko": 1716063382.4483213,
    "pl": 1716063398.1991,
    "pt-BR": 1716063413.8696122,
    "ru": 1716063429.6935186,
    "tr": 1716063445.3925555
}