{
    "en-US": 1715123495.067268,
    "ar": 1715123510.3104286,
    "de": 1715123526.0393329,
    "es-ES": 1715123541.233582,
    "es-MX": 1715123556.3884556,
    "fr": 1715123572.2798464,
    "it": 1715123587.4894633,
    "ja": 1715123605.2390583,
    "ko": 1715123620.4802017,
    "pl": 1715123635.6542394,
    "pt-BR": 1715123651.5625875,
    "ru": 1715123667.2598047,
    "tr": 1715123682.8706548
}