{
    "en-US": 1717492556.6666856,
    "ar": 1717492572.7463932,
    "de": 1717492588.4800951,
    "es-ES": 1717492604.210568,
    "es-MX": 1717492620.0341804,
    "fr": 1717492636.0896752,
    "it": 1717492651.7323172,
    "ja": 1717492668.0776427,
    "ko": 1717492684.282927,
    "pl": 1717492699.9374487,
    "pt-BR": 1717492715.784332,
    "ru": 1717492731.6517715,
    "tr": 1717492747.5104623
}