{
    "en-US": 1721599976.1471422,
    "ar": 1721599991.3206677,
    "de": 1721600006.4866943,
    "es-ES": 1721600021.6359868,
    "es-MX": 1721600036.8108282,
    "fr": 1721600051.9569857,
    "it": 1721600067.138222,
    "ja": 1721600082.2911158,
    "ko": 1721600097.44587,
    "pl": 1721600112.5891364,
    "pt-BR": 1721600127.7598093,
    "ru": 1721600142.9453216,
    "tr": 1721600158.1183841
}