{
    "en-US": 1721103408.74059,
    "ar": 1721103423.9071364,
    "de": 1721103439.0817814,
    "es-ES": 1721103454.2434285,
    "es-MX": 1721103469.432603,
    "fr": 1721103484.5884645,
    "it": 1721103499.7600932,
    "ja": 1721103514.913834,
    "ko": 1721103530.084974,
    "pl": 1721103545.2369275,
    "pt-BR": 1721103560.4410176,
    "ru": 1721103575.6112764,
    "tr": 1721103590.7724588
}