{
    "en-US": 1717686897.9442785,
    "ar": 1717686914.2776873,
    "de": 1717686930.4958708,
    "es-ES": 1717686946.4396007,
    "es-MX": 1717686961.6348662,
    "fr": 1717686976.822171,
    "it": 1717686992.002651,
    "ja": 1717687007.1798506,
    "ko": 1717687022.369259,
    "pl": 1717687037.5457733,
    "pt-BR": 1717687052.7327576,
    "ru": 1717687067.8994458,
    "tr": 1717687083.0766377
}