{
    "en-US": 1718216300.0711331,
    "ar": 1718216316.352561,
    "de": 1718216332.337076,
    "es-ES": 1718216347.7251987,
    "es-MX": 1718216362.8962803,
    "fr": 1718216378.0167375,
    "it": 1718216393.1504004,
    "ja": 1718216408.2620661,
    "ko": 1718216423.3898041,
    "pl": 1718216438.5199835,
    "pt-BR": 1718216453.681371,
    "ru": 1718216468.7975392,
    "tr": 1718216483.931122
}