{
    "en-US": 1718856915.0591204,
    "ar": 1718856931.1618407,
    "de": 1718856947.1464944,
    "es-ES": 1718856962.2716353,
    "es-MX": 1718856977.4105248,
    "fr": 1718856992.591382,
    "it": 1718857007.717956,
    "ja": 1718857022.8182015,
    "ko": 1718857037.9705412,
    "pl": 1718857053.0741503,
    "pt-BR": 1718857068.1816728,
    "ru": 1718857083.279312,
    "tr": 1718857098.394956
}