{
    "en-US": 1716124376.4975965,
    "ar": 1716124392.2768624,
    "de": 1716124407.8702252,
    "es-ES": 1716124423.5264518,
    "es-MX": 1716124439.1626425,
    "fr": 1716124454.584078,
    "it": 1716124470.2384772,
    "ja": 1716124487.8870406,
    "ko": 1716124504.9916356,
    "pl": 1716124520.3727934,
    "pt-BR": 1716124536.0858047,
    "ru": 1716124551.55032,
    "tr": 1716124567.2901344
}