{
    "en-US": 1715101909.808201,
    "ar": 1715101926.2962532,
    "de": 1715101941.8154716,
    "es-ES": 1715101957.2586207,
    "es-MX": 1715101973.1548052,
    "fr": 1715101988.9665973,
    "it": 1715102005.128622,
    "ja": 1715102023.2257578,
    "ko": 1715102040.52442,
    "pl": 1715102056.3915122,
    "pt-BR": 1715102072.305016,
    "ru": 1715102087.9562502,
    "tr": 1715102103.9189622
}