{
    "en-US": 1715824618.6299555,
    "ar": 1715824633.960674,
    "de": 1715824650.0729103,
    "es-ES": 1715824665.7989168,
    "es-MX": 1715824681.5226638,
    "fr": 1715824696.7222033,
    "it": 1715824712.7719061,
    "ja": 1715824731.0284283,
    "ko": 1715824746.2592266,
    "pl": 1715824762.355075,
    "pt-BR": 1715824777.576718,
    "ru": 1715824793.8246713,
    "tr": 1715824809.7739174
}