{
    "en-US": 1716776998.7954164,
    "ar": 1716777014.5706742,
    "de": 1716777030.2948072,
    "es-ES": 1716777046.1306617,
    "es-MX": 1716777062.0157688,
    "fr": 1716777077.6163616,
    "it": 1716777093.5094779,
    "ja": 1716777109.8651981,
    "ko": 1716777126.1652198,
    "pl": 1716777142.31517,
    "pt-BR": 1716777158.3257842,
    "ru": 1716777173.9391205,
    "tr": 1716777189.888593
}