{
    "en-US": 1720516464.9998896,
    "ar": 1720516480.1606982,
    "de": 1720516495.3061168,
    "es-ES": 1720516510.4538548,
    "es-MX": 1720516525.6235774,
    "fr": 1720516540.7659283,
    "it": 1720516555.9186502,
    "ja": 1720516571.0591874,
    "ko": 1720516586.1946957,
    "pl": 1720516601.3296888,
    "pt-BR": 1720516616.5008202,
    "ru": 1720516631.647115,
    "tr": 1720516646.801127
}