{
    "en-US": 1719681124.736518,
    "ar": 1719681139.9070244,
    "de": 1719681155.082201,
    "es-ES": 1719681170.251168,
    "es-MX": 1719681185.4295897,
    "fr": 1719681200.603689,
    "it": 1719681215.8008568,
    "ja": 1719681230.9686227,
    "ko": 1719681246.145334,
    "pl": 1719681261.3066554,
    "pt-BR": 1719681276.495175,
    "ru": 1719681291.6590488,
    "tr": 1719681306.86021
}