{
    "en-US": 1715734405.2655592,
    "ar": 1715734421.1053538,
    "de": 1715734436.9975977,
    "es-ES": 1715734452.5010588,
    "es-MX": 1715734468.4795961,
    "fr": 1715734484.0760372,
    "it": 1715734499.9056082,
    "ja": 1715734518.0142133,
    "ko": 1715734535.3514702,
    "pl": 1715734551.1730514,
    "pt-BR": 1715734567.2407632,
    "ru": 1715734582.8364794,
    "tr": 1715734598.7751114
}