{
    "en-US": 1715829352.9312267,
    "ar": 1715829368.1356044,
    "de": 1715829383.3173122,
    "es-ES": 1715829399.3764422,
    "es-MX": 1715829415.147542,
    "fr": 1715829430.8722782,
    "it": 1715829446.6041894,
    "ja": 1715829462.7235725,
    "ko": 1715829478.8712227,
    "pl": 1715829494.5826612,
    "pt-BR": 1715829510.362205,
    "ru": 1715829525.876964,
    "tr": 1715829541.6273093
}