{
    "en-US": 1720988003.0209818,
    "ar": 1720988018.1800778,
    "de": 1720988033.3404114,
    "es-ES": 1720988048.5186598,
    "es-MX": 1720988063.7093453,
    "fr": 1720988078.8604074,
    "it": 1720988094.030329,
    "ja": 1720988109.1879191,
    "ko": 1720988124.3544402,
    "pl": 1720988139.5105104,
    "pt-BR": 1720988154.6963863,
    "ru": 1720988169.8585842,
    "tr": 1720988185.0115616
}