{
    "en-US": 1716956206.729792,
    "ar": 1716956222.5376458,
    "de": 1716956238.3227873,
    "es-ES": 1716956254.0501947,
    "es-MX": 1716956269.9269967,
    "fr": 1716956285.5413988,
    "it": 1716956301.4505315,
    "ja": 1716956317.8540418,
    "ko": 1716956334.080348,
    "pl": 1716956349.93649,
    "pt-BR": 1716956365.8601758,
    "ru": 1716956381.7554674,
    "tr": 1716956397.8009229
}