{
    "en-US": 1722214753.7678592,
    "ar": 1722214768.87985,
    "de": 1722214783.988838,
    "es-ES": 1722214799.084023,
    "es-MX": 1722214814.2080379,
    "fr": 1722214829.329668,
    "it": 1722214844.4345775,
    "ja": 1722214859.5279524,
    "ko": 1722214874.643567,
    "pl": 1722214889.7427735,
    "pt-BR": 1722214904.8452485,
    "ru": 1722214919.9585958,
    "tr": 1722214935.0501297
}