{
    "en-US": 1718316848.3802955,
    "ar": 1718316864.7139683,
    "de": 1718316880.7588174,
    "es-ES": 1718316895.889422,
    "es-MX": 1718316911.0221257,
    "fr": 1718316926.1248684,
    "it": 1718316941.2651212,
    "ja": 1718316956.3623457,
    "ko": 1718316971.4957237,
    "pl": 1718316986.5988107,
    "pt-BR": 1718317001.707065,
    "ru": 1718317016.8088803,
    "tr": 1718317031.9584327
}