{
    "en-US": 1715469150.0203946,
    "ar": 1715469166.226547,
    "de": 1715469181.9583018,
    "es-ES": 1715469197.6337457,
    "es-MX": 1715469213.1760569,
    "fr": 1715469228.9038608,
    "it": 1715469244.6900923,
    "ja": 1715469262.5751188,
    "ko": 1715469279.6545112,
    "pl": 1715469295.4517183,
    "pt-BR": 1715469311.0010142,
    "ru": 1715469326.663689,
    "tr": 1715469342.725613
}