{
    "en-US": 1717129084.5149426,
    "ar": 1717129100.3516538,
    "de": 1717129116.0698516,
    "es-ES": 1717129131.5059004,
    "es-MX": 1717129147.5147812,
    "fr": 1717129163.3443134,
    "it": 1717129179.234638,
    "ja": 1717129196.4336553,
    "ko": 1717129213.497621,
    "pl": 1717129229.312152,
    "pt-BR": 1717129245.1923018,
    "ru": 1717129260.858714,
    "tr": 1717129276.9430828
}