{
    "en-US": 1719177139.6392088,
    "ar": 1719177155.862785,
    "de": 1719177171.8987381,
    "es-ES": 1719177187.0482578,
    "es-MX": 1719177202.1856074,
    "fr": 1719177217.2949214,
    "it": 1719177232.423718,
    "ja": 1719177247.5367754,
    "ko": 1719177262.6942194,
    "pl": 1719177277.803947,
    "pt-BR": 1719177292.918482,
    "ru": 1719177308.0270526,
    "tr": 1719177323.146848
}