{
    "en-US": 1716567314.9082267,
    "ar": 1716567331.2775707,
    "de": 1716567347.1876736,
    "es-ES": 1716567362.664965,
    "es-MX": 1716567378.7812698,
    "fr": 1716567394.34453,
    "it": 1716567410.303812,
    "ja": 1716567428.058261,
    "ko": 1716567445.0917256,
    "pl": 1716567460.6693563,
    "pt-BR": 1716567476.2605588,
    "ru": 1716567492.3027668,
    "tr": 1716567508.4792984
}