{
    "en-US": 1719868395.404704,
    "ar": 1719868410.519043,
    "de": 1719868425.6350727,
    "es-ES": 1719868440.7488322,
    "es-MX": 1719868455.8702896,
    "fr": 1719868470.9834175,
    "it": 1719868486.101638,
    "ja": 1719868501.2132914,
    "ko": 1719868516.325318,
    "pl": 1719868531.4329956,
    "pt-BR": 1719868546.54686,
    "ru": 1719868561.6778662,
    "tr": 1719868576.8038783
}