{
    "en-US": 1721456387.470411,
    "ar": 1721456402.6631792,
    "de": 1721456417.8542438,
    "es-ES": 1721456433.034876,
    "es-MX": 1721456448.220555,
    "fr": 1721456463.3973234,
    "it": 1721456478.6097953,
    "ja": 1721456493.7920926,
    "ko": 1721456508.9791908,
    "pl": 1721456524.1729462,
    "pt-BR": 1721456539.376097,
    "ru": 1721456554.541846,
    "tr": 1721456569.7468033
}