{
    "en-US": 1714914745.2269635,
    "ar": 1714914761.490105,
    "de": 1714914777.1862583,
    "es-ES": 1714914792.8629656,
    "es-MX": 1714914808.6609185,
    "fr": 1714914824.4251037,
    "it": 1714914840.2531533,
    "ja": 1714914857.6743517,
    "ko": 1714914875.3302908,
    "pl": 1714914891.1212616,
    "pt-BR": 1714914906.9577558,
    "ru": 1714914922.972114,
    "tr": 1714914938.957996
}