{
    "en-US": 1719051303.7826436,
    "ar": 1719051318.9203012,
    "de": 1719051334.0870326,
    "es-ES": 1719051349.188099,
    "es-MX": 1719051364.306858,
    "fr": 1719051379.4089437,
    "it": 1719051394.5358877,
    "ja": 1719051409.6416676,
    "ko": 1719051424.758263,
    "pl": 1719051439.8590887,
    "pt-BR": 1719051454.9964905,
    "ru": 1719051470.1047063,
    "tr": 1719051485.22368
}