{
    "en-US": 1719843187.0560582,
    "ar": 1719843202.1922338,
    "de": 1719843217.3413053,
    "es-ES": 1719843232.4530406,
    "es-MX": 1719843247.6906064,
    "fr": 1719843262.8157732,
    "it": 1719843277.9646044,
    "ja": 1719843293.089536,
    "ko": 1719843308.2380166,
    "pl": 1719843323.3494925,
    "pt-BR": 1719843338.52538,
    "ru": 1719843353.632519,
    "tr": 1719843368.7628956
}