{
    "en-US": 1716833793.4214048,
    "ar": 1716833809.3718934,
    "de": 1716833825.1316123,
    "es-ES": 1716833840.8330703,
    "es-MX": 1716833856.3332336,
    "fr": 1716833872.1288064,
    "it": 1716833887.9350612,
    "ja": 1716833905.2206147,
    "ko": 1716833922.2133062,
    "pl": 1716833938.0590475,
    "pt-BR": 1716833953.8554265,
    "ru": 1716833969.678352,
    "tr": 1716833985.5204916
}