{
    "en-US": 1717802140.7094083,
    "ar": 1717802155.9241748,
    "de": 1717802171.061221,
    "es-ES": 1717802186.1720858,
    "es-MX": 1717802201.2949219,
    "fr": 1717802216.3993692,
    "it": 1717802231.6088462,
    "ja": 1717802246.7150617,
    "ko": 1717802261.8233593,
    "pl": 1717802276.929938,
    "pt-BR": 1717802292.0485852,
    "ru": 1717802307.156214,
    "tr": 1717802322.294367
}