{
    "en-US": 1714165887.49376,
    "ar": 1714165903.5662074,
    "de": 1714165919.1160161,
    "es-ES": 1714165934.7289152,
    "es-MX": 1714165950.3311381,
    "fr": 1714165965.9245427,
    "it": 1714165981.55922,
    "ja": 1714165999.1240287,
    "ko": 1714166016.1918318,
    "pl": 1714166032.0862756,
    "pt-BR": 1714166047.8846245,
    "ru": 1714166063.7823365,
    "tr": 1714166079.702401
}