{
    "en-US": 1718597831.2336109,
    "ar": 1718597847.4336004,
    "de": 1718597863.1330166,
    "es-ES": 1718597878.2696962,
    "es-MX": 1718597893.4038122,
    "fr": 1718597908.5125518,
    "it": 1718597923.631574,
    "ja": 1718597938.7327306,
    "ko": 1718597953.8630445,
    "pl": 1718597968.9719226,
    "pt-BR": 1718597984.0882576,
    "ru": 1718597999.1874723,
    "tr": 1718598014.3102477
}