{
    "en-US": 1715156047.2268085,
    "ar": 1715156063.4278212,
    "de": 1715156079.118266,
    "es-ES": 1715156094.820558,
    "es-MX": 1715156110.5735137,
    "fr": 1715156126.3239443,
    "it": 1715156142.0996933,
    "ja": 1715156159.554407,
    "ko": 1715156176.5288496,
    "pl": 1715156192.5140972,
    "pt-BR": 1715156208.2969518,
    "ru": 1715156224.1029565,
    "tr": 1715156239.9304338
}