{
    "en-US": 1718716581.760038,
    "ar": 1718716597.9585803,
    "de": 1718716614.182149,
    "es-ES": 1718716629.9949906,
    "es-MX": 1718716645.19074,
    "fr": 1718716660.3648214,
    "it": 1718716675.5390878,
    "ja": 1718716690.7034333,
    "ko": 1718716705.8864074,
    "pl": 1718716721.069337,
    "pt-BR": 1718716736.248725,
    "ru": 1718716751.4245353,
    "tr": 1718716766.6050255
}