{
    "en-US": 1713888862.7931106,
    "ar": 1713888879.0310495,
    "de": 1713888894.7317977,
    "es-ES": 1713888910.4697309,
    "es-MX": 1713888926.4476151,
    "fr": 1713888942.1293015,
    "it": 1713888958.0233777,
    "ja": 1713888974.5685008,
    "ko": 1713888990.800165,
    "pl": 1713889006.7369535,
    "pt-BR": 1713889022.5514176,
    "ru": 1713889038.3083665,
    "tr": 1713889054.28801
}