{
    "en-US": 1717820203.1012301,
    "ar": 1717820219.4321167,
    "de": 1717820235.2576575,
    "es-ES": 1717820250.4454064,
    "es-MX": 1717820265.6527567,
    "fr": 1717820282.3545783,
    "it": 1717820297.5368702,
    "ja": 1717820312.7097967,
    "ko": 1717820327.9071743,
    "pl": 1717820343.0926998,
    "pt-BR": 1717820358.2774603,
    "ru": 1717820373.4472084,
    "tr": 1717820388.6402016
}