{
    "en-US": 1715962497.4562204,
    "ar": 1715962513.648718,
    "de": 1715962529.5432196,
    "es-ES": 1715962545.0499175,
    "es-MX": 1715962560.8095217,
    "fr": 1715962576.7438455,
    "it": 1715962592.5439217,
    "ja": 1715962609.1405652,
    "ko": 1715962625.3402202,
    "pl": 1715962641.1513312,
    "pt-BR": 1715962656.9740007,
    "ru": 1715962672.8056731,
    "tr": 1715962688.6006277
}