{
    "en-US": 1720214024.7400882,
    "ar": 1720214039.8759816,
    "de": 1720214055.005342,
    "es-ES": 1720214070.1061385,
    "es-MX": 1720214085.2271318,
    "fr": 1720214100.3442097,
    "it": 1720214115.4731202,
    "ja": 1720214130.596946,
    "ko": 1720214145.7245467,
    "pl": 1720214160.8282833,
    "pt-BR": 1720214175.95521,
    "ru": 1720214191.0812669,
    "tr": 1720214206.1890986
}