{
    "en-US": 1714162385.592211,
    "ar": 1714162401.5752022,
    "de": 1714162417.0763552,
    "es-ES": 1714162432.8030436,
    "es-MX": 1714162448.7469878,
    "fr": 1714162464.4318187,
    "it": 1714162480.174433,
    "ja": 1714162496.6377525,
    "ko": 1714162512.9327428,
    "pl": 1714162528.6992614,
    "pt-BR": 1714162544.3702965,
    "ru": 1714162560.1784234,
    "tr": 1714162576.1511545
}