{
    "en-US": 1716866050.322902,
    "ar": 1716866066.5982401,
    "de": 1716866082.4185426,
    "es-ES": 1716866098.0766592,
    "es-MX": 1716866113.9733298,
    "fr": 1716866129.622836,
    "it": 1716866145.5640297,
    "ja": 1716866163.2618196,
    "ko": 1716866180.5067966,
    "pl": 1716866196.4193125,
    "pt-BR": 1716866212.3145206,
    "ru": 1716866228.2189476,
    "tr": 1716866244.2140906
}