{
    "en-US": 1721517241.1306598,
    "ar": 1721517256.3151124,
    "de": 1721517271.4901593,
    "es-ES": 1721517286.6504407,
    "es-MX": 1721517301.8353715,
    "fr": 1721517316.9919653,
    "it": 1721517332.2193596,
    "ja": 1721517347.3776805,
    "ko": 1721517362.5384986,
    "pl": 1721517377.699882,
    "pt-BR": 1721517392.8648167,
    "ru": 1721517408.0377371,
    "tr": 1721517423.2182376
}