{
    "en-US": 1719530164.143393,
    "ar": 1719530179.3253906,
    "de": 1719530194.519344,
    "es-ES": 1719530209.6855552,
    "es-MX": 1719530224.8657742,
    "fr": 1719530240.0601034,
    "it": 1719530255.2541404,
    "ja": 1719530270.424013,
    "ko": 1719530285.5957067,
    "pl": 1719530300.767413,
    "pt-BR": 1719530315.9510765,
    "ru": 1719530331.1389613,
    "tr": 1719530346.3280935
}