{
    "en-US": 1715440285.725984,
    "ar": 1715440301.9633079,
    "de": 1715440317.483464,
    "es-ES": 1715440332.9896631,
    "es-MX": 1715440348.6918566,
    "fr": 1715440364.25939,
    "it": 1715440379.9568012,
    "ja": 1715440397.1417863,
    "ko": 1715440413.9615521,
    "pl": 1715440429.7557056,
    "pt-BR": 1715440445.648147,
    "ru": 1715440461.7469897,
    "tr": 1715440477.8543813
}