{
    "en-US": 1721423596.1328442,
    "ar": 1721423611.2997034,
    "de": 1721423626.476102,
    "es-ES": 1721423641.6352432,
    "es-MX": 1721423656.820894,
    "fr": 1721423671.979438,
    "it": 1721423687.152354,
    "ja": 1721423702.3075075,
    "ko": 1721423717.4733267,
    "pl": 1721423732.625504,
    "pt-BR": 1721423747.8045156,
    "ru": 1721423762.956107,
    "tr": 1721423778.112558
}