{
    "en-US": 1717289896.2459826,
    "ar": 1717289912.5717285,
    "de": 1717289928.4002752,
    "es-ES": 1717289943.8690555,
    "es-MX": 1717289959.558459,
    "fr": 1717289975.5639343,
    "it": 1717289991.4044747,
    "ja": 1717290008.7054596,
    "ko": 1717290025.655397,
    "pl": 1717290041.625991,
    "pt-BR": 1717290057.295479,
    "ru": 1717290073.0238311,
    "tr": 1717290089.0182
}