{
    "en-US": 1720041246.7894847,
    "ar": 1720041262.0002882,
    "de": 1720041277.215874,
    "es-ES": 1720041292.4089167,
    "es-MX": 1720041307.5956407,
    "fr": 1720041322.7733803,
    "it": 1720041337.972908,
    "ja": 1720041353.1849961,
    "ko": 1720041368.3691318,
    "pl": 1720041383.5540428,
    "pt-BR": 1720041398.746904,
    "ru": 1720041413.9382296,
    "tr": 1720041429.128481
}