{
    "en-US": 1716172194.1425552,
    "ar": 1716172209.9951923,
    "de": 1716172225.3496194,
    "es-ES": 1716172240.9380708,
    "es-MX": 1716172256.6442049,
    "fr": 1716172272.0634854,
    "it": 1716172287.8613453,
    "ja": 1716172305.871583,
    "ko": 1716172322.9432523,
    "pl": 1716172338.6632373,
    "pt-BR": 1716172354.3415596,
    "ru": 1716172370.2044232,
    "tr": 1716172385.9630384
}