{
    "en-US": 1720044812.8766878,
    "ar": 1720044828.0021899,
    "de": 1720044843.125125,
    "es-ES": 1720044858.231279,
    "es-MX": 1720044873.361105,
    "fr": 1720044888.5019479,
    "it": 1720044903.6183448,
    "ja": 1720044918.7494154,
    "ko": 1720044933.8569016,
    "pl": 1720044948.9663954,
    "pt-BR": 1720044964.0958893,
    "ru": 1720044979.2261262,
    "tr": 1720044994.350119
}