{
    "en-US": 1722208422.9216118,
    "ar": 1722208438.0710876,
    "de": 1722208453.2443802,
    "es-ES": 1722208468.4151745,
    "es-MX": 1722208483.5715399,
    "fr": 1722208498.720593,
    "it": 1722208513.896413,
    "ja": 1722208529.0564404,
    "ko": 1722208544.2149115,
    "pl": 1722208559.3891191,
    "pt-BR": 1722208574.562164,
    "ru": 1722208589.7215683,
    "tr": 1722208604.9021444
}