{
    "en-US": 1721592973.9444287,
    "ar": 1721592989.1191452,
    "de": 1721593004.299343,
    "es-ES": 1721593019.4589286,
    "es-MX": 1721593034.6435864,
    "fr": 1721593049.7942874,
    "it": 1721593064.9680512,
    "ja": 1721593080.1313386,
    "ko": 1721593095.2961087,
    "pl": 1721593110.4546883,
    "pt-BR": 1721593125.6525557,
    "ru": 1721593140.8148193,
    "tr": 1721593155.9790952
}