{
    "en-US": 1715444061.0323143,
    "ar": 1715444077.1108172,
    "de": 1715444092.7798424,
    "es-ES": 1715444108.3426728,
    "es-MX": 1715444124.1157343,
    "fr": 1715444139.8669124,
    "it": 1715444155.5560687,
    "ja": 1715444173.242377,
    "ko": 1715444189.892068,
    "pl": 1715444205.6117349,
    "pt-BR": 1715444221.3283067,
    "ru": 1715444237.0544994,
    "tr": 1715444252.8410096
}