{
    "en-US": 1716322465.930253,
    "ar": 1716322482.148111,
    "de": 1716322497.973275,
    "es-ES": 1716322514.0815353,
    "es-MX": 1716322529.952686,
    "fr": 1716322545.5038843,
    "it": 1716322561.415107,
    "ja": 1716322577.9810028,
    "ko": 1716322594.2759542,
    "pl": 1716322609.8703396,
    "pt-BR": 1716322625.7374902,
    "ru": 1716322641.6716783,
    "tr": 1716322657.564898
}