{
    "en-US": 1715289155.640574,
    "ar": 1715289171.9347649,
    "de": 1715289187.8297834,
    "es-ES": 1715289203.6139035,
    "es-MX": 1715289219.445205,
    "fr": 1715289235.23884,
    "it": 1715289250.9372141,
    "ja": 1715289267.4443436,
    "ko": 1715289284.239946,
    "pl": 1715289300.0634701,
    "pt-BR": 1715289315.8242369,
    "ru": 1715289331.6268864,
    "tr": 1715289347.4305096
}