{
    "en-US": 1715901224.4229739,
    "ar": 1715901240.6822891,
    "de": 1715901256.6490636,
    "es-ES": 1715901272.415926,
    "es-MX": 1715901287.9503815,
    "fr": 1715901303.51659,
    "it": 1715901319.3361254,
    "ja": 1715901337.1013312,
    "ko": 1715901354.632542,
    "pl": 1715901370.1938891,
    "pt-BR": 1715901386.0651433,
    "ru": 1715901401.6688461,
    "tr": 1715901417.5532246
}