{
    "en-US": 1720486649.324148,
    "ar": 1720486664.4368439,
    "de": 1720486679.5535696,
    "es-ES": 1720486694.6469176,
    "es-MX": 1720486709.763117,
    "fr": 1720486724.8569098,
    "it": 1720486739.9995422,
    "ja": 1720486755.0966692,
    "ko": 1720486770.1967306,
    "pl": 1720486785.301582,
    "pt-BR": 1720486800.4167345,
    "ru": 1720486815.509887,
    "tr": 1720486830.6400971
}