{
    "en-US": 1719573117.802418,
    "ar": 1719573132.9320717,
    "de": 1719573148.0541587,
    "es-ES": 1719573163.1612344,
    "es-MX": 1719573178.2889931,
    "fr": 1719573193.4110694,
    "it": 1719573208.5550091,
    "ja": 1719573223.663245,
    "ko": 1719573238.7809136,
    "pl": 1719573253.8969884,
    "pt-BR": 1719573269.0270367,
    "ru": 1719573284.1567283,
    "tr": 1719573299.274526
}