{
    "en-US": 1720941306.2908404,
    "ar": 1720941321.4550068,
    "de": 1720941336.619446,
    "es-ES": 1720941351.7721496,
    "es-MX": 1720941367.3723905,
    "fr": 1720941382.5238552,
    "it": 1720941397.711549,
    "ja": 1720941412.8588955,
    "ko": 1720941428.0143907,
    "pl": 1720941443.1623013,
    "pt-BR": 1720941458.3400505,
    "ru": 1720941473.4886255,
    "tr": 1720941488.659926
}