{
    "en-US": 1721913462.2951283,
    "ar": 1721913477.4683294,
    "de": 1721913492.6558735,
    "es-ES": 1721913507.8224845,
    "es-MX": 1721913523.0697474,
    "fr": 1721913538.2463624,
    "it": 1721913553.4206438,
    "ja": 1721913568.6097183,
    "ko": 1721913583.8069174,
    "pl": 1721913598.9666116,
    "pt-BR": 1721913614.1835756,
    "ru": 1721913629.345248,
    "tr": 1721913644.5090282
}