{
    "en-US": 1718964914.9756238,
    "ar": 1718964930.1079204,
    "de": 1718964945.2644305,
    "es-ES": 1718964960.3619947,
    "es-MX": 1718964975.4750445,
    "fr": 1718964990.5746772,
    "it": 1718965005.7251544,
    "ja": 1718965020.827624,
    "ko": 1718965035.9535851,
    "pl": 1718965051.0510278,
    "pt-BR": 1718965066.163223,
    "ru": 1718965081.264375,
    "tr": 1718965096.3912604
}