{
    "en-US": 1719558867.554864,
    "ar": 1719558882.7642431,
    "de": 1719558897.948071,
    "es-ES": 1719558913.1327686,
    "es-MX": 1719558928.3266125,
    "fr": 1719558943.4956348,
    "it": 1719558958.6719713,
    "ja": 1719558973.860948,
    "ko": 1719558989.0423982,
    "pl": 1719559004.2067032,
    "pt-BR": 1719559019.3932981,
    "ru": 1719559034.5624604,
    "tr": 1719559049.7338932
}