{
    "en-US": 1717852462.1494582,
    "ar": 1717852478.372937,
    "de": 1717852494.41963,
    "es-ES": 1717852509.559209,
    "es-MX": 1717852524.685638,
    "fr": 1717852539.8167222,
    "it": 1717852554.942149,
    "ja": 1717852570.0565245,
    "ko": 1717852585.1778634,
    "pl": 1717852600.303119,
    "pt-BR": 1717852615.4208505,
    "ru": 1717852630.560871,
    "tr": 1717852645.6854482
}