{
    "en-US": 1713747147.381532,
    "ar": 1713747163.5339296,
    "de": 1713747178.9001973,
    "es-ES": 1713747194.4175184,
    "es-MX": 1713747210.0306294,
    "fr": 1713747225.62791,
    "it": 1713747241.2303011,
    "ja": 1713747258.840265,
    "ko": 1713747276.081592,
    "pl": 1713747291.735373,
    "pt-BR": 1713747307.3094614,
    "ru": 1713747323.2181616,
    "tr": 1713747338.648792
}