{
    "en-US": 1720199588.4867768,
    "ar": 1720199603.6714582,
    "de": 1720199618.8121543,
    "es-ES": 1720199633.9397042,
    "es-MX": 1720199649.0860698,
    "fr": 1720199664.208898,
    "it": 1720199679.3616583,
    "ja": 1720199694.4904368,
    "ko": 1720199709.6235476,
    "pl": 1720199724.737708,
    "pt-BR": 1720199739.9020114,
    "ru": 1720199755.0190308,
    "tr": 1720199770.1393692
}