{
    "en-US": 1720210505.7313695,
    "ar": 1720210520.9123034,
    "de": 1720210536.1070743,
    "es-ES": 1720210551.2858346,
    "es-MX": 1720210566.4872754,
    "fr": 1720210581.6544144,
    "it": 1720210596.844369,
    "ja": 1720210612.0137627,
    "ko": 1720210627.210798,
    "pl": 1720210642.3779082,
    "pt-BR": 1720210657.5789833,
    "ru": 1720210672.7475848,
    "tr": 1720210687.9261541
}