{
    "en-US": 1717434820.0690765,
    "ar": 1717434836.120312,
    "de": 1717434851.8388915,
    "es-ES": 1717434867.5521955,
    "es-MX": 1717434883.7162433,
    "fr": 1717434899.5264256,
    "it": 1717434915.7611809,
    "ja": 1717434933.5679731,
    "ko": 1717434951.098677,
    "pl": 1717434967.199972,
    "pt-BR": 1717434983.0759385,
    "ru": 1717434999.207245,
    "tr": 1717435015.1190436
}