{
    "en-US": 1717452838.6017296,
    "ar": 1717452854.7638905,
    "de": 1717452870.4612334,
    "es-ES": 1717452886.282925,
    "es-MX": 1717452902.2863414,
    "fr": 1717452918.3674574,
    "it": 1717452934.2835016,
    "ja": 1717452952.0386155,
    "ko": 1717452969.4669561,
    "pl": 1717452985.3998294,
    "pt-BR": 1717453001.3546338,
    "ru": 1717453017.4722204,
    "tr": 1717453033.4561634
}