{
    "en-US": 1715148900.882058,
    "ar": 1715148916.9808216,
    "de": 1715148932.560594,
    "es-ES": 1715148948.1235955,
    "es-MX": 1715148963.7208545,
    "fr": 1715148979.2965667,
    "it": 1715148994.932718,
    "ja": 1715149012.4611342,
    "ko": 1715149029.6487908,
    "pl": 1715149045.2563586,
    "pt-BR": 1715149060.852545,
    "ru": 1715149076.7763474,
    "tr": 1715149092.5017242
}