{
    "en-US": 1720588500.7092724,
    "ar": 1720588515.857692,
    "de": 1720588531.016913,
    "es-ES": 1720588546.1565976,
    "es-MX": 1720588561.342061,
    "fr": 1720588576.51602,
    "it": 1720588591.697763,
    "ja": 1720588606.8614898,
    "ko": 1720588622.0188048,
    "pl": 1720588637.1828105,
    "pt-BR": 1720588652.353819,
    "ru": 1720588667.5364766,
    "tr": 1720588682.705129
}