{
    "en-US": 1717863401.7770581,
    "ar": 1717863417.986461,
    "de": 1717863433.9514763,
    "es-ES": 1717863449.6248438,
    "es-MX": 1717863464.7960773,
    "fr": 1717863479.8974004,
    "it": 1717863495.036475,
    "ja": 1717863510.151761,
    "ko": 1717863525.258235,
    "pl": 1717863540.3781521,
    "pt-BR": 1717863555.4960277,
    "ru": 1717863570.6148543,
    "tr": 1717863585.743922
}