{
    "en-US": 1717953147.048,
    "ar": 1717953163.2264843,
    "de": 1717953179.1538026,
    "es-ES": 1717953194.3522155,
    "es-MX": 1717953209.5507636,
    "fr": 1717953224.7255373,
    "it": 1717953239.9109955,
    "ja": 1717953255.0756533,
    "ko": 1717953270.2603474,
    "pl": 1717953285.4315257,
    "pt-BR": 1717953300.6066928,
    "ru": 1717953315.7796688,
    "tr": 1717953330.9532585
}