{
    "en-US": 1717708491.755457,
    "ar": 1717708507.7818737,
    "de": 1717708523.9886212,
    "es-ES": 1717708539.1830664,
    "es-MX": 1717708554.3771646,
    "fr": 1717708569.550509,
    "it": 1717708584.7607632,
    "ja": 1717708599.9244125,
    "ko": 1717708615.1131525,
    "pl": 1717708630.2823586,
    "pt-BR": 1717708645.4617722,
    "ru": 1717708660.6429796,
    "tr": 1717708675.8349657
}