{
    "en-US": 1714018482.7957737,
    "ar": 1714018498.8668702,
    "de": 1714018514.5222566,
    "es-ES": 1714018529.9934697,
    "es-MX": 1714018545.7047079,
    "fr": 1714018561.6645634,
    "it": 1714018577.5521872,
    "ja": 1714018594.6988678,
    "ko": 1714018611.5587533,
    "pl": 1714018627.2460072,
    "pt-BR": 1714018643.1619942,
    "ru": 1714018658.9510055,
    "tr": 1714018674.8635032
}