{
    "en-US": 1721286806.1772482,
    "ar": 1721286821.2852387,
    "de": 1721286836.4315977,
    "es-ES": 1721286851.5270839,
    "es-MX": 1721286866.637425,
    "fr": 1721286881.735516,
    "it": 1721286896.8629274,
    "ja": 1721286911.9631019,
    "ko": 1721286927.0878627,
    "pl": 1721286942.191344,
    "pt-BR": 1721286957.30745,
    "ru": 1721286972.4090085,
    "tr": 1721286987.5099776
}