{
    "en-US": 1719310462.3929398,
    "ar": 1719310477.5277002,
    "de": 1719310492.7227852,
    "es-ES": 1719310507.8354712,
    "es-MX": 1719310523.026523,
    "fr": 1719310538.136628,
    "it": 1719310553.267053,
    "ja": 1719310568.412255,
    "ko": 1719310583.5284178,
    "pl": 1719310598.6429136,
    "pt-BR": 1719310613.767658,
    "ru": 1719310628.8824818,
    "tr": 1719310644.0034277
}