{
    "en-US": 1717614759.108754,
    "ar": 1717614775.152461,
    "de": 1717614791.0639842,
    "es-ES": 1717614806.2577257,
    "es-MX": 1717614821.43221,
    "fr": 1717614836.6093025,
    "it": 1717614851.796113,
    "ja": 1717614866.9609096,
    "ko": 1717614882.1542723,
    "pl": 1717614897.3223758,
    "pt-BR": 1717614912.4976604,
    "ru": 1717614927.670543,
    "tr": 1717614942.8459857
}