{
    "en-US": 1720689328.0028923,
    "ar": 1720689343.165451,
    "de": 1720689358.330378,
    "es-ES": 1720689373.486182,
    "es-MX": 1720689388.666069,
    "fr": 1720689403.8200936,
    "it": 1720689418.981056,
    "ja": 1720689434.1388361,
    "ko": 1720689449.3010085,
    "pl": 1720689464.461389,
    "pt-BR": 1720689479.6707585,
    "ru": 1720689494.8423347,
    "tr": 1720689510.0079854
}