{
    "en-US": 1713766564.2386503,
    "ar": 1713766580.6018016,
    "de": 1713766596.2340143,
    "es-ES": 1713766611.9432828,
    "es-MX": 1713766627.7007132,
    "fr": 1713766643.4142778,
    "it": 1713766659.2495196,
    "ja": 1713766676.5215664,
    "ko": 1713766693.4212902,
    "pl": 1713766709.2189963,
    "pt-BR": 1713766725.15152,
    "ru": 1713766740.9908407,
    "tr": 1713766756.5802662
}