{
    "en-US": 1713919838.3173916,
    "ar": 1713919854.4164832,
    "de": 1713919869.9410646,
    "es-ES": 1713919885.8345983,
    "es-MX": 1713919901.413195,
    "fr": 1713919916.982286,
    "it": 1713919932.597588,
    "ja": 1713919950.974125,
    "ko": 1713919968.2935185,
    "pl": 1713919983.8390546,
    "pt-BR": 1713919999.412631,
    "ru": 1713920015.0777771,
    "tr": 1713920030.712399
}