{
    "en-US": 1714497088.0168056,
    "ar": 1714497104.3917806,
    "de": 1714497120.0152736,
    "es-ES": 1714497135.6624825,
    "es-MX": 1714497151.367433,
    "fr": 1714497167.0668764,
    "it": 1714497182.823293,
    "ja": 1714497203.3277469,
    "ko": 1714497221.6861086,
    "pl": 1714497237.4449668,
    "pt-BR": 1714497253.0701025,
    "ru": 1714497268.739055,
    "tr": 1714497284.4810803
}