{
    "en-US": 1719285345.5787938,
    "ar": 1719285360.7049966,
    "de": 1719285375.8324878,
    "es-ES": 1719285390.9521534,
    "es-MX": 1719285406.091917,
    "fr": 1719285421.204075,
    "it": 1719285436.4273715,
    "ja": 1719285451.5280507,
    "ko": 1719285466.6361508,
    "pl": 1719285481.7426503,
    "pt-BR": 1719285496.8750062,
    "ru": 1719285511.984001,
    "tr": 1719285527.1142826
}