{
    "en-US": 1713870667.3158026,
    "ar": 1713870683.5067823,
    "de": 1713870699.193519,
    "es-ES": 1713870714.889791,
    "es-MX": 1713870730.5453928,
    "fr": 1713870746.2394142,
    "it": 1713870761.9438589,
    "ja": 1713870778.4558828,
    "ko": 1713870794.638384,
    "pl": 1713870810.3829706,
    "pt-BR": 1713870826.1091595,
    "ru": 1713870841.893226,
    "tr": 1713870857.668428
}