{
    "en-US": 1718499589.0194628,
    "ar": 1718499605.2433903,
    "de": 1718499621.0078516,
    "es-ES": 1718499636.1990502,
    "es-MX": 1718499651.4213486,
    "fr": 1718499666.5858374,
    "it": 1718499681.7607799,
    "ja": 1718499696.927982,
    "ko": 1718499712.1231112,
    "pl": 1718499727.2832355,
    "pt-BR": 1718499742.4539576,
    "ru": 1718499757.631461,
    "tr": 1718499772.8090017
}