{
    "en-US": 1721440834.6858978,
    "ar": 1721440849.793527,
    "de": 1721440864.9068792,
    "es-ES": 1721440880.009128,
    "es-MX": 1721440895.1402388,
    "fr": 1721440910.234169,
    "it": 1721440925.3506608,
    "ja": 1721440940.4425757,
    "ko": 1721440955.5565248,
    "pl": 1721440970.6570761,
    "pt-BR": 1721440985.8060062,
    "ru": 1721441000.8962967,
    "tr": 1721441016.0235655
}