{
    "en-US": 1719313946.9890928,
    "ar": 1719313962.103902,
    "de": 1719313977.2320411,
    "es-ES": 1719313992.3384404,
    "es-MX": 1719314007.47754,
    "fr": 1719314022.5713828,
    "it": 1719314037.6858296,
    "ja": 1719314052.7870367,
    "ko": 1719314067.8924744,
    "pl": 1719314082.999019,
    "pt-BR": 1719314098.1555886,
    "ru": 1719314113.2667513,
    "tr": 1719314128.3744645
}