{
    "en-US": 1715717685.6533947,
    "ar": 1715717701.9983838,
    "de": 1715717718.0288265,
    "es-ES": 1715717733.908133,
    "es-MX": 1715717749.7515538,
    "fr": 1715717765.6113439,
    "it": 1715717781.4387295,
    "ja": 1715717799.3603733,
    "ko": 1715717816.3283634,
    "pl": 1715717832.349867,
    "pt-BR": 1715717848.348217,
    "ru": 1715717864.3023884,
    "tr": 1715717880.2167466
}