{
    "en-US": 1721081623.232203,
    "ar": 1721081638.4170685,
    "de": 1721081653.5967708,
    "es-ES": 1721081668.750983,
    "es-MX": 1721081683.9507985,
    "fr": 1721081699.1058564,
    "it": 1721081714.270609,
    "ja": 1721081729.4269905,
    "ko": 1721081744.5928397,
    "pl": 1721081759.757521,
    "pt-BR": 1721081774.945365,
    "ru": 1721081790.1140745,
    "tr": 1721081805.2844079
}