{
    "en-US": 1716869861.6339715,
    "ar": 1716869877.4200015,
    "de": 1716869893.127555,
    "es-ES": 1716869908.8658195,
    "es-MX": 1716869924.7033641,
    "fr": 1716869940.553945,
    "it": 1716869956.5168462,
    "ja": 1716869972.9622684,
    "ko": 1716869989.2284143,
    "pl": 1716870005.0106497,
    "pt-BR": 1716870020.8897672,
    "ru": 1716870036.527489,
    "tr": 1716870052.6149998
}