{
    "en-US": 1720599549.7581947,
    "ar": 1720599564.9248574,
    "de": 1720599580.1040177,
    "es-ES": 1720599595.2650104,
    "es-MX": 1720599610.441255,
    "fr": 1720599625.598394,
    "it": 1720599640.787825,
    "ja": 1720599655.9462864,
    "ko": 1720599671.1075768,
    "pl": 1720599686.268141,
    "pt-BR": 1720599701.4327326,
    "ru": 1720599716.59209,
    "tr": 1720599731.7866833
}