{
    "en-US": 1719224163.40315,
    "ar": 1719224178.5461793,
    "de": 1719224193.723848,
    "es-ES": 1719224208.843872,
    "es-MX": 1719224223.9663365,
    "fr": 1719224239.0893602,
    "it": 1719224254.2067528,
    "ja": 1719224269.3210108,
    "ko": 1719224284.4553683,
    "pl": 1719224299.5734131,
    "pt-BR": 1719224314.7165797,
    "ru": 1719224329.8150713,
    "tr": 1719224344.9472628
}