{
    "en-US": 1717323164.529072,
    "ar": 1717323180.5857763,
    "de": 1717323196.2495544,
    "es-ES": 1717323211.9749608,
    "es-MX": 1717323227.9566588,
    "fr": 1717323243.7998989,
    "it": 1717323259.8116987,
    "ja": 1717323277.0998144,
    "ko": 1717323293.823841,
    "pl": 1717323309.652562,
    "pt-BR": 1717323325.4471197,
    "ru": 1717323341.3487537,
    "tr": 1717323357.28838
}