{
    "en-US": 1718075763.660446,
    "ar": 1718075779.6292515,
    "de": 1718075795.5672488,
    "es-ES": 1718075811.2591062,
    "es-MX": 1718075826.3975413,
    "fr": 1718075841.5108545,
    "it": 1718075856.6285732,
    "ja": 1718075871.7333078,
    "ko": 1718075886.8355155,
    "pl": 1718075901.9636385,
    "pt-BR": 1718075917.0950644,
    "ru": 1718075932.2164624,
    "tr": 1718075947.3418014
}