{
    "en-US": 1716434062.298533,
    "ar": 1716434079.9265382,
    "de": 1716434096.0493138,
    "es-ES": 1716434111.6651788,
    "es-MX": 1716434127.019822,
    "fr": 1716434142.4491413,
    "it": 1716434158.0932004,
    "ja": 1716434176.6540105,
    "ko": 1716434194.5072901,
    "pl": 1716434209.8943334,
    "pt-BR": 1716434225.556292,
    "ru": 1716434241.0644214,
    "tr": 1716434256.805654
}