{
    "en-US": 1721056611.6630447,
    "ar": 1721056626.8681293,
    "de": 1721056642.0437915,
    "es-ES": 1721056657.2048013,
    "es-MX": 1721056672.797251,
    "fr": 1721056687.9529395,
    "it": 1721056703.149923,
    "ja": 1721056718.3110597,
    "ko": 1721056733.481857,
    "pl": 1721056748.6538591,
    "pt-BR": 1721056763.850488,
    "ru": 1721056779.0175855,
    "tr": 1721056794.2061155
}