{
    "en-US": 1721207796.1338027,
    "ar": 1721207811.2969854,
    "de": 1721207826.4686701,
    "es-ES": 1721207841.6192522,
    "es-MX": 1721207856.7920957,
    "fr": 1721207871.94696,
    "it": 1721207887.1440518,
    "ja": 1721207902.3024733,
    "ko": 1721207917.4645662,
    "pl": 1721207932.6286035,
    "pt-BR": 1721207947.80594,
    "ru": 1721207962.9704602,
    "tr": 1721207978.1472387
}