{
    "en-US": 1716588812.6093028,
    "ar": 1716588828.5888193,
    "de": 1716588844.3248472,
    "es-ES": 1716588859.781027,
    "es-MX": 1716588875.3148654,
    "fr": 1716588890.861128,
    "it": 1716588906.9042604,
    "ja": 1716588924.8178089,
    "ko": 1716588942.049428,
    "pl": 1716588957.843642,
    "pt-BR": 1716588973.8000515,
    "ru": 1716588989.851319,
    "tr": 1716589005.7539346
}