{
    "en-US": 1716214369.4446492,
    "ar": 1716214385.3306322,
    "de": 1716214400.8541586,
    "es-ES": 1716214416.7024996,
    "es-MX": 1716214432.4936283,
    "fr": 1716214448.074362,
    "it": 1716214463.9541488,
    "ja": 1716214482.1487262,
    "ko": 1716214499.524352,
    "pl": 1716214515.0792105,
    "pt-BR": 1716214531.0232513,
    "ru": 1716214546.6302629,
    "tr": 1716214562.482823
}