{
    "en-US": 1716495271.1733484,
    "ar": 1716495287.4859862,
    "de": 1716495302.975872,
    "es-ES": 1716495318.4406722,
    "es-MX": 1716495334.0209575,
    "fr": 1716495349.4788213,
    "it": 1716495365.0115392,
    "ja": 1716495382.5775425,
    "ko": 1716495399.3526816,
    "pl": 1716495414.872087,
    "pt-BR": 1716495430.4164393,
    "ru": 1716495446.016216,
    "tr": 1716495461.6205194
}