{
    "en-US": 1716797859.8943677,
    "ar": 1716797876.054427,
    "de": 1716797891.696765,
    "es-ES": 1716797907.4134102,
    "es-MX": 1716797923.1762588,
    "fr": 1716797939.0021737,
    "it": 1716797954.8899996,
    "ja": 1716797972.1252353,
    "ko": 1716797989.004878,
    "pl": 1716798004.585061,
    "pt-BR": 1716798020.4189632,
    "ru": 1716798036.087126,
    "tr": 1716798051.9512703
}