{
    "en-US": 1722111272.8387432,
    "ar": 1722111287.9369483,
    "de": 1722111303.1169956,
    "es-ES": 1722111318.212511,
    "es-MX": 1722111333.3512952,
    "fr": 1722111348.4471548,
    "it": 1722111363.5436645,
    "ja": 1722111378.6307878,
    "ko": 1722111393.7226272,
    "pl": 1722111408.812055,
    "pt-BR": 1722111423.9289322,
    "ru": 1722111439.026307,
    "tr": 1722111454.1322453
}