{
    "en-US": 1721872961.7952666,
    "ar": 1721872976.9545274,
    "de": 1721872992.1467338,
    "es-ES": 1721873007.2943466,
    "es-MX": 1721873022.475777,
    "fr": 1721873037.6331675,
    "it": 1721873052.8066573,
    "ja": 1721873067.9536176,
    "ko": 1721873083.1148882,
    "pl": 1721873098.2709632,
    "pt-BR": 1721873113.471114,
    "ru": 1721873128.6298764,
    "tr": 1721873143.7855277
}