{
    "en-US": 1722183404.5938282,
    "ar": 1722183419.7120712,
    "de": 1722183434.8074384,
    "es-ES": 1722183449.8864267,
    "es-MX": 1722183465.0231698,
    "fr": 1722183480.1026,
    "it": 1722183495.1992846,
    "ja": 1722183510.2836108,
    "ko": 1722183525.3793442,
    "pl": 1722183540.4643326,
    "pt-BR": 1722183555.57803,
    "ru": 1722183570.6633954,
    "tr": 1722183585.7466168
}