{
    "en-US": 1721578611.0644324,
    "ar": 1721578626.2304463,
    "de": 1721578641.392946,
    "es-ES": 1721578656.5575564,
    "es-MX": 1721578671.730231,
    "fr": 1721578686.893577,
    "it": 1721578702.0553083,
    "ja": 1721578717.2140605,
    "ko": 1721578732.3743372,
    "pl": 1721578747.521157,
    "pt-BR": 1721578762.7012403,
    "ru": 1721578777.8697872,
    "tr": 1721578793.0293453
}