{
    "en-US": 1717030461.446687,
    "ar": 1717030477.7073042,
    "de": 1717030493.3803468,
    "es-ES": 1717030508.994931,
    "es-MX": 1717030524.1866672,
    "fr": 1717030539.803173,
    "it": 1717030555.8344982,
    "ja": 1717030573.3512,
    "ko": 1717030590.3754706,
    "pl": 1717030605.5108204,
    "pt-BR": 1717030621.3013191,
    "ru": 1717030636.7961218,
    "tr": 1717030652.52688
}