{
    "en-US": 1719814775.5481617,
    "ar": 1719814790.668353,
    "de": 1719814805.78341,
    "es-ES": 1719814820.8908463,
    "es-MX": 1719814836.0387056,
    "fr": 1719814851.1367023,
    "it": 1719814866.250595,
    "ja": 1719814881.3505664,
    "ko": 1719814896.4759824,
    "pl": 1719814911.5751312,
    "pt-BR": 1719814926.6903448,
    "ru": 1719814941.799934,
    "tr": 1719814956.9137294
}