{
    "en-US": 1717384502.2116776,
    "ar": 1717384518.4040594,
    "de": 1717384534.2491162,
    "es-ES": 1717384550.0382535,
    "es-MX": 1717384565.9060915,
    "fr": 1717384581.7974212,
    "it": 1717384597.686877,
    "ja": 1717384615.0161102,
    "ko": 1717384631.9498606,
    "pl": 1717384647.9176202,
    "pt-BR": 1717384664.0827422,
    "ru": 1717384680.0733783,
    "tr": 1717384696.0155659
}