{
    "en-US": 1717881085.8586369,
    "ar": 1717881101.068755,
    "de": 1717881116.246666,
    "es-ES": 1717881131.4113357,
    "es-MX": 1717881146.6034706,
    "fr": 1717881161.7705007,
    "it": 1717881176.9624302,
    "ja": 1717881192.12774,
    "ko": 1717881207.2982802,
    "pl": 1717881222.4627557,
    "pt-BR": 1717881237.6393952,
    "ru": 1717881252.8151171,
    "tr": 1717881267.9993308
}