{
    "en-US": 1718503655.6085148,
    "ar": 1718503671.9591405,
    "de": 1718503687.8400922,
    "es-ES": 1718503703.622755,
    "es-MX": 1718503718.7522943,
    "fr": 1718503733.8518414,
    "it": 1718503748.9990664,
    "ja": 1718503764.105691,
    "ko": 1718503779.2168124,
    "pl": 1718503794.3329878,
    "pt-BR": 1718503809.4709873,
    "ru": 1718503824.570667,
    "tr": 1718503839.704554
}