{
    "en-US": 1715497910.2628114,
    "ar": 1715497926.491373,
    "de": 1715497942.0804243,
    "es-ES": 1715497957.6805832,
    "es-MX": 1715497973.2966366,
    "fr": 1715497988.9091287,
    "it": 1715498004.5009823,
    "ja": 1715498022.3577456,
    "ko": 1715498039.801832,
    "pl": 1715498055.4313447,
    "pt-BR": 1715498070.8235016,
    "ru": 1715498086.5925567,
    "tr": 1715498102.340742
}