{
    "en-US": 1721657634.3763819,
    "ar": 1721657649.5612442,
    "de": 1721657664.7333965,
    "es-ES": 1721657679.896896,
    "es-MX": 1721657695.0967383,
    "fr": 1721657710.2521122,
    "it": 1721657725.4278698,
    "ja": 1721657740.5901506,
    "ko": 1721657755.7513177,
    "pl": 1721657770.9083188,
    "pt-BR": 1721657786.0985572,
    "ru": 1721657801.2764914,
    "tr": 1721657816.4400768
}