{
    "en-US": 1718529336.9788156,
    "ar": 1718529352.176537,
    "de": 1718529367.3905268,
    "es-ES": 1718529382.5481596,
    "es-MX": 1718529397.7255514,
    "fr": 1718529412.8899717,
    "it": 1718529428.080178,
    "ja": 1718529443.2421691,
    "ko": 1718529458.4061806,
    "pl": 1718529473.5686967,
    "pt-BR": 1718529488.737391,
    "ru": 1718529503.8986485,
    "tr": 1718529519.0829954
}