{
    "en-US": 1722305026.3931894,
    "ar": 1722305041.601581,
    "de": 1722305056.7868476,
    "es-ES": 1722305071.9630246,
    "es-MX": 1722305087.1557438,
    "fr": 1722305102.323428,
    "it": 1722305117.5143425,
    "ja": 1722305132.7316332,
    "ko": 1722305147.907333,
    "pl": 1722305163.0835588,
    "pt-BR": 1722305178.2920907,
    "ru": 1722305193.4655077,
    "tr": 1722305208.6367354
}