{
    "en-US": 1719677748.7859797,
    "ar": 1719677763.9137075,
    "de": 1719677779.061741,
    "es-ES": 1719677794.1659346,
    "es-MX": 1719677809.2848396,
    "fr": 1719677824.3920667,
    "it": 1719677839.537579,
    "ja": 1719677854.6550398,
    "ko": 1719677869.770814,
    "pl": 1719677884.8867683,
    "pt-BR": 1719677900.0121603,
    "ru": 1719677915.112921,
    "tr": 1719677930.2560444
}