{
    "en-US": 1717078450.438651,
    "ar": 1717078466.870438,
    "de": 1717078482.7063444,
    "es-ES": 1717078498.5678484,
    "es-MX": 1717078514.487521,
    "fr": 1717078530.1257277,
    "it": 1717078546.154739,
    "ja": 1717078564.2013338,
    "ko": 1717078582.235295,
    "pl": 1717078598.0577753,
    "pt-BR": 1717078614.000016,
    "ru": 1717078630.4312255,
    "tr": 1717078646.4962049
}