{
    "en-US": 1717096393.1874475,
    "ar": 1717096409.0816412,
    "de": 1717096424.6258638,
    "es-ES": 1717096440.2602599,
    "es-MX": 1717096456.096906,
    "fr": 1717096471.9095128,
    "it": 1717096487.7570138,
    "ja": 1717096504.925688,
    "ko": 1717096521.7809358,
    "pl": 1717096537.511568,
    "pt-BR": 1717096553.4022226,
    "ru": 1717096568.9460764,
    "tr": 1717096584.8501275
}