{
    "en-US": 1714317135.3682902,
    "ar": 1714317151.330257,
    "de": 1714317166.5411384,
    "es-ES": 1714317181.70013,
    "es-MX": 1714317197.5783577,
    "fr": 1714317212.7610111,
    "it": 1714317227.9135203,
    "ja": 1714317245.8429248,
    "ko": 1714317261.0793288,
    "pl": 1714317276.229509,
    "pt-BR": 1714317291.3746939,
    "ru": 1714317306.524513,
    "tr": 1714317322.386018
}