{
    "en-US": 1716520500.4590135,
    "ar": 1716520515.6140156,
    "de": 1716520531.5567994,
    "es-ES": 1716520546.6842132,
    "es-MX": 1716520562.6320286,
    "fr": 1716520577.9839828,
    "it": 1716520593.1401322,
    "ja": 1716520613.878335,
    "ko": 1716520629.0169606,
    "pl": 1716520644.120515,
    "pt-BR": 1716520659.2387316,
    "ru": 1716520674.3331933,
    "tr": 1716520689.4634047
}