{
    "en-US": 1721142816.7740016,
    "ar": 1721142831.895291,
    "de": 1721142847.0039077,
    "es-ES": 1721142862.1025696,
    "es-MX": 1721142877.23628,
    "fr": 1721142892.34244,
    "it": 1721142907.485895,
    "ja": 1721142922.5885084,
    "ko": 1721142937.7013977,
    "pl": 1721142952.802458,
    "pt-BR": 1721142967.932774,
    "ru": 1721142983.0210316,
    "tr": 1721142998.144045
}