{
    "en-US": 1718561814.2073357,
    "ar": 1718561830.2690287,
    "de": 1718561845.9659464,
    "es-ES": 1718561861.08651,
    "es-MX": 1718561876.1935134,
    "fr": 1718561891.2952092,
    "it": 1718561906.419514,
    "ja": 1718561921.520586,
    "ko": 1718561936.6385913,
    "pl": 1718561951.7404318,
    "pt-BR": 1718561966.848617,
    "ru": 1718561981.9499414,
    "tr": 1718561997.0556085
}