{
    "en-US": 1717535595.638185,
    "ar": 1717535611.8882468,
    "de": 1717535627.8480844,
    "es-ES": 1717535643.6093233,
    "es-MX": 1717535659.6594098,
    "fr": 1717535675.5341196,
    "it": 1717535691.3151517,
    "ja": 1717535708.8925493,
    "ko": 1717535725.901254,
    "pl": 1717535741.3881435,
    "pt-BR": 1717535757.1956382,
    "ru": 1717535773.0868227,
    "tr": 1717535788.9232247
}