{
    "en-US": 1715624096.7517674,
    "ar": 1715624113.3652308,
    "de": 1715624129.0930805,
    "es-ES": 1715624144.9034634,
    "es-MX": 1715624161.1667035,
    "fr": 1715624177.2769217,
    "it": 1715624193.0275471,
    "ja": 1715624212.7207947,
    "ko": 1715624230.2325819,
    "pl": 1715624246.0691066,
    "pt-BR": 1715624261.8479638,
    "ru": 1715624277.6731272,
    "tr": 1715624293.988706
}