{
    "en-US": 1719515590.6152942,
    "ar": 1719515605.8007858,
    "de": 1719515620.976342,
    "es-ES": 1719515636.1518629,
    "es-MX": 1719515651.3493834,
    "fr": 1719515666.5267944,
    "it": 1719515681.7412183,
    "ja": 1719515696.9152105,
    "ko": 1719515712.093558,
    "pl": 1719515727.2684357,
    "pt-BR": 1719515742.468634,
    "ru": 1719515757.6633844,
    "tr": 1719515772.8345757
}