{
    "en-US": 1719184448.023692,
    "ar": 1719184464.2619026,
    "de": 1719184480.2815957,
    "es-ES": 1719184495.4132948,
    "es-MX": 1719184510.5803518,
    "fr": 1719184525.7344081,
    "it": 1719184540.8561285,
    "ja": 1719184555.9651968,
    "ko": 1719184571.115377,
    "pl": 1719184586.2280705,
    "pt-BR": 1719184601.3566115,
    "ru": 1719184616.4636724,
    "tr": 1719184631.5893092
}