{
    "en-US": 1720592327.141758,
    "ar": 1720592342.313201,
    "de": 1720592357.490612,
    "es-ES": 1720592372.6577787,
    "es-MX": 1720592387.8521087,
    "fr": 1720592403.013145,
    "it": 1720592418.185375,
    "ja": 1720592433.3550243,
    "ko": 1720592448.5229282,
    "pl": 1720592463.6818805,
    "pt-BR": 1720592478.8899655,
    "ru": 1720592494.0593536,
    "tr": 1720592509.2265236
}