{
    "en-US": 1717341148.067358,
    "ar": 1717341164.1127903,
    "de": 1717341179.5033808,
    "es-ES": 1717341194.8574746,
    "es-MX": 1717341210.3216286,
    "fr": 1717341225.943375,
    "it": 1717341241.7592785,
    "ja": 1717341259.085818,
    "ko": 1717341275.8550587,
    "pl": 1717341291.6796083,
    "pt-BR": 1717341307.4184082,
    "ru": 1717341323.297336,
    "tr": 1717341339.1015432
}