{
    "en-US": 1714594488.2191265,
    "ar": 1714594504.309612,
    "de": 1714594520.1495252,
    "es-ES": 1714594535.8923047,
    "es-MX": 1714594551.6815827,
    "fr": 1714594567.2292664,
    "it": 1714594583.0590413,
    "ja": 1714594599.6674905,
    "ko": 1714594615.878585,
    "pl": 1714594631.715606,
    "pt-BR": 1714594647.4765518,
    "ru": 1714594663.2043903,
    "tr": 1714594679.010438
}