{
    "en-US": 1720815277.019526,
    "ar": 1720815292.1256502,
    "de": 1720815307.22616,
    "es-ES": 1720815322.331002,
    "es-MX": 1720815337.4411132,
    "fr": 1720815352.538445,
    "it": 1720815367.6473496,
    "ja": 1720815382.7392085,
    "ko": 1720815397.8373923,
    "pl": 1720815412.928266,
    "pt-BR": 1720815428.0696964,
    "ru": 1720815443.1741178,
    "tr": 1720815458.2663484
}