{
    "en-US": 1714742045.572801,
    "ar": 1714742061.8241732,
    "de": 1714742077.5167644,
    "es-ES": 1714742093.1864994,
    "es-MX": 1714742108.9474866,
    "fr": 1714742124.7223904,
    "it": 1714742140.476221,
    "ja": 1714742158.2464502,
    "ko": 1714742175.076992,
    "pl": 1714742190.9374847,
    "pt-BR": 1714742206.4876902,
    "ru": 1714742222.371886,
    "tr": 1714742238.1918607
}