{
    "en-US": 1716034837.2087178,
    "ar": 1716034853.0340946,
    "de": 1716034868.7305846,
    "es-ES": 1716034884.3951247,
    "es-MX": 1716034900.0531976,
    "fr": 1716034915.6426394,
    "it": 1716034931.3824825,
    "ja": 1716034948.585728,
    "ko": 1716034965.3511488,
    "pl": 1716034981.0559313,
    "pt-BR": 1716034996.8028517,
    "ru": 1716035012.3203819,
    "tr": 1716035028.0320218
}