{
    "en-US": 1715238846.6756184,
    "ar": 1715238862.7271693,
    "de": 1715238878.3051062,
    "es-ES": 1715238893.8400614,
    "es-MX": 1715238909.451543,
    "fr": 1715238925.0233247,
    "it": 1715238940.619394,
    "ja": 1715238957.9733307,
    "ko": 1715238974.9494662,
    "pl": 1715238990.5150526,
    "pt-BR": 1715239006.1473727,
    "ru": 1715239021.8887084,
    "tr": 1715239037.5542884
}