{
    "en-US": 1719795677.9054794,
    "ar": 1719795693.0743442,
    "de": 1719795708.2466621,
    "es-ES": 1719795723.4046023,
    "es-MX": 1719795738.5784855,
    "fr": 1719795753.73479,
    "it": 1719795768.9374506,
    "ja": 1719795784.1015027,
    "ko": 1719795799.2667212,
    "pl": 1719795814.4277532,
    "pt-BR": 1719795829.6044846,
    "ru": 1719795844.765781,
    "tr": 1719795859.9404104
}