{
    "en-US": 1720430122.3231933,
    "ar": 1720430137.4426277,
    "de": 1720430152.5752687,
    "es-ES": 1720430167.677068,
    "es-MX": 1720430182.8040104,
    "fr": 1720430197.9051986,
    "it": 1720430213.0530658,
    "ja": 1720430228.209303,
    "ko": 1720430243.319643,
    "pl": 1720430258.4333065,
    "pt-BR": 1720430273.5525625,
    "ru": 1720430288.6511402,
    "tr": 1720430303.7893887
}