{
    "en-US": 1720685837.9028387,
    "ar": 1720685853.067738,
    "de": 1720685868.2435231,
    "es-ES": 1720685883.4047263,
    "es-MX": 1720685898.5794215,
    "fr": 1720685913.7434742,
    "it": 1720685928.9125502,
    "ja": 1720685944.0789478,
    "ko": 1720685959.2333002,
    "pl": 1720685974.3956444,
    "pt-BR": 1720685989.5821967,
    "ru": 1720686004.751382,
    "tr": 1720686019.932722
}