{
    "en-US": 1717024427.652216,
    "ar": 1717024443.5700803,
    "de": 1717024459.2804163,
    "es-ES": 1717024474.614742,
    "es-MX": 1717024490.3877697,
    "fr": 1717024506.0558553,
    "it": 1717024521.8144581,
    "ja": 1717024539.610828,
    "ko": 1717024556.8193936,
    "pl": 1717024572.5667963,
    "pt-BR": 1717024588.0138175,
    "ru": 1717024603.5604713,
    "tr": 1717024619.413669
}