{
    "en-US": 1718374486.3741386,
    "ar": 1718374502.8267193,
    "de": 1718374518.630782,
    "es-ES": 1718374533.7724953,
    "es-MX": 1718374548.9016705,
    "fr": 1718374564.0249248,
    "it": 1718374579.155245,
    "ja": 1718374594.2925005,
    "ko": 1718374609.477291,
    "pl": 1718374624.5837214,
    "pt-BR": 1718374639.7327905,
    "ru": 1718374654.8442664,
    "tr": 1718374669.9768584
}