{
    "en-US": 1716166403.1649573,
    "ar": 1716166419.3841827,
    "de": 1716166435.119439,
    "es-ES": 1716166450.8756442,
    "es-MX": 1716166466.6932142,
    "fr": 1716166482.2234926,
    "it": 1716166498.02185,
    "ja": 1716166515.4647293,
    "ko": 1716166532.3248315,
    "pl": 1716166548.2833412,
    "pt-BR": 1716166564.139351,
    "ru": 1716166579.7607615,
    "tr": 1716166595.6156564
}