{
    "en-US": 1715651653.6067762,
    "ar": 1715651669.7267199,
    "de": 1715651685.3742013,
    "es-ES": 1715651700.760665,
    "es-MX": 1715651716.5210836,
    "fr": 1715651732.2356353,
    "it": 1715651747.7093832,
    "ja": 1715651765.889199,
    "ko": 1715651783.391439,
    "pl": 1715651799.0952075,
    "pt-BR": 1715651814.777961,
    "ru": 1715651830.2427218,
    "tr": 1715651845.9912784
}