{
    "en-US": 1719846889.7635782,
    "ar": 1719846904.9152622,
    "de": 1719846920.1065109,
    "es-ES": 1719846935.2442813,
    "es-MX": 1719846950.3870866,
    "fr": 1719846965.510993,
    "it": 1719846980.6896522,
    "ja": 1719846995.7980452,
    "ko": 1719847010.9180899,
    "pl": 1719847026.021259,
    "pt-BR": 1719847041.1697469,
    "ru": 1719847056.2845056,
    "tr": 1719847071.467073
}