{
    "en-US": 1718547122.2320237,
    "ar": 1718547138.3501997,
    "de": 1718547154.087044,
    "es-ES": 1718547169.213738,
    "es-MX": 1718547184.33955,
    "fr": 1718547199.4324472,
    "it": 1718547214.5555801,
    "ja": 1718547229.6595323,
    "ko": 1718547244.7926512,
    "pl": 1718547259.8808582,
    "pt-BR": 1718547275.0046554,
    "ru": 1718547290.1083987,
    "tr": 1718547305.2049477
}