{
    "en-US": 1717470988.8077984,
    "ar": 1717471004.9091816,
    "de": 1717471020.5391529,
    "es-ES": 1717471036.1552129,
    "es-MX": 1717471051.9769883,
    "fr": 1717471067.751791,
    "it": 1717471083.529602,
    "ja": 1717471101.045743,
    "ko": 1717471117.9074993,
    "pl": 1717471133.7221558,
    "pt-BR": 1717471149.5160708,
    "ru": 1717471165.4784865,
    "tr": 1717471181.369642
}