{
    "en-US": 1720552291.704994,
    "ar": 1720552306.8052175,
    "de": 1720552321.9393408,
    "es-ES": 1720552337.02822,
    "es-MX": 1720552352.1600704,
    "fr": 1720552367.2522154,
    "it": 1720552382.359506,
    "ja": 1720552397.449618,
    "ko": 1720552412.5505893,
    "pl": 1720552427.6389427,
    "pt-BR": 1720552442.7883818,
    "ru": 1720552457.8736796,
    "tr": 1720552472.9797473
}