{
    "en-US": 1715692503.2189097,
    "ar": 1715692519.2282825,
    "de": 1715692534.8891344,
    "es-ES": 1715692550.2697043,
    "es-MX": 1715692566.0441618,
    "fr": 1715692581.7604923,
    "it": 1715692597.4345512,
    "ja": 1715692614.9070013,
    "ko": 1715692631.7421567,
    "pl": 1715692647.442656,
    "pt-BR": 1715692663.1918013,
    "ru": 1715692678.8989885,
    "tr": 1715692694.6645098
}