{
    "en-US": 1719090778.883179,
    "ar": 1719090794.0275867,
    "de": 1719090809.205124,
    "es-ES": 1719090824.313298,
    "es-MX": 1719090839.4497867,
    "fr": 1719090854.5594294,
    "it": 1719090869.683008,
    "ja": 1719090884.7892156,
    "ko": 1719090899.9112117,
    "pl": 1719090915.0229123,
    "pt-BR": 1719090930.146715,
    "ru": 1719090945.259794,
    "tr": 1719090960.3821821
}