{
    "en-US": 1714882477.8197215,
    "ar": 1714882493.8099504,
    "de": 1714882509.512929,
    "es-ES": 1714882525.1813078,
    "es-MX": 1714882540.9648247,
    "fr": 1714882556.672646,
    "it": 1714882572.6946628,
    "ja": 1714882589.358512,
    "ko": 1714882605.603048,
    "pl": 1714882621.3390818,
    "pt-BR": 1714882637.1541162,
    "ru": 1714882652.7420692,
    "tr": 1714882668.494481
}