{
    "en-US": 1722248205.0363812,
    "ar": 1722248220.1391351,
    "de": 1722248235.2374802,
    "es-ES": 1722248250.339213,
    "es-MX": 1722248265.4453003,
    "fr": 1722248280.7417617,
    "it": 1722248295.867008,
    "ja": 1722248310.9541771,
    "ko": 1722248326.086856,
    "pl": 1722248341.1773982,
    "pt-BR": 1722248356.2794914,
    "ru": 1722248371.371742,
    "tr": 1722248386.48517
}