{
    "en-US": 1720016158.9012709,
    "ar": 1720016174.0817876,
    "de": 1720016189.257158,
    "es-ES": 1720016204.4200914,
    "es-MX": 1720016219.6042514,
    "fr": 1720016234.7878354,
    "it": 1720016249.9833064,
    "ja": 1720016265.154846,
    "ko": 1720016280.3247867,
    "pl": 1720016295.492185,
    "pt-BR": 1720016310.6713102,
    "ru": 1720016325.8350852,
    "tr": 1720016341.0122893
}