{
    "en-US": 1719799981.544488,
    "ar": 1719799996.7134957,
    "de": 1719800011.8916752,
    "es-ES": 1719800027.0672035,
    "es-MX": 1719800042.2686367,
    "fr": 1719800057.4300296,
    "it": 1719800072.6051977,
    "ja": 1719800087.7701116,
    "ko": 1719800102.9536104,
    "pl": 1719800118.1139045,
    "pt-BR": 1719800133.307195,
    "ru": 1719800148.4792356,
    "tr": 1719800163.6463726
}