{
    "en-US": 1715094752.1616452,
    "ar": 1715094768.5681546,
    "de": 1715094784.3850293,
    "es-ES": 1715094800.1354122,
    "es-MX": 1715094815.9892445,
    "fr": 1715094831.5659049,
    "it": 1715094847.4111602,
    "ja": 1715094865.4099128,
    "ko": 1715094882.610278,
    "pl": 1715094898.485042,
    "pt-BR": 1715094913.81505,
    "ru": 1715094929.0521946,
    "tr": 1715094944.284875
}