{
    "en-US": 1714885909.973926,
    "ar": 1714885925.9609585,
    "de": 1714885941.6904862,
    "es-ES": 1714885957.3679762,
    "es-MX": 1714885973.061415,
    "fr": 1714885988.7668219,
    "it": 1714886004.4892945,
    "ja": 1714886021.0334394,
    "ko": 1714886037.1833963,
    "pl": 1714886053.1001103,
    "pt-BR": 1714886068.8681324,
    "ru": 1714886084.6021454,
    "tr": 1714886100.617
}