{
    "en-US": 1715281815.1225326,
    "ar": 1715281831.279603,
    "de": 1715281847.2117102,
    "es-ES": 1715281862.9950771,
    "es-MX": 1715281878.812085,
    "fr": 1715281894.3355253,
    "it": 1715281910.2126193,
    "ja": 1715281927.4386892,
    "ko": 1715281943.8722613,
    "pl": 1715281959.681212,
    "pt-BR": 1715281975.4652112,
    "ru": 1715281991.3208556,
    "tr": 1715282007.2555864
}