{
    "en-US": 1718691532.0761385,
    "ar": 1718691548.4216168,
    "de": 1718691564.0384443,
    "es-ES": 1718691579.175337,
    "es-MX": 1718691594.3385828,
    "fr": 1718691609.4367285,
    "it": 1718691624.5467067,
    "ja": 1718691639.6520302,
    "ko": 1718691654.7865787,
    "pl": 1718691669.886553,
    "pt-BR": 1718691684.9947119,
    "ru": 1718691700.091865,
    "tr": 1718691715.1940143
}