{
    "en-US": 1714680785.1932247,
    "ar": 1714680801.3166704,
    "de": 1714680817.0949605,
    "es-ES": 1714680832.9518807,
    "es-MX": 1714680848.8819933,
    "fr": 1714680864.4213912,
    "it": 1714680880.3367758,
    "ja": 1714680896.8842173,
    "ko": 1714680913.22231,
    "pl": 1714680929.0028753,
    "pt-BR": 1714680944.826693,
    "ru": 1714680960.7032607,
    "tr": 1714680976.5518577
}