{
    "en-US": 1714860696.3332534,
    "ar": 1714860711.5783684,
    "de": 1714860726.753708,
    "es-ES": 1714860741.9234324,
    "es-MX": 1714860757.096488,
    "fr": 1714860772.2431943,
    "it": 1714860787.4525132,
    "ja": 1714860802.6281066,
    "ko": 1714860817.7840292,
    "pl": 1714860832.928565,
    "pt-BR": 1714860848.1030223,
    "ru": 1714860863.2544155,
    "tr": 1714860878.4261844
}