{
    "en-US": 1721794573.6932886,
    "ar": 1721794588.8437276,
    "de": 1721794604.021187,
    "es-ES": 1721794619.168704,
    "es-MX": 1721794634.3366091,
    "fr": 1721794649.4828746,
    "it": 1721794664.6578631,
    "ja": 1721794679.8153815,
    "ko": 1721794694.9686906,
    "pl": 1721794710.113437,
    "pt-BR": 1721794725.2803893,
    "ru": 1721794740.4327507,
    "tr": 1721794755.6077602
}