{
    "en-US": 1721955398.9306417,
    "ar": 1721955414.20373,
    "de": 1721955429.5077422,
    "es-ES": 1721955444.7371178,
    "es-MX": 1721955459.998364,
    "fr": 1721955475.2379043,
    "it": 1721955490.5100389,
    "ja": 1721955505.7335598,
    "ko": 1721955520.978394,
    "pl": 1721955536.2086616,
    "pt-BR": 1721955551.449639,
    "ru": 1721955566.6801786,
    "tr": 1721955581.9351094
}