{
    "en-US": 1721690065.9562058,
    "ar": 1721690081.0891464,
    "de": 1721690096.2078626,
    "es-ES": 1721690111.3072004,
    "es-MX": 1721690126.4046614,
    "fr": 1721690141.498532,
    "it": 1721690156.6073382,
    "ja": 1721690171.718456,
    "ko": 1721690186.821638,
    "pl": 1721690201.9263191,
    "pt-BR": 1721690217.0449123,
    "ru": 1721690232.160167,
    "tr": 1721690247.267865
}