{
    "en-US": 1717993088.4205685,
    "ar": 1717993104.672861,
    "de": 1717993120.6542346,
    "es-ES": 1717993136.6191177,
    "es-MX": 1717993152.4536364,
    "fr": 1717993168.618472,
    "it": 1717993184.7164824,
    "ja": 1717993202.2877364,
    "ko": 1717993219.277966,
    "pl": 1717993234.4757445,
    "pt-BR": 1717993249.6805665,
    "ru": 1717993264.8330457,
    "tr": 1717993280.008695
}