{
    "en-US": 1718281399.587582,
    "ar": 1718281414.7870274,
    "de": 1718281430.0181644,
    "es-ES": 1718281445.1890314,
    "es-MX": 1718281460.3698623,
    "fr": 1718281475.5331671,
    "it": 1718281490.7266235,
    "ja": 1718281505.8918731,
    "ko": 1718281521.069472,
    "pl": 1718281536.2463238,
    "pt-BR": 1718281551.4240117,
    "ru": 1718281566.5896184,
    "tr": 1718281581.7800226
}