{
    "en-US": 1715667498.231167,
    "ar": 1715667516.591652,
    "de": 1715667532.1598036,
    "es-ES": 1715667547.7486448,
    "es-MX": 1715667563.2278194,
    "fr": 1715667578.8518758,
    "it": 1715667594.453593,
    "ja": 1715667612.09062,
    "ko": 1715667629.9067252,
    "pl": 1715667645.5728416,
    "pt-BR": 1715667661.1820107,
    "ru": 1715667676.6806705,
    "tr": 1715667692.3133643
}