{
    "en-US": 1715382756.2664237,
    "ar": 1715382772.3612344,
    "de": 1715382788.0989676,
    "es-ES": 1715382803.5904307,
    "es-MX": 1715382819.460401,
    "fr": 1715382835.2401035,
    "it": 1715382851.0652173,
    "ja": 1715382867.608109,
    "ko": 1715382883.825404,
    "pl": 1715382899.5702815,
    "pt-BR": 1715382915.3924088,
    "ru": 1715382931.2045367,
    "tr": 1715382947.047909
}