{
    "en-US": 1714623292.2700489,
    "ar": 1714623308.59879,
    "de": 1714623324.3315446,
    "es-ES": 1714623339.810479,
    "es-MX": 1714623355.5630562,
    "fr": 1714623371.3259914,
    "it": 1714623387.091449,
    "ja": 1714623404.9223485,
    "ko": 1714623422.0283272,
    "pl": 1714623437.7871575,
    "pt-BR": 1714623453.310779,
    "ru": 1714623469.1281447,
    "tr": 1714623484.9265597
}