{
    "en-US": 1717510384.909665,
    "ar": 1717510401.1513882,
    "de": 1717510417.191074,
    "es-ES": 1717510433.066646,
    "es-MX": 1717510449.2839537,
    "fr": 1717510464.9377706,
    "it": 1717510481.2146428,
    "ja": 1717510498.515638,
    "ko": 1717510515.4933062,
    "pl": 1717510531.480814,
    "pt-BR": 1717510547.4400425,
    "ru": 1717510563.552626,
    "tr": 1717510579.5348046
}