{
    "en-US": 1722035678.6536238,
    "ar": 1722035693.7577288,
    "de": 1722035708.8512769,
    "es-ES": 1722035723.951846,
    "es-MX": 1722035739.068496,
    "fr": 1722035754.163263,
    "it": 1722035769.2745893,
    "ja": 1722035784.3675518,
    "ko": 1722035799.4565773,
    "pl": 1722035814.5476089,
    "pt-BR": 1722035829.6586149,
    "ru": 1722035844.9432921,
    "tr": 1722035860.055879
}