{
    "en-US": 1721963792.7625182,
    "ar": 1721963807.8583047,
    "de": 1721963822.966761,
    "es-ES": 1721963838.0665972,
    "es-MX": 1721963853.1808093,
    "fr": 1721963868.343932,
    "it": 1721963883.4722872,
    "ja": 1721963898.5633142,
    "ko": 1721963913.6657104,
    "pl": 1721963928.7493732,
    "pt-BR": 1721963943.8714,
    "ru": 1721963958.9677298,
    "tr": 1721963974.0895674
}