{
    "en-US": 1720556088.9629986,
    "ar": 1720556104.1277394,
    "de": 1720556119.3021376,
    "es-ES": 1720556134.53335,
    "es-MX": 1720556149.7223086,
    "fr": 1720556164.8844395,
    "it": 1720556180.0605347,
    "ja": 1720556195.2218657,
    "ko": 1720556210.3806236,
    "pl": 1720556225.5423012,
    "pt-BR": 1720556240.7322965,
    "ru": 1720556255.8930702,
    "tr": 1720556271.0466967
}