{
    "en-US": 1716228990.1075034,
    "ar": 1716229006.1477628,
    "de": 1716229021.9135182,
    "es-ES": 1716229037.4997213,
    "es-MX": 1716229053.4217167,
    "fr": 1716229069.0593097,
    "it": 1716229084.8275495,
    "ja": 1716229104.6394334,
    "ko": 1716229123.132887,
    "pl": 1716229138.5463116,
    "pt-BR": 1716229154.3399749,
    "ru": 1716229170.2167106,
    "tr": 1716229186.0155635
}