{
    "en-US": 1718835233.9143007,
    "ar": 1718835249.0600266,
    "de": 1718835264.212049,
    "es-ES": 1718835279.3316343,
    "es-MX": 1718835294.464409,
    "fr": 1718835309.5632524,
    "it": 1718835324.6949413,
    "ja": 1718835339.8097239,
    "ko": 1718835354.9183552,
    "pl": 1718835370.030832,
    "pt-BR": 1718835385.1582172,
    "ru": 1718835400.2596061,
    "tr": 1718835415.4142232
}