{
    "en-US": 1716052284.3524325,
    "ar": 1716052300.1647468,
    "de": 1716052315.8116283,
    "es-ES": 1716052331.4513676,
    "es-MX": 1716052346.8480384,
    "fr": 1716052362.2427435,
    "it": 1716052377.878021,
    "ja": 1716052394.8822916,
    "ko": 1716052411.87009,
    "pl": 1716052427.4873133,
    "pt-BR": 1716052443.1959836,
    "ru": 1716052458.6701283,
    "tr": 1716052474.3700535
}