{
    "en-US": 1715699733.412663,
    "ar": 1715699749.595614,
    "de": 1715699765.2735395,
    "es-ES": 1715699781.066523,
    "es-MX": 1715699796.9644735,
    "fr": 1715699812.3615687,
    "it": 1715699828.106987,
    "ja": 1715699846.2252011,
    "ko": 1715699863.8352535,
    "pl": 1715699879.5458903,
    "pt-BR": 1715699895.282828,
    "ru": 1715699911.0904686,
    "tr": 1715699926.9178498
}