{
    "en-US": 1713982522.3905125,
    "ar": 1713982538.5221858,
    "de": 1713982554.2062624,
    "es-ES": 1713982569.8640697,
    "es-MX": 1713982585.6447623,
    "fr": 1713982601.400539,
    "it": 1713982617.137478,
    "ja": 1713982634.7390273,
    "ko": 1713982651.7348824,
    "pl": 1713982667.525784,
    "pt-BR": 1713982683.2942681,
    "ru": 1713982698.9411445,
    "tr": 1713982714.551254
}