{
    "en-US": 1716635609.381013,
    "ar": 1716635625.154452,
    "de": 1716635640.471019,
    "es-ES": 1716635656.076995,
    "es-MX": 1716635671.8184705,
    "fr": 1716635687.2572827,
    "it": 1716635703.0025876,
    "ja": 1716635720.484366,
    "ko": 1716635737.457408,
    "pl": 1716635752.9351306,
    "pt-BR": 1716635768.635832,
    "ru": 1716635784.4244363,
    "tr": 1716635800.3986533
}