{
    "en-US": 1720745771.594776,
    "ar": 1720745786.6962147,
    "de": 1720745801.8040395,
    "es-ES": 1720745816.8929145,
    "es-MX": 1720745832.0255249,
    "fr": 1720745847.1147432,
    "it": 1720745862.2261417,
    "ja": 1720745877.3249834,
    "ko": 1720745892.424611,
    "pl": 1720745907.5366716,
    "pt-BR": 1720745922.6735327,
    "ru": 1720745937.7679262,
    "tr": 1720745952.8634548
}