{
    "en-US": 1714382039.9768305,
    "ar": 1714382056.1845033,
    "de": 1714382071.903536,
    "es-ES": 1714382087.520544,
    "es-MX": 1714382103.2378566,
    "fr": 1714382118.9689949,
    "it": 1714382134.7018523,
    "ja": 1714382152.4544566,
    "ko": 1714382169.9386525,
    "pl": 1714382185.681318,
    "pt-BR": 1714382201.4536333,
    "ru": 1714382217.5383387,
    "tr": 1714382233.518682
}