{
    "en-US": 1721632443.2749271,
    "ar": 1721632458.3799527,
    "de": 1721632473.4861963,
    "es-ES": 1721632488.580125,
    "es-MX": 1721632503.6949873,
    "fr": 1721632518.7839954,
    "it": 1721632533.901957,
    "ja": 1721632548.993859,
    "ko": 1721632564.1177328,
    "pl": 1721632579.2139573,
    "pt-BR": 1721632594.3142996,
    "ru": 1721632609.4219544,
    "tr": 1721632624.557804
}