{
    "en-US": 1717996442.4079502,
    "ar": 1717996458.6233642,
    "de": 1717996474.489865,
    "es-ES": 1717996489.6377227,
    "es-MX": 1717996504.7789605,
    "fr": 1717996519.8974774,
    "it": 1717996535.0260055,
    "ja": 1717996550.1515977,
    "ko": 1717996565.2964804,
    "pl": 1717996580.4122984,
    "pt-BR": 1717996595.5457473,
    "ru": 1717996610.6742742,
    "tr": 1717996625.8190374
}