{
    "en-US": 1719112468.1967547,
    "ar": 1719112484.5711977,
    "de": 1719112500.863794,
    "es-ES": 1719112516.7619622,
    "es-MX": 1719112531.9478214,
    "fr": 1719112547.1719022,
    "it": 1719112562.3524363,
    "ja": 1719112577.5241926,
    "ko": 1719112592.7043602,
    "pl": 1719112607.8896885,
    "pt-BR": 1719112623.0702553,
    "ru": 1719112638.2364862,
    "tr": 1719112653.4179912
}