{
    "en-US": 1715973110.353326,
    "ar": 1715973126.5706124,
    "de": 1715973141.9558673,
    "es-ES": 1715973157.6095526,
    "es-MX": 1715973173.2923424,
    "fr": 1715973188.7097037,
    "it": 1715973204.4137394,
    "ja": 1715973223.9861228,
    "ko": 1715973242.133202,
    "pl": 1715973257.9737241,
    "pt-BR": 1715973273.6273427,
    "ru": 1715973289.4618833,
    "tr": 1715973305.324199
}