{
    "en-US": 1721553297.0153024,
    "ar": 1721553312.1129348,
    "de": 1721553327.2127445,
    "es-ES": 1721553342.2930605,
    "es-MX": 1721553357.4017377,
    "fr": 1721553372.512229,
    "it": 1721553387.6110682,
    "ja": 1721553402.6959798,
    "ko": 1721553417.787644,
    "pl": 1721553432.8763306,
    "pt-BR": 1721553447.9851618,
    "ru": 1721553463.0836577,
    "tr": 1721553478.1801245
}