{
    "en-US": 1718485913.3315208,
    "ar": 1718485929.5050344,
    "de": 1718485945.233533,
    "es-ES": 1718485960.4213521,
    "es-MX": 1718485975.613373,
    "fr": 1718485990.7797835,
    "it": 1718486005.9552946,
    "ja": 1718486021.1221519,
    "ko": 1718486036.3492405,
    "pl": 1718486051.550457,
    "pt-BR": 1718486066.723479,
    "ru": 1718486081.8975046,
    "tr": 1718486097.0687864
}