{
    "en-US": 1718532851.084336,
    "ar": 1718532867.2710407,
    "de": 1718532883.2191775,
    "es-ES": 1718532898.3472922,
    "es-MX": 1718532913.5303123,
    "fr": 1718532928.63188,
    "it": 1718532943.7463112,
    "ja": 1718532958.8484674,
    "ko": 1718532973.965055,
    "pl": 1718532989.0714,
    "pt-BR": 1718533004.1835427,
    "ru": 1718533019.303543,
    "tr": 1718533034.4130106
}