{
    "en-US": 1716023644.0578182,
    "ar": 1716023660.2147088,
    "de": 1716023675.928659,
    "es-ES": 1716023691.6810153,
    "es-MX": 1716023707.4495568,
    "fr": 1716023723.0021195,
    "it": 1716023738.740244,
    "ja": 1716023756.3016593,
    "ko": 1716023773.2529695,
    "pl": 1716023789.0511258,
    "pt-BR": 1716023804.8085604,
    "ru": 1716023820.390825,
    "tr": 1716023836.2285712
}