{
    "en-US": 1718914520.897118,
    "ar": 1718914537.1033843,
    "de": 1718914552.5043213,
    "es-ES": 1718914567.627446,
    "es-MX": 1718914582.758011,
    "fr": 1718914597.8501337,
    "it": 1718914612.9592466,
    "ja": 1718914628.058774,
    "ko": 1718914643.1826527,
    "pl": 1718914658.276223,
    "pt-BR": 1718914673.4029465,
    "ru": 1718914688.50534,
    "tr": 1718914703.6226687
}