{
    "en-US": 1718630206.4619868,
    "ar": 1718630222.913116,
    "de": 1718630238.7274961,
    "es-ES": 1718630253.9068573,
    "es-MX": 1718630269.1282892,
    "fr": 1718630284.3017185,
    "it": 1718630299.4671934,
    "ja": 1718630314.653611,
    "ko": 1718630329.8524163,
    "pl": 1718630345.0147955,
    "pt-BR": 1718630360.1750355,
    "ru": 1718630375.3555486,
    "tr": 1718630390.516639
}