{
    "en-US": 1715076849.300142,
    "ar": 1715076865.4824467,
    "de": 1715076880.835754,
    "es-ES": 1715076896.1742697,
    "es-MX": 1715076911.7697735,
    "fr": 1715076927.1768866,
    "it": 1715076942.8453302,
    "ja": 1715076960.5466323,
    "ko": 1715076978.0404608,
    "pl": 1715076993.6700616,
    "pt-BR": 1715077009.3209887,
    "ru": 1715077025.1803434,
    "tr": 1715077040.8439167
}