{
    "en-US": 1718585859.418768,
    "ar": 1718585874.5518317,
    "de": 1718585889.7281106,
    "es-ES": 1718585904.821078,
    "es-MX": 1718585919.9393554,
    "fr": 1718585935.0430987,
    "it": 1718585950.1692522,
    "ja": 1718585965.2663982,
    "ko": 1718585980.3728006,
    "pl": 1718585995.4648492,
    "pt-BR": 1718586010.578168,
    "ru": 1718586025.6813004,
    "tr": 1718586040.8240864
}