{
    "en-US": 1717769664.6310914,
    "ar": 1717769680.9287,
    "de": 1717769697.0406282,
    "es-ES": 1717769712.5800467,
    "es-MX": 1717769727.77787,
    "fr": 1717769742.9513488,
    "it": 1717769758.1381648,
    "ja": 1717769773.327302,
    "ko": 1717769788.501408,
    "pl": 1717769803.6894298,
    "pt-BR": 1717769818.8809128,
    "ru": 1717769834.0479774,
    "tr": 1717769849.2221127
}