{
    "en-US": 1714806735.7369003,
    "ar": 1714806751.9442697,
    "de": 1714806767.5994422,
    "es-ES": 1714806783.2539687,
    "es-MX": 1714806798.9868379,
    "fr": 1714806814.7198663,
    "it": 1714806830.271961,
    "ja": 1714806847.7868276,
    "ko": 1714806864.782575,
    "pl": 1714806880.5638769,
    "pt-BR": 1714806896.2870233,
    "ru": 1714806912.1049154,
    "tr": 1714806928.0804586
}