{
    "en-US": 1713680146.2721965,
    "ar": 1713680162.5012124,
    "de": 1713680178.1770864,
    "es-ES": 1713680193.8043773,
    "es-MX": 1713680209.4935048,
    "fr": 1713680225.2306457,
    "it": 1713680240.9501595,
    "ja": 1713680257.4127977,
    "ko": 1713680273.7333024,
    "pl": 1713680289.813892,
    "pt-BR": 1713680305.5824213,
    "ru": 1713680321.4065862,
    "tr": 1713680337.2499456
}