{
    "en-US": 1720974354.3282962,
    "ar": 1720974369.4477272,
    "de": 1720974384.5855494,
    "es-ES": 1720974399.6828022,
    "es-MX": 1720974414.8155386,
    "fr": 1720974429.9177547,
    "it": 1720974445.0328238,
    "ja": 1720974460.1270025,
    "ko": 1720974475.2379284,
    "pl": 1720974490.3430843,
    "pt-BR": 1720974505.4676726,
    "ru": 1720974520.565446,
    "tr": 1720974535.6657398
}