{
    "en-US": 1721181819.2937717,
    "ar": 1721181834.4103308,
    "de": 1721181849.5215807,
    "es-ES": 1721181864.6189194,
    "es-MX": 1721181879.725954,
    "fr": 1721181894.8396595,
    "it": 1721181910.016902,
    "ja": 1721181925.1246233,
    "ko": 1721181940.2312403,
    "pl": 1721181955.3286645,
    "pt-BR": 1721181970.4368718,
    "ru": 1721181985.5377507,
    "tr": 1721182000.6642976
}