{
    "en-US": 1714561832.6580987,
    "ar": 1714561848.862707,
    "de": 1714561864.6013148,
    "es-ES": 1714561880.0746362,
    "es-MX": 1714561895.801441,
    "fr": 1714561911.5362053,
    "it": 1714561927.2791295,
    "ja": 1714561944.9533453,
    "ko": 1714561962.1589043,
    "pl": 1714561977.8787549,
    "pt-BR": 1714561993.6094475,
    "ru": 1714562009.693488,
    "tr": 1714562025.504397
}