{
    "en-US": 1719238406.6924255,
    "ar": 1719238425.265485,
    "de": 1719238440.7598877,
    "es-ES": 1719238455.9027188,
    "es-MX": 1719238471.090396,
    "fr": 1719238486.2353337,
    "it": 1719238501.3890555,
    "ja": 1719238516.505874,
    "ko": 1719238531.657572,
    "pl": 1719238546.8244238,
    "pt-BR": 1719238561.9530153,
    "ru": 1719238577.0702162,
    "tr": 1719238592.2462742
}