{
    "en-US": 1719126871.1319454,
    "ar": 1719126886.2645242,
    "de": 1719126901.4175932,
    "es-ES": 1719126916.5115855,
    "es-MX": 1719126931.6199715,
    "fr": 1719126946.7257051,
    "it": 1719126961.8555787,
    "ja": 1719126976.957568,
    "ko": 1719126992.0583713,
    "pl": 1719127007.1625903,
    "pt-BR": 1719127022.2885044,
    "ru": 1719127037.3915598,
    "tr": 1719127052.519698
}