{
    "en-US": 1720249944.4528494,
    "ar": 1720249959.6302972,
    "de": 1720249974.8055027,
    "es-ES": 1720249989.966582,
    "es-MX": 1720250005.1670897,
    "fr": 1720250020.3387117,
    "it": 1720250035.5150757,
    "ja": 1720250050.6827326,
    "ko": 1720250065.8556256,
    "pl": 1720250081.0541594,
    "pt-BR": 1720250096.260565,
    "ru": 1720250111.5981333,
    "tr": 1720250126.768622
}