{
    "en-US": 1718619373.1088748,
    "ar": 1718619389.269167,
    "de": 1718619404.9469578,
    "es-ES": 1718619420.0879335,
    "es-MX": 1718619435.2219758,
    "fr": 1718619450.319743,
    "it": 1718619465.4357967,
    "ja": 1718619480.5446682,
    "ko": 1718619495.6659086,
    "pl": 1718619510.7641737,
    "pt-BR": 1718619525.8794293,
    "ru": 1718619540.9780202,
    "tr": 1718619556.090281
}