{
    "en-US": 1721449096.5924559,
    "ar": 1721449111.7596333,
    "de": 1721449126.9487245,
    "es-ES": 1721449142.120967,
    "es-MX": 1721449157.3199356,
    "fr": 1721449172.4781752,
    "it": 1721449187.6565871,
    "ja": 1721449202.8088489,
    "ko": 1721449217.9628642,
    "pl": 1721449233.1181622,
    "pt-BR": 1721449248.3910868,
    "ru": 1721449263.5939548,
    "tr": 1721449278.7939932
}