{
    "en-US": 1718302662.7972507,
    "ar": 1718302678.0108805,
    "de": 1718302693.2372382,
    "es-ES": 1718302708.401633,
    "es-MX": 1718302723.5742638,
    "fr": 1718302738.7511919,
    "it": 1718302753.9518907,
    "ja": 1718302769.1170359,
    "ko": 1718302784.299204,
    "pl": 1718302799.4656668,
    "pt-BR": 1718302814.6463187,
    "ru": 1718302829.8301642,
    "tr": 1718302845.0232017
}