{
    "en-US": 1717949669.6161127,
    "ar": 1717949685.826116,
    "de": 1717949702.1869557,
    "es-ES": 1717949717.3794985,
    "es-MX": 1717949732.5589552,
    "fr": 1717949747.7230191,
    "it": 1717949762.916828,
    "ja": 1717949778.090292,
    "ko": 1717949793.2859354,
    "pl": 1717949808.4469664,
    "pt-BR": 1717949823.6286697,
    "ru": 1717949838.797931,
    "tr": 1717949853.9777696
}