{
    "en-US": 1719612754.2445939,
    "ar": 1719612769.3586109,
    "de": 1719612784.497882,
    "es-ES": 1719612799.6101465,
    "es-MX": 1719612814.7343855,
    "fr": 1719612829.8602507,
    "it": 1719612845.0067773,
    "ja": 1719612860.1262298,
    "ko": 1719612875.2377431,
    "pl": 1719612890.3459408,
    "pt-BR": 1719612905.5048456,
    "ru": 1719612920.621954,
    "tr": 1719612935.7924023
}