{
    "en-US": 1721812462.446014,
    "ar": 1721812477.6992362,
    "de": 1721812492.8664446,
    "es-ES": 1721812508.0185332,
    "es-MX": 1721812523.2054863,
    "fr": 1721812538.3515074,
    "it": 1721812553.5182676,
    "ja": 1721812568.6730347,
    "ko": 1721812583.8324044,
    "pl": 1721812599.072008,
    "pt-BR": 1721812614.2478004,
    "ru": 1721812629.3986125,
    "tr": 1721812644.6365745
}