{
    "en-US": 1714134159.6323252,
    "ar": 1714134175.8740418,
    "de": 1714134191.4564538,
    "es-ES": 1714134206.9846303,
    "es-MX": 1714134222.6631954,
    "fr": 1714134238.0905397,
    "it": 1714134253.6469197,
    "ja": 1714134272.4113822,
    "ko": 1714134290.012037,
    "pl": 1714134305.8732388,
    "pt-BR": 1714134321.5241578,
    "ru": 1714134338.6428378,
    "tr": 1714134354.6002984
}