{
    "en-US": 1721513639.9184382,
    "ar": 1721513655.099845,
    "de": 1721513670.2789643,
    "es-ES": 1721513685.4395993,
    "es-MX": 1721513700.6547928,
    "fr": 1721513715.8337097,
    "it": 1721513731.0173638,
    "ja": 1721513746.174303,
    "ko": 1721513761.3358614,
    "pl": 1721513776.497045,
    "pt-BR": 1721513791.6782222,
    "ru": 1721513806.836921,
    "tr": 1721513822.0121326
}