{
    "en-US": 1714911604.4081733,
    "ar": 1714911620.659976,
    "de": 1714911636.350109,
    "es-ES": 1714911652.0886445,
    "es-MX": 1714911667.8566585,
    "fr": 1714911683.6197217,
    "it": 1714911699.370295,
    "ja": 1714911717.1121347,
    "ko": 1714911734.121349,
    "pl": 1714911749.830709,
    "pt-BR": 1714911765.5995288,
    "ru": 1714911781.2201715,
    "tr": 1714911797.2486827
}