{
    "en-US": 1717635256.7174578,
    "ar": 1717635273.0320876,
    "de": 1717635289.083671,
    "es-ES": 1717635305.0530171,
    "es-MX": 1717635321.3211262,
    "fr": 1717635336.5228007,
    "it": 1717635351.7079165,
    "ja": 1717635366.8829513,
    "ko": 1717635382.0740232,
    "pl": 1717635397.2584097,
    "pt-BR": 1717635412.4597816,
    "ru": 1717635427.629492,
    "tr": 1717635442.8138795
}