{
    "en-US": 1721135596.1143885,
    "ar": 1721135611.287978,
    "de": 1721135626.4481204,
    "es-ES": 1721135641.5982764,
    "es-MX": 1721135656.7869487,
    "fr": 1721135671.9375434,
    "it": 1721135687.1056886,
    "ja": 1721135702.2684033,
    "ko": 1721135717.4243186,
    "pl": 1721135732.5840516,
    "pt-BR": 1721135747.7645266,
    "ru": 1721135762.9293318,
    "tr": 1721135778.0934691
}