{
    "en-US": 1722244556.0059533,
    "ar": 1722244571.1816938,
    "de": 1722244586.349792,
    "es-ES": 1722244601.5248828,
    "es-MX": 1722244616.6951203,
    "fr": 1722244631.851206,
    "it": 1722244647.0193565,
    "ja": 1722244662.1709375,
    "ko": 1722244677.3353503,
    "pl": 1722244692.509276,
    "pt-BR": 1722244707.675801,
    "ru": 1722244722.8267016,
    "tr": 1722244737.9780767
}