{
    "en-US": 1713683549.2921665,
    "ar": 1713683565.6151826,
    "de": 1713683581.300495,
    "es-ES": 1713683596.9305334,
    "es-MX": 1713683612.671979,
    "fr": 1713683628.3645566,
    "it": 1713683643.9955027,
    "ja": 1713683661.6178813,
    "ko": 1713683678.8186376,
    "pl": 1713683694.5539646,
    "pt-BR": 1713683710.3104954,
    "ru": 1713683726.5273979,
    "tr": 1713683742.268216
}