{
    "en-US": 1717679724.8237736,
    "ar": 1717679741.0635717,
    "de": 1717679757.157729,
    "es-ES": 1717679772.3533716,
    "es-MX": 1717679787.5240033,
    "fr": 1717679802.6852748,
    "it": 1717679817.8629339,
    "ja": 1717679833.0276837,
    "ko": 1717679848.205187,
    "pl": 1717679863.3662121,
    "pt-BR": 1717679878.5462513,
    "ru": 1717679893.709671,
    "tr": 1717679908.88173
}