{
    "en-US": 1714335208.264067,
    "ar": 1714335224.2766697,
    "de": 1714335239.816583,
    "es-ES": 1714335255.3610291,
    "es-MX": 1714335271.031713,
    "fr": 1714335286.536938,
    "it": 1714335301.9892242,
    "ja": 1714335319.538196,
    "ko": 1714335336.5480342,
    "pl": 1714335352.1750555,
    "pt-BR": 1714335367.7364378,
    "ru": 1714335383.5847394,
    "tr": 1714335399.239085
}