{
    "en-US": 1718198293.3046672,
    "ar": 1718198308.465,
    "de": 1718198323.633157,
    "es-ES": 1718198338.7494082,
    "es-MX": 1718198353.878364,
    "fr": 1718198368.9868727,
    "it": 1718198384.130129,
    "ja": 1718198399.2589624,
    "ko": 1718198414.370207,
    "pl": 1718198429.4831169,
    "pt-BR": 1718198444.614884,
    "ru": 1718198459.7286243,
    "tr": 1718198474.869215
}