{
    "en-US": 1718795570.8981931,
    "ar": 1718795587.1244023,
    "de": 1718795602.8609796,
    "es-ES": 1718795617.9948084,
    "es-MX": 1718795633.1135979,
    "fr": 1718795648.2161784,
    "it": 1718795663.357053,
    "ja": 1718795678.4724092,
    "ko": 1718795693.6051977,
    "pl": 1718795708.7111707,
    "pt-BR": 1718795723.8202088,
    "ru": 1718795738.9216821,
    "tr": 1718795754.0428011
}