{
    "en-US": 1721704565.762799,
    "ar": 1721704580.9321353,
    "de": 1721704596.1089585,
    "es-ES": 1721704611.2722008,
    "es-MX": 1721704626.4522693,
    "fr": 1721704641.6210518,
    "it": 1721704656.7861652,
    "ja": 1721704671.9457393,
    "ko": 1721704687.112905,
    "pl": 1721704702.279678,
    "pt-BR": 1721704717.4686394,
    "ru": 1721704732.637513,
    "tr": 1721704747.7998245
}