{
    "en-US": 1713899491.8729084,
    "ar": 1713899507.097024,
    "de": 1713899522.3165135,
    "es-ES": 1713899537.5572188,
    "es-MX": 1713899552.764528,
    "fr": 1713899567.9631538,
    "it": 1713899583.1922853,
    "ja": 1713899598.4135551,
    "ko": 1713899613.625364,
    "pl": 1713899628.8205621,
    "pt-BR": 1713899644.0587673,
    "ru": 1713899659.2562323,
    "tr": 1713899674.4945395
}