{
    "en-US": 1718589790.3451226,
    "ar": 1718589805.499073,
    "de": 1718589820.627449,
    "es-ES": 1718589835.7329128,
    "es-MX": 1718589850.854092,
    "fr": 1718589865.9722023,
    "it": 1718589881.1185179,
    "ja": 1718589896.2256324,
    "ko": 1718589911.3523366,
    "pl": 1718589926.4648564,
    "pt-BR": 1718589941.589741,
    "ru": 1718589956.6902885,
    "tr": 1718589971.8359754
}