{
    "en-US": 1718536332.7577147,
    "ar": 1718536348.8087325,
    "de": 1718536364.191022,
    "es-ES": 1718536379.3138173,
    "es-MX": 1718536394.445885,
    "fr": 1718536409.533837,
    "it": 1718536424.6438372,
    "ja": 1718536439.7364604,
    "ko": 1718536454.8327599,
    "pl": 1718536469.9259722,
    "pt-BR": 1718536485.0505419,
    "ru": 1718536500.1525989,
    "tr": 1718536515.2528627
}