{
    "en-US": 1717611452.3218868,
    "ar": 1717611468.2307239,
    "de": 1717611483.989902,
    "es-ES": 1717611499.1207793,
    "es-MX": 1717611514.3292842,
    "fr": 1717611529.4419703,
    "it": 1717611544.5711114,
    "ja": 1717611559.6871772,
    "ko": 1717611574.8341067,
    "pl": 1717611589.9381762,
    "pt-BR": 1717611605.0661552,
    "ru": 1717611620.1784666,
    "tr": 1717611635.3170376
}