{
    "en-US": 1714248702.0916398,
    "ar": 1714248718.5252354,
    "de": 1714248734.2470515,
    "es-ES": 1714248750.0243287,
    "es-MX": 1714248765.7505248,
    "fr": 1714248781.667273,
    "it": 1714248797.3404846,
    "ja": 1714248813.8742895,
    "ko": 1714248830.3390439,
    "pl": 1714248846.447743,
    "pt-BR": 1714248862.1274874,
    "ru": 1714248877.8791513,
    "tr": 1714248893.6367502
}