{
    "en-US": 1718363506.928444,
    "ar": 1718363523.1250753,
    "de": 1718363538.5980859,
    "es-ES": 1718363553.7307446,
    "es-MX": 1718363568.889884,
    "fr": 1718363584.0078294,
    "it": 1718363599.1394048,
    "ja": 1718363614.2542307,
    "ko": 1718363629.3809307,
    "pl": 1718363644.4927528,
    "pt-BR": 1718363659.602865,
    "ru": 1718363674.703135,
    "tr": 1718363689.8301861
}