{
    "en-US": 1721168055.3448856,
    "ar": 1721168070.457265,
    "de": 1721168085.5707834,
    "es-ES": 1721168100.665192,
    "es-MX": 1721168115.7849479,
    "fr": 1721168130.8800762,
    "it": 1721168146.0232036,
    "ja": 1721168161.1226165,
    "ko": 1721168176.2186868,
    "pl": 1721168191.3153217,
    "pt-BR": 1721168206.442556,
    "ru": 1721168221.5451708,
    "tr": 1721168236.7217896
}