{
    "en-US": 1715109071.5261555,
    "ar": 1715109087.8951735,
    "de": 1715109103.4023354,
    "es-ES": 1715109119.214791,
    "es-MX": 1715109135.0490673,
    "fr": 1715109150.6418297,
    "it": 1715109166.3940518,
    "ja": 1715109184.333494,
    "ko": 1715109201.462401,
    "pl": 1715109217.291293,
    "pt-BR": 1715109233.197189,
    "ru": 1715109249.4688249,
    "tr": 1715109265.56541
}