{
    "en-US": 1719947576.2040598,
    "ar": 1719947591.3772106,
    "de": 1719947606.5588732,
    "es-ES": 1719947621.7346504,
    "es-MX": 1719947636.8967657,
    "fr": 1719947652.093042,
    "it": 1719947667.272827,
    "ja": 1719947682.4371498,
    "ko": 1719947697.601425,
    "pl": 1719947712.763602,
    "pt-BR": 1719947727.9396029,
    "ru": 1719947743.1197789,
    "tr": 1719947758.2820525
}