{
    "en-US": 1714893111.055816,
    "ar": 1714893127.20407,
    "de": 1714893142.7432184,
    "es-ES": 1714893158.289445,
    "es-MX": 1714893173.8793232,
    "fr": 1714893189.4371483,
    "it": 1714893204.8465164,
    "ja": 1714893223.0223963,
    "ko": 1714893240.7696662,
    "pl": 1714893256.4617884,
    "pt-BR": 1714893272.0613267,
    "ru": 1714893287.7607682,
    "tr": 1714893303.2615354
}