{
    "en-US": 1715425806.5487573,
    "ar": 1715425822.7910378,
    "de": 1715425838.2979534,
    "es-ES": 1715425853.9686236,
    "es-MX": 1715425869.7683907,
    "fr": 1715425885.3355129,
    "it": 1715425901.105917,
    "ja": 1715425919.1122277,
    "ko": 1715425936.2395544,
    "pl": 1715425951.999696,
    "pt-BR": 1715425967.835697,
    "ru": 1715425983.500858,
    "tr": 1715425999.126525
}