{
    "en-US": 1718262815.943666,
    "ar": 1718262832.2548265,
    "de": 1718262847.9313538,
    "es-ES": 1718262863.066404,
    "es-MX": 1718262878.1805289,
    "fr": 1718262893.2915032,
    "it": 1718262908.3988085,
    "ja": 1718262923.494621,
    "ko": 1718262938.6243932,
    "pl": 1718262953.721642,
    "pt-BR": 1718262968.8361003,
    "ru": 1718262983.939922,
    "tr": 1718262999.0505261
}