{
    "en-US": 1718471577.830344,
    "ar": 1718471594.0742123,
    "de": 1718471610.144623,
    "es-ES": 1718471626.1976826,
    "es-MX": 1718471641.397887,
    "fr": 1718471656.5649953,
    "it": 1718471671.7502875,
    "ja": 1718471686.918769,
    "ko": 1718471702.099711,
    "pl": 1718471717.2861419,
    "pt-BR": 1718471732.4626718,
    "ru": 1718471747.6244836,
    "tr": 1718471762.8138022
}