{
    "en-US": 1721250829.6665833,
    "ar": 1721250844.7797487,
    "de": 1721250859.8901772,
    "es-ES": 1721250875.01142,
    "es-MX": 1721250890.2488217,
    "fr": 1721250905.3626506,
    "it": 1721250920.5134752,
    "ja": 1721250935.623045,
    "ko": 1721250950.7231278,
    "pl": 1721250965.8260062,
    "pt-BR": 1721250980.9583817,
    "ru": 1721250996.0513995,
    "tr": 1721251011.1525266
}