{
    "en-US": 1715145147.441469,
    "ar": 1715145163.4492748,
    "de": 1715145179.1386497,
    "es-ES": 1715145194.816077,
    "es-MX": 1715145210.3853061,
    "fr": 1715145226.3571665,
    "it": 1715145242.1363153,
    "ja": 1715145258.4272983,
    "ko": 1715145274.7214465,
    "pl": 1715145290.4888587,
    "pt-BR": 1715145306.2491574,
    "ru": 1715145322.0483158,
    "tr": 1715145337.83034
}