{
    "en-US": 1714047494.937035,
    "ar": 1714047511.1782188,
    "de": 1714047526.9006336,
    "es-ES": 1714047542.600387,
    "es-MX": 1714047558.3645387,
    "fr": 1714047574.1280074,
    "it": 1714047589.9721932,
    "ja": 1714047607.2817183,
    "ko": 1714047624.3976192,
    "pl": 1714047640.2272222,
    "pt-BR": 1714047655.987023,
    "ru": 1714047672.0378046,
    "tr": 1714047688.0053327
}