{
    "en-US": 1714731215.8771374,
    "ar": 1714731232.1443603,
    "de": 1714731247.9754024,
    "es-ES": 1714731263.6836421,
    "es-MX": 1714731279.3956509,
    "fr": 1714731295.0915325,
    "it": 1714731310.7534935,
    "ja": 1714731328.4465828,
    "ko": 1714731345.5107713,
    "pl": 1714731361.0558934,
    "pt-BR": 1714731376.79518,
    "ru": 1714731392.5779846,
    "tr": 1714731408.3795984
}