{
    "en-US": 1718709215.1514134,
    "ar": 1718709231.2845445,
    "de": 1718709247.0111477,
    "es-ES": 1718709262.1733139,
    "es-MX": 1718709277.2884195,
    "fr": 1718709292.4456892,
    "it": 1718709307.5827758,
    "ja": 1718709322.686397,
    "ko": 1718709337.7954788,
    "pl": 1718709352.935186,
    "pt-BR": 1718709368.1013155,
    "ru": 1718709383.194119,
    "tr": 1718709398.4665394
}