{
    "en-US": 1715479105.2256458,
    "ar": 1715479121.4420912,
    "de": 1715479137.4460776,
    "es-ES": 1715479152.6822543,
    "es-MX": 1715479167.86534,
    "fr": 1715479183.8272212,
    "it": 1715479199.5548465,
    "ja": 1715479217.8778758,
    "ko": 1715479233.0910726,
    "pl": 1715479248.3066304,
    "pt-BR": 1715479264.3300052,
    "ru": 1715479280.189561,
    "tr": 1715479296.0041983
}