{
    "en-US": 1721747755.3906944,
    "ar": 1721747770.5215425,
    "de": 1721747785.6550229,
    "es-ES": 1721747800.75982,
    "es-MX": 1721747815.8821228,
    "fr": 1721747830.974079,
    "it": 1721747846.1293263,
    "ja": 1721747861.2356904,
    "ko": 1721747876.3581953,
    "pl": 1721747891.450662,
    "pt-BR": 1721747906.5833535,
    "ru": 1721747921.699217,
    "tr": 1721747936.8361807
}