{
    "en-US": 1719483322.6890569,
    "ar": 1719483337.8070889,
    "de": 1719483352.9234896,
    "es-ES": 1719483368.0348818,
    "es-MX": 1719483383.179591,
    "fr": 1719483398.2862206,
    "it": 1719483413.4295993,
    "ja": 1719483428.5420158,
    "ko": 1719483443.6522365,
    "pl": 1719483458.7684526,
    "pt-BR": 1719483473.9054163,
    "ru": 1719483489.0086439,
    "tr": 1719483504.1184375
}