{
    "en-US": 1719951420.7889516,
    "ar": 1719951435.9668074,
    "de": 1719951451.1435404,
    "es-ES": 1719951466.3157117,
    "es-MX": 1719951481.5047164,
    "fr": 1719951496.6818922,
    "it": 1719951511.891033,
    "ja": 1719951527.0635283,
    "ko": 1719951542.2324896,
    "pl": 1719951557.3943026,
    "pt-BR": 1719951572.5704405,
    "ru": 1719951587.737843,
    "tr": 1719951602.9279222
}