{
    "en-US": 1722003186.3768418,
    "ar": 1722003201.5271127,
    "de": 1722003216.6546676,
    "es-ES": 1722003231.756666,
    "es-MX": 1722003246.8771732,
    "fr": 1722003261.9975245,
    "it": 1722003277.129108,
    "ja": 1722003292.224811,
    "ko": 1722003307.3256588,
    "pl": 1722003322.4161353,
    "pt-BR": 1722003337.5601037,
    "ru": 1722003352.6691024,
    "tr": 1722003367.788971
}