{
    "en-US": 1718007476.7621036,
    "ar": 1718007492.9027653,
    "de": 1718007508.5705886,
    "es-ES": 1718007523.7251267,
    "es-MX": 1718007538.8583944,
    "fr": 1718007553.9703035,
    "it": 1718007569.094782,
    "ja": 1718007584.2009337,
    "ko": 1718007599.3319705,
    "pl": 1718007614.4344034,
    "pt-BR": 1718007629.5597782,
    "ru": 1718007644.6663,
    "tr": 1718007659.7868853
}