{
    "en-US": 1722028422.0230398,
    "ar": 1722028437.187362,
    "de": 1722028452.3626032,
    "es-ES": 1722028467.5293534,
    "es-MX": 1722028482.7031558,
    "fr": 1722028497.8564484,
    "it": 1722028513.0290072,
    "ja": 1722028528.1824062,
    "ko": 1722028543.3398952,
    "pl": 1722028558.502255,
    "pt-BR": 1722028573.6963508,
    "ru": 1722028588.859036,
    "tr": 1722028604.0328279
}