{
    "en-US": 1719649006.750609,
    "ar": 1719649021.927371,
    "de": 1719649037.102666,
    "es-ES": 1719649052.2687562,
    "es-MX": 1719649067.4430523,
    "fr": 1719649082.6064794,
    "it": 1719649097.7983599,
    "ja": 1719649112.95772,
    "ko": 1719649128.124319,
    "pl": 1719649143.2894113,
    "pt-BR": 1719649158.4667265,
    "ru": 1719649173.6312788,
    "tr": 1719649188.8109891
}