{
    "en-US": 1717960340.5371757,
    "ar": 1717960356.6217976,
    "de": 1717960372.2894902,
    "es-ES": 1717960387.4215448,
    "es-MX": 1717960402.566562,
    "fr": 1717960417.6696901,
    "it": 1717960432.7954354,
    "ja": 1717960447.9025958,
    "ko": 1717960463.0556142,
    "pl": 1717960478.1554112,
    "pt-BR": 1717960493.2845445,
    "ru": 1717960508.3997533,
    "tr": 1717960523.5164564
}