{
    "en-US": 1714021913.063901,
    "ar": 1714021929.0226722,
    "de": 1714021944.6843617,
    "es-ES": 1714021960.3238595,
    "es-MX": 1714021976.017506,
    "fr": 1714021991.7267013,
    "it": 1714022007.4222069,
    "ja": 1714022023.8567457,
    "ko": 1714022040.118178,
    "pl": 1714022055.8442647,
    "pt-BR": 1714022071.8028557,
    "ru": 1714022087.8172169,
    "tr": 1714022103.5689628
}