{
    "en-US": 1721283533.2845407,
    "ar": 1721283548.4339356,
    "de": 1721283563.5418177,
    "es-ES": 1721283578.6292808,
    "es-MX": 1721283593.749416,
    "fr": 1721283608.8287723,
    "it": 1721283623.9483325,
    "ja": 1721283639.0397644,
    "ko": 1721283654.1374025,
    "pl": 1721283669.2246306,
    "pt-BR": 1721283684.3548355,
    "ru": 1721283699.4515688,
    "tr": 1721283714.5450852
}