{
    "en-US": 1719004490.7389474,
    "ar": 1719004507.2002625,
    "de": 1719004523.4546092,
    "es-ES": 1719004538.647553,
    "es-MX": 1719004553.855848,
    "fr": 1719004569.0114276,
    "it": 1719004584.1878822,
    "ja": 1719004599.3542707,
    "ko": 1719004614.5461974,
    "pl": 1719004629.711246,
    "pt-BR": 1719004644.8892908,
    "ru": 1719004660.0534155,
    "tr": 1719004675.2290819
}