{
    "en-US": 1719371790.7858515,
    "ar": 1719371805.9195964,
    "de": 1719371821.0459702,
    "es-ES": 1719371836.1434174,
    "es-MX": 1719371851.275706,
    "fr": 1719371866.3785164,
    "it": 1719371881.516983,
    "ja": 1719371896.621924,
    "ko": 1719371911.7369647,
    "pl": 1719371926.851899,
    "pt-BR": 1719371941.9900987,
    "ru": 1719371957.0943825,
    "tr": 1719371972.2398946
}