{
    "en-US": 1713666228.25114,
    "ar": 1713666245.1035395,
    "de": 1713666261.1182024,
    "es-ES": 1713666276.763215,
    "es-MX": 1713666292.412799,
    "fr": 1713666308.122425,
    "it": 1713666324.0051832,
    "ja": 1713666340.5760705,
    "ko": 1713666356.7775326,
    "pl": 1713666372.5117476,
    "pt-BR": 1713666388.2053952,
    "ru": 1713666403.778005,
    "tr": 1713666419.5062761
}