{
    "en-US": 1716189228.8031988,
    "ar": 1716189244.77883,
    "de": 1716189260.3476105,
    "es-ES": 1716189275.9285202,
    "es-MX": 1716189291.5372927,
    "fr": 1716189307.2032955,
    "it": 1716189322.8392596,
    "ja": 1716189340.7116714,
    "ko": 1716189357.7534492,
    "pl": 1716189373.2999818,
    "pt-BR": 1716189388.947389,
    "ru": 1716189404.4190753,
    "tr": 1716189420.0907423
}