{
    "en-US": 1713878021.8027763,
    "ar": 1713878037.8974729,
    "de": 1713878053.2817454,
    "es-ES": 1713878068.8428833,
    "es-MX": 1713878084.2885897,
    "fr": 1713878099.9118173,
    "it": 1713878115.556106,
    "ja": 1713878133.5793111,
    "ko": 1713878150.6316473,
    "pl": 1713878166.3062987,
    "pt-BR": 1713878181.9632034,
    "ru": 1713878197.4430916,
    "tr": 1713878213.1263576
}