{
    "en-US": 1720765129.9027386,
    "ar": 1720765145.069427,
    "de": 1720765160.2430124,
    "es-ES": 1720765175.407931,
    "es-MX": 1720765190.5825024,
    "fr": 1720765205.7442048,
    "it": 1720765220.9177053,
    "ja": 1720765236.0809472,
    "ko": 1720765251.2450464,
    "pl": 1720765266.4092677,
    "pt-BR": 1720765281.6000912,
    "ru": 1720765296.7608533,
    "tr": 1720765311.9223297
}