{
    "en-US": 1718367782.0520298,
    "ar": 1718367798.3303094,
    "de": 1718367814.1984844,
    "es-ES": 1718367829.3935263,
    "es-MX": 1718367844.5839434,
    "fr": 1718367859.7519436,
    "it": 1718367874.9304008,
    "ja": 1718367890.095371,
    "ko": 1718367905.2945268,
    "pl": 1718367920.4645529,
    "pt-BR": 1718367935.6546009,
    "ru": 1718367950.8253458,
    "tr": 1718367965.9971497
}