{
    "en-US": 1722097004.5040302,
    "ar": 1722097019.610788,
    "de": 1722097034.7217216,
    "es-ES": 1722097049.809046,
    "es-MX": 1722097064.9218996,
    "fr": 1722097080.0164418,
    "it": 1722097095.1393285,
    "ja": 1722097110.228046,
    "ko": 1722097125.324931,
    "pl": 1722097140.4170227,
    "pt-BR": 1722097155.5334423,
    "ru": 1722097170.6263068,
    "tr": 1722097185.7442741
}