{
    "en-US": 1722132701.8760176,
    "ar": 1722132716.9753506,
    "de": 1722132732.0812788,
    "es-ES": 1722132747.1654205,
    "es-MX": 1722132762.2751145,
    "fr": 1722132777.374717,
    "it": 1722132792.4928138,
    "ja": 1722132807.5754175,
    "ko": 1722132822.6664233,
    "pl": 1722132837.7629812,
    "pt-BR": 1722132852.8602586,
    "ru": 1722132867.9601414,
    "tr": 1722132883.10316
}