{
    "en-US": 1718284605.494109,
    "ar": 1718284622.0235107,
    "de": 1718284637.884372,
    "es-ES": 1718284653.0163531,
    "es-MX": 1718284668.2953758,
    "fr": 1718284683.4100392,
    "it": 1718284698.5309997,
    "ja": 1718284713.638737,
    "ko": 1718284728.794328,
    "pl": 1718284743.902603,
    "pt-BR": 1718284759.0149345,
    "ru": 1718284774.1445894,
    "tr": 1718284789.269161
}