{
    "en-US": 1720422873.2363203,
    "ar": 1720422888.4121337,
    "de": 1720422903.6048653,
    "es-ES": 1720422918.766847,
    "es-MX": 1720422933.9442773,
    "fr": 1720422949.103849,
    "it": 1720422964.281089,
    "ja": 1720422979.442055,
    "ko": 1720422994.647181,
    "pl": 1720423009.8184123,
    "pt-BR": 1720423024.9903412,
    "ru": 1720423040.1538358,
    "tr": 1720423055.31773
}