{
    "en-US": 1714968937.4238348,
    "ar": 1714968952.615661,
    "de": 1714968967.8479214,
    "es-ES": 1714968982.9750888,
    "es-MX": 1714968998.126546,
    "fr": 1714969013.2785244,
    "it": 1714969028.4454923,
    "ja": 1714969043.582339,
    "ko": 1714969058.7251787,
    "pl": 1714969073.8613515,
    "pt-BR": 1714969089.0231047,
    "ru": 1714969104.1709101,
    "tr": 1714969119.3407564
}