{
    "en-US": 1715561598.589375,
    "ar": 1715561614.6643543,
    "de": 1715561630.382093,
    "es-ES": 1715561646.0847645,
    "es-MX": 1715561661.6223245,
    "fr": 1715561677.3845563,
    "it": 1715561693.1441014,
    "ja": 1715561710.4263186,
    "ko": 1715561727.0319688,
    "pl": 1715561742.8756745,
    "pt-BR": 1715561758.686849,
    "ru": 1715561774.5476093,
    "tr": 1715561790.3696973
}