{
    "en-US": 1715454644.4128137,
    "ar": 1715454660.4570215,
    "de": 1715454676.0635362,
    "es-ES": 1715454691.7990005,
    "es-MX": 1715454707.4158697,
    "fr": 1715454723.0721495,
    "it": 1715454738.7266948,
    "ja": 1715454756.697848,
    "ko": 1715454773.4991448,
    "pl": 1715454789.168971,
    "pt-BR": 1715454804.7766948,
    "ru": 1715454820.607461,
    "tr": 1715454836.3001
}