{
    "en-US": 1720001712.4769073,
    "ar": 1720001727.6716475,
    "de": 1720001742.8656087,
    "es-ES": 1720001758.0587578,
    "es-MX": 1720001773.2508724,
    "fr": 1720001788.4450512,
    "it": 1720001803.6727843,
    "ja": 1720001818.8673966,
    "ko": 1720001834.0510533,
    "pl": 1720001849.2477999,
    "pt-BR": 1720001864.4561155,
    "ru": 1720001879.6414986,
    "tr": 1720001894.8557131
}