{
    "en-US": 1713664483.6822634,
    "ar": 1713664499.6874986,
    "de": 1713664515.2211542,
    "es-ES": 1713664530.7141898,
    "es-MX": 1713664546.2594326,
    "fr": 1713664561.8243096,
    "it": 1713664577.3803365,
    "ja": 1713664595.260951,
    "ko": 1713664611.991481,
    "pl": 1713664627.575363,
    "pt-BR": 1713664643.1323845,
    "ru": 1713664658.7712054,
    "tr": 1713664674.3968008
}