{
    "en-US": 1719342739.6185312,
    "ar": 1719342754.75195,
    "de": 1719342769.8814642,
    "es-ES": 1719342785.0072076,
    "es-MX": 1719342800.1570065,
    "fr": 1719342815.2697623,
    "it": 1719342830.4332883,
    "ja": 1719342845.5492187,
    "ko": 1719342860.7030416,
    "pl": 1719342875.8187776,
    "pt-BR": 1719342890.9503753,
    "ru": 1719342906.073451,
    "tr": 1719342921.2232506
}