{
    "en-US": 1714688009.647837,
    "ar": 1714688025.7985804,
    "de": 1714688041.3590045,
    "es-ES": 1714688056.9802487,
    "es-MX": 1714688072.691259,
    "fr": 1714688088.3269897,
    "it": 1714688103.9460764,
    "ja": 1714688122.2151804,
    "ko": 1714688139.175398,
    "pl": 1714688154.9180582,
    "pt-BR": 1714688170.5505893,
    "ru": 1714688186.3388586,
    "tr": 1714688202.0737162
}