{
    "en-US": 1720966588.8173661,
    "ar": 1720966603.9793658,
    "de": 1720966619.1505904,
    "es-ES": 1720966634.3069806,
    "es-MX": 1720966649.4897368,
    "fr": 1720966664.647093,
    "it": 1720966679.807908,
    "ja": 1720966694.9742978,
    "ko": 1720966710.1314163,
    "pl": 1720966725.2832546,
    "pt-BR": 1720966740.4577377,
    "ru": 1720966755.6111999,
    "tr": 1720966770.7864377
}