{
    "en-US": 1719519295.9370666,
    "ar": 1719519311.106054,
    "de": 1719519326.2916558,
    "es-ES": 1719519341.490905,
    "es-MX": 1719519356.6957366,
    "fr": 1719519371.8651443,
    "it": 1719519387.0413783,
    "ja": 1719519402.2084687,
    "ko": 1719519417.3856807,
    "pl": 1719519432.5376458,
    "pt-BR": 1719519447.7400873,
    "ru": 1719519462.9505055,
    "tr": 1719519478.1276536
}