{
    "en-US": 1719296313.3937397,
    "ar": 1719296328.6332974,
    "de": 1719296343.8671834,
    "es-ES": 1719296359.0893023,
    "es-MX": 1719296374.3286428,
    "fr": 1719296389.5501158,
    "it": 1719296404.7995057,
    "ja": 1719296420.0305438,
    "ko": 1719296435.2662156,
    "pl": 1719296450.4875627,
    "pt-BR": 1719296465.7219214,
    "ru": 1719296480.9527855,
    "tr": 1719296496.213539
}