{
    "en-US": 1717554684.616785,
    "ar": 1717554700.992509,
    "de": 1717554717.1484191,
    "es-ES": 1717554732.8982313,
    "es-MX": 1717554748.8974433,
    "fr": 1717554765.0684042,
    "it": 1717554780.9529722,
    "ja": 1717554798.364567,
    "ko": 1717554815.2779238,
    "pl": 1717554830.9082978,
    "pt-BR": 1717554846.7794266,
    "ru": 1717554862.7354252,
    "tr": 1717554878.6631634
}