{
    "en-US": 1716649996.5806358,
    "ar": 1716650012.7942076,
    "de": 1716650028.7592907,
    "es-ES": 1716650044.4645367,
    "es-MX": 1716650060.1560445,
    "fr": 1716650075.771963,
    "it": 1716650091.917482,
    "ja": 1716650109.8155408,
    "ko": 1716650126.6691523,
    "pl": 1716650142.333802,
    "pt-BR": 1716650158.355125,
    "ru": 1716650174.289311,
    "tr": 1716650190.2563193
}