{
    "en-US": 1715537785.2704804,
    "ar": 1715537801.2637074,
    "de": 1715537816.8736408,
    "es-ES": 1715537832.4431813,
    "es-MX": 1715537848.0470874,
    "fr": 1715537863.6748123,
    "it": 1715537879.3049161,
    "ja": 1715537896.401941,
    "ko": 1715537913.3406363,
    "pl": 1715537928.9997582,
    "pt-BR": 1715537944.7077901,
    "ru": 1715537960.442792,
    "tr": 1715537976.2123306
}