{
    "en-US": 1715033534.5654483,
    "ar": 1715033549.834513,
    "de": 1715033565.067472,
    "es-ES": 1715033580.3068507,
    "es-MX": 1715033596.4166605,
    "fr": 1715033611.6650815,
    "it": 1715033627.7212021,
    "ja": 1715033644.1802166,
    "ko": 1715033659.4350913,
    "pl": 1715033674.645867,
    "pt-BR": 1715033689.884936,
    "ru": 1715033705.0968664,
    "tr": 1715033720.317845
}