{
    "en-US": 1714590738.9149082,
    "ar": 1714590755.1348212,
    "de": 1714590770.5486286,
    "es-ES": 1714590785.908363,
    "es-MX": 1714590801.544735,
    "fr": 1714590817.2210846,
    "it": 1714590832.9570043,
    "ja": 1714590850.9680362,
    "ko": 1714590867.900028,
    "pl": 1714590883.6533625,
    "pt-BR": 1714590899.0708363,
    "ru": 1714590914.8258474,
    "tr": 1714590930.799674
}