{
    "en-US": 1716517661.6324732,
    "ar": 1716517677.7798846,
    "de": 1716517693.3915062,
    "es-ES": 1716517709.065293,
    "es-MX": 1716517724.772274,
    "fr": 1716517740.1736207,
    "it": 1716517755.5935736,
    "ja": 1716517773.9794056,
    "ko": 1716517791.327157,
    "pl": 1716517807.0477521,
    "pt-BR": 1716517822.779061,
    "ru": 1716517838.527749,
    "tr": 1716517854.3088965
}