{
    "en-US": 1716102746.9468362,
    "ar": 1716102763.0064182,
    "de": 1716102778.6053836,
    "es-ES": 1716102794.1706903,
    "es-MX": 1716102809.790631,
    "fr": 1716102825.1795528,
    "it": 1716102840.789093,
    "ja": 1716102858.889273,
    "ko": 1716102876.089867,
    "pl": 1716102891.7799716,
    "pt-BR": 1716102907.348002,
    "ru": 1716102923.1185727,
    "tr": 1716102938.8103702
}