{
    "en-US": 1713827546.213806,
    "ar": 1713827562.373503,
    "de": 1713827577.9445922,
    "es-ES": 1713827593.4631083,
    "es-MX": 1713827609.084305,
    "fr": 1713827624.711659,
    "it": 1713827640.2817192,
    "ja": 1713827658.5082717,
    "ko": 1713827678.0931036,
    "pl": 1713827693.7010465,
    "pt-BR": 1713827709.3520174,
    "ru": 1713827725.0579066,
    "tr": 1713827740.6607368
}