{
    "en-US": 1722172494.6658452,
    "ar": 1722172509.85857,
    "de": 1722172525.0507822,
    "es-ES": 1722172540.2397056,
    "es-MX": 1722172555.4403818,
    "fr": 1722172570.620005,
    "it": 1722172585.831918,
    "ja": 1722172601.0133748,
    "ko": 1722172616.2035298,
    "pl": 1722172631.3880343,
    "pt-BR": 1722172646.5847812,
    "ru": 1722172661.7753224,
    "tr": 1722172677.0016448
}