{
    "en-US": 1722204799.61551,
    "ar": 1722204814.789815,
    "de": 1722204829.9513688,
    "es-ES": 1722204845.1001868,
    "es-MX": 1722204860.2937775,
    "fr": 1722204875.4508345,
    "it": 1722204890.612448,
    "ja": 1722204905.7692685,
    "ko": 1722204920.9186292,
    "pl": 1722204936.0677414,
    "pt-BR": 1722204951.2478607,
    "ru": 1722204966.3963408,
    "tr": 1722204981.5543094
}