{
    "en-US": 1720801044.5646527,
    "ar": 1720801059.7947164,
    "de": 1720801075.0616317,
    "es-ES": 1720801090.289533,
    "es-MX": 1720801105.5291605,
    "fr": 1720801120.7525384,
    "it": 1720801136.012437,
    "ja": 1720801151.2568383,
    "ko": 1720801166.4974163,
    "pl": 1720801181.7215476,
    "pt-BR": 1720801196.980978,
    "ru": 1720801212.2067528,
    "tr": 1720801227.4615898
}