{
    "en-US": 1720260812.3164263,
    "ar": 1720260827.4926448,
    "de": 1720260842.6657667,
    "es-ES": 1720260857.8266613,
    "es-MX": 1720260873.0177472,
    "fr": 1720260888.1755455,
    "it": 1720260903.350805,
    "ja": 1720260918.528106,
    "ko": 1720260933.70024,
    "pl": 1720260948.8676612,
    "pt-BR": 1720260964.0656278,
    "ru": 1720260979.2260034,
    "tr": 1720260994.3946633
}