{
    "en-US": 1720322164.7054977,
    "ar": 1720322179.8870025,
    "de": 1720322195.063014,
    "es-ES": 1720322210.2395787,
    "es-MX": 1720322225.433643,
    "fr": 1720322240.6003625,
    "it": 1720322255.7764213,
    "ja": 1720322271.0183914,
    "ko": 1720322286.1953895,
    "pl": 1720322301.3595831,
    "pt-BR": 1720322316.5637147,
    "ru": 1720322331.7440183,
    "tr": 1720322346.9235885
}