{
    "en-US": 1720268503.4000742,
    "ar": 1720268518.5171607,
    "de": 1720268533.62982,
    "es-ES": 1720268548.7317276,
    "es-MX": 1720268563.8701155,
    "fr": 1720268578.980538,
    "it": 1720268594.3238826,
    "ja": 1720268609.4327188,
    "ko": 1720268624.5422244,
    "pl": 1720268639.6481812,
    "pt-BR": 1720268654.791191,
    "ru": 1720268669.9064424,
    "tr": 1720268685.0200408
}