{
    "en-US": 1720448083.5348685,
    "ar": 1720448098.6534395,
    "de": 1720448113.7684069,
    "es-ES": 1720448128.8610792,
    "es-MX": 1720448143.9819293,
    "fr": 1720448159.0846183,
    "it": 1720448174.227675,
    "ja": 1720448189.324453,
    "ko": 1720448204.425327,
    "pl": 1720448219.5127482,
    "pt-BR": 1720448234.707947,
    "ru": 1720448249.79601,
    "tr": 1720448264.9196553
}