{
    "en-US": 1718014534.2705023,
    "ar": 1718014550.588319,
    "de": 1718014566.3766866,
    "es-ES": 1718014581.5605676,
    "es-MX": 1718014596.7277174,
    "fr": 1718014611.8884282,
    "it": 1718014627.0617735,
    "ja": 1718014642.2241907,
    "ko": 1718014657.4078834,
    "pl": 1718014672.5655801,
    "pt-BR": 1718014687.7364793,
    "ru": 1718014702.9022126,
    "tr": 1718014718.0742054
}