{
    "en-US": 1719145309.13871,
    "ar": 1719145325.4483929,
    "de": 1719145341.3069463,
    "es-ES": 1719145356.500759,
    "es-MX": 1719145371.7078924,
    "fr": 1719145386.8727055,
    "it": 1719145402.0556126,
    "ja": 1719145417.2246912,
    "ko": 1719145432.4163263,
    "pl": 1719145447.5935826,
    "pt-BR": 1719145462.7888443,
    "ru": 1719145477.9621503,
    "tr": 1719145493.1422234
}