{
    "en-US": 1715526770.130552,
    "ar": 1715526786.0528631,
    "de": 1715526801.6374662,
    "es-ES": 1715526817.2050903,
    "es-MX": 1715526832.8574357,
    "fr": 1715526848.287672,
    "it": 1715526863.965637,
    "ja": 1715526881.369213,
    "ko": 1715526898.5829303,
    "pl": 1715526914.2222092,
    "pt-BR": 1715526929.9017673,
    "ru": 1715526945.6153095,
    "tr": 1715526961.3739853
}