{
    "en-US": 1719130511.9009106,
    "ar": 1719130528.0557787,
    "de": 1719130543.9809735,
    "es-ES": 1719130559.1160393,
    "es-MX": 1719130574.283243,
    "fr": 1719130589.3847475,
    "it": 1719130604.4993048,
    "ja": 1719130619.593382,
    "ko": 1719130634.7226257,
    "pl": 1719130649.8383977,
    "pt-BR": 1719130664.9521077,
    "ru": 1719130680.0530336,
    "tr": 1719130695.1607969
}