{
    "en-US": 1718295455.2806513,
    "ar": 1718295471.4678922,
    "de": 1718295487.696499,
    "es-ES": 1718295503.211538,
    "es-MX": 1718295518.4920921,
    "fr": 1718295533.7769172,
    "it": 1718295549.0385818,
    "ja": 1718295564.2835317,
    "ko": 1718295579.5988553,
    "pl": 1718295594.824583,
    "pt-BR": 1718295610.0652025,
    "ru": 1718295625.2882705,
    "tr": 1718295640.5369
}