{
    "en-US": 1715862136.8726327,
    "ar": 1715862153.0896394,
    "de": 1715862168.9170864,
    "es-ES": 1715862184.7163012,
    "es-MX": 1715862200.5292199,
    "fr": 1715862216.3639646,
    "it": 1715862232.2066765,
    "ja": 1715862249.9852033,
    "ko": 1715862267.0890658,
    "pl": 1715862282.9220514,
    "pt-BR": 1715862298.807991,
    "ru": 1715862314.5009813,
    "tr": 1715862330.5755002
}