{
    "en-US": 1719622485.365189,
    "ar": 1719622500.5529704,
    "de": 1719622515.7398815,
    "es-ES": 1719622530.907791,
    "es-MX": 1719622546.1019287,
    "fr": 1719622561.2650554,
    "it": 1719622576.4465523,
    "ja": 1719622591.6330206,
    "ko": 1719622606.796827,
    "pl": 1719622621.9631479,
    "pt-BR": 1719622637.1538303,
    "ru": 1719622652.320963,
    "tr": 1719622667.4933405
}