{
    "en-US": 1717721823.272259,
    "ar": 1717721839.5772645,
    "de": 1717721855.6562538,
    "es-ES": 1717721871.418817,
    "es-MX": 1717721886.6149812,
    "fr": 1717721901.7770214,
    "it": 1717721916.9784036,
    "ja": 1717721932.140207,
    "ko": 1717721947.3115308,
    "pl": 1717721962.4781027,
    "pt-BR": 1717721977.6516447,
    "ru": 1717721992.8142455,
    "tr": 1717722008.0187259
}