{
    "en-US": 1718903573.7181685,
    "ar": 1718903588.8811982,
    "de": 1718903604.084755,
    "es-ES": 1718903619.1902406,
    "es-MX": 1718903634.331086,
    "fr": 1718903649.457465,
    "it": 1718903664.6080182,
    "ja": 1718903679.7199242,
    "ko": 1718903694.8373332,
    "pl": 1718903709.9543736,
    "pt-BR": 1718903725.0828068,
    "ru": 1718903740.193428,
    "tr": 1718903755.3948154
}