{
    "en-US": 1720832229.437728,
    "ar": 1720832244.5531557,
    "de": 1720832259.6611786,
    "es-ES": 1720832274.7523403,
    "es-MX": 1720832289.8661604,
    "fr": 1720832304.9763315,
    "it": 1720832320.1096854,
    "ja": 1720832335.202971,
    "ko": 1720832350.298062,
    "pl": 1720832365.3843472,
    "pt-BR": 1720832380.4914136,
    "ru": 1720832395.5856233,
    "tr": 1720832410.6952858
}