{
    "en-US": 1720303994.652925,
    "ar": 1720304009.7691557,
    "de": 1720304024.892257,
    "es-ES": 1720304040.0145757,
    "es-MX": 1720304055.1324782,
    "fr": 1720304070.258569,
    "it": 1720304085.3720288,
    "ja": 1720304100.4780087,
    "ko": 1720304115.581932,
    "pl": 1720304130.6921527,
    "pt-BR": 1720304145.8047512,
    "ru": 1720304160.9237475,
    "tr": 1720304176.0331995
}