{
    "en-US": 1715375537.10657,
    "ar": 1715375553.238247,
    "de": 1715375568.9918137,
    "es-ES": 1715375584.5025487,
    "es-MX": 1715375600.3337755,
    "fr": 1715375616.2802832,
    "it": 1715375632.1608722,
    "ja": 1715375648.5976772,
    "ko": 1715375664.8871818,
    "pl": 1715375680.7365143,
    "pt-BR": 1715375696.586376,
    "ru": 1715375712.4422843,
    "tr": 1715375728.50486
}