{
    "en-US": 1719760442.5219848,
    "ar": 1719760457.6428697,
    "de": 1719760472.7698662,
    "es-ES": 1719760487.8725429,
    "es-MX": 1719760503.0020912,
    "fr": 1719760518.104855,
    "it": 1719760533.2456703,
    "ja": 1719760548.3578448,
    "ko": 1719760563.488451,
    "pl": 1719760578.6006594,
    "pt-BR": 1719760593.7299073,
    "ru": 1719760608.8268487,
    "tr": 1719760623.9644415
}