{
    "en-US": 1714684339.1240778,
    "ar": 1714684355.6076615,
    "de": 1714684371.3440006,
    "es-ES": 1714684387.1349008,
    "es-MX": 1714684403.1480527,
    "fr": 1714684419.1845047,
    "it": 1714684434.9950066,
    "ja": 1714684453.4370897,
    "ko": 1714684470.4486063,
    "pl": 1714684486.2340467,
    "pt-BR": 1714684502.1682491,
    "ru": 1714684518.3208065,
    "tr": 1714684534.1548285
}