{
    "en-US": 1716210945.794394,
    "ar": 1716210962.0410008,
    "de": 1716210977.8647878,
    "es-ES": 1716210993.6951516,
    "es-MX": 1716211009.4898884,
    "fr": 1716211025.0341601,
    "it": 1716211041.0435042,
    "ja": 1716211058.1569128,
    "ko": 1716211075.1902797,
    "pl": 1716211091.0930827,
    "pt-BR": 1716211107.0146,
    "ru": 1716211122.604803,
    "tr": 1716211138.1815603
}