{
    "en-US": 1716498744.7842805,
    "ar": 1716498761.038804,
    "de": 1716498776.7017152,
    "es-ES": 1716498792.078868,
    "es-MX": 1716498807.8620582,
    "fr": 1716498823.671378,
    "it": 1716498839.4470053,
    "ja": 1716498857.4239764,
    "ko": 1716498874.4353771,
    "pl": 1716498889.8661869,
    "pt-BR": 1716498905.7838876,
    "ru": 1716498921.6324506,
    "tr": 1716498937.4960146
}