{
    "en-US": 1715606137.6637652,
    "ar": 1715606154.0348978,
    "de": 1715606169.7637086,
    "es-ES": 1715606185.4449677,
    "es-MX": 1715606200.9935594,
    "fr": 1715606216.770044,
    "it": 1715606232.7415876,
    "ja": 1715606251.037716,
    "ko": 1715606268.6239893,
    "pl": 1715606284.3801532,
    "pt-BR": 1715606300.1862764,
    "ru": 1715606315.7755795,
    "tr": 1715606331.612104
}