{
    "en-US": 1718644360.7250664,
    "ar": 1718644377.0656939,
    "de": 1718644393.0423205,
    "es-ES": 1718644408.2524486,
    "es-MX": 1718644423.4411645,
    "fr": 1718644438.6116688,
    "it": 1718644453.7974074,
    "ja": 1718644468.971401,
    "ko": 1718644484.1732466,
    "pl": 1718644499.3376648,
    "pt-BR": 1718644514.540283,
    "ru": 1718644529.7252402,
    "tr": 1718644544.9159796
}