{
    "en-US": 1717103780.800877,
    "ar": 1717103796.8621676,
    "de": 1717103812.7102897,
    "es-ES": 1717103828.4741063,
    "es-MX": 1717103844.2880194,
    "fr": 1717103859.917924,
    "it": 1717103875.7991989,
    "ja": 1717103893.4120936,
    "ko": 1717103910.7266924,
    "pl": 1717103926.79658,
    "pt-BR": 1717103942.828707,
    "ru": 1717103958.8846142,
    "tr": 1717103975.2300136
}