{
    "en-US": 1719476250.724556,
    "ar": 1719476265.8987904,
    "de": 1719476281.0859845,
    "es-ES": 1719476296.2547212,
    "es-MX": 1719476311.458624,
    "fr": 1719476326.63642,
    "it": 1719476341.8673825,
    "ja": 1719476357.0301077,
    "ko": 1719476372.2008333,
    "pl": 1719476387.3728366,
    "pt-BR": 1719476402.5760403,
    "ru": 1719476417.7433753,
    "tr": 1719476432.9659069
}