{
    "en-US": 1719335578.4214685,
    "ar": 1719335593.5994956,
    "de": 1719335608.7879508,
    "es-ES": 1719335623.956775,
    "es-MX": 1719335639.1490633,
    "fr": 1719335654.3121002,
    "it": 1719335669.525249,
    "ja": 1719335684.6975844,
    "ko": 1719335699.871397,
    "pl": 1719335715.0484605,
    "pt-BR": 1719335730.2507684,
    "ru": 1719335745.4247131,
    "tr": 1719335760.6108677
}