{
    "en-US": 1715703352.3511796,
    "ar": 1715703368.647683,
    "de": 1715703384.655946,
    "es-ES": 1715703400.1572213,
    "es-MX": 1715703416.1530545,
    "fr": 1715703431.82708,
    "it": 1715703447.7682931,
    "ja": 1715703465.0968623,
    "ko": 1715703482.2724543,
    "pl": 1715703498.2410204,
    "pt-BR": 1715703514.1457503,
    "ru": 1715703530.2319465,
    "tr": 1715703546.2232187
}