{
    "en-US": 1720887274.891208,
    "ar": 1720887290.0676668,
    "de": 1720887305.2443438,
    "es-ES": 1720887320.405822,
    "es-MX": 1720887335.5850282,
    "fr": 1720887350.761358,
    "it": 1720887365.932406,
    "ja": 1720887381.0884507,
    "ko": 1720887396.2464633,
    "pl": 1720887411.4010773,
    "pt-BR": 1720887426.573886,
    "ru": 1720887441.751973,
    "tr": 1720887456.9149442
}