{
    "en-US": 1721910256.6055558,
    "ar": 1721910271.766389,
    "de": 1721910286.931825,
    "es-ES": 1721910302.091144,
    "es-MX": 1721910317.2662199,
    "fr": 1721910332.435485,
    "it": 1721910347.5969036,
    "ja": 1721910362.752941,
    "ko": 1721910377.9483612,
    "pl": 1721910393.1063647,
    "pt-BR": 1721910408.2685394,
    "ru": 1721910423.4443686,
    "tr": 1721910438.609877
}