{
    "en-US": 1720271600.1950178,
    "ar": 1720271615.3727882,
    "de": 1720271630.5489726,
    "es-ES": 1720271645.7124343,
    "es-MX": 1720271660.9051542,
    "fr": 1720271676.0693216,
    "it": 1720271691.2436855,
    "ja": 1720271706.4086878,
    "ko": 1720271721.572053,
    "pl": 1720271736.7329361,
    "pt-BR": 1720271751.9267,
    "ru": 1720271767.0971985,
    "tr": 1720271782.261077
}