{
    "en-US": 1714389172.0231996,
    "ar": 1714389188.0963922,
    "de": 1714389203.648773,
    "es-ES": 1714389219.1694562,
    "es-MX": 1714389234.7664874,
    "fr": 1714389250.3472552,
    "it": 1714389266.0914686,
    "ja": 1714389283.876804,
    "ko": 1714389301.160604,
    "pl": 1714389316.7616389,
    "pt-BR": 1714389332.391731,
    "ru": 1714389348.1331904,
    "tr": 1714389363.8030772
}