{
    "en-US": 1722251568.7516782,
    "ar": 1722251583.860003,
    "de": 1722251598.982469,
    "es-ES": 1722251614.0801752,
    "es-MX": 1722251629.2120073,
    "fr": 1722251644.3029604,
    "it": 1722251659.4114776,
    "ja": 1722251674.5071492,
    "ko": 1722251689.5983312,
    "pl": 1722251704.6849742,
    "pt-BR": 1722251719.849677,
    "ru": 1722251734.9458833,
    "tr": 1722251750.041675
}