{
    "en-US": 1714533227.8745513,
    "ar": 1714533243.8951771,
    "de": 1714533259.6219187,
    "es-ES": 1714533275.121164,
    "es-MX": 1714533290.660186,
    "fr": 1714533306.643872,
    "it": 1714533322.3898172,
    "ja": 1714533338.9029028,
    "ko": 1714533355.2034442,
    "pl": 1714533370.9938345,
    "pt-BR": 1714533386.7780755,
    "ru": 1714533402.5778975,
    "tr": 1714533418.7631729
}