{
    "en-US": 1719026107.485373,
    "ar": 1719026123.8039231,
    "de": 1719026139.641214,
    "es-ES": 1719026154.845638,
    "es-MX": 1719026170.0765822,
    "fr": 1719026185.246651,
    "it": 1719026200.4374814,
    "ja": 1719026215.6044223,
    "ko": 1719026230.7991104,
    "pl": 1719026245.977682,
    "pt-BR": 1719026261.1565154,
    "ru": 1719026276.3328588,
    "tr": 1719026291.5245452
}