{
    "en-US": 1714201851.8547256,
    "ar": 1714201867.7825167,
    "de": 1714201883.4201932,
    "es-ES": 1714201899.0816212,
    "es-MX": 1714201914.7872734,
    "fr": 1714201930.4647353,
    "it": 1714201946.1807241,
    "ja": 1714201963.3631196,
    "ko": 1714201980.2373204,
    "pl": 1714201996.151841,
    "pt-BR": 1714202011.8539407,
    "ru": 1714202027.6499143,
    "tr": 1714202043.5230904
}