{
    "en-US": 1716473542.3897798,
    "ar": 1716473558.6851277,
    "de": 1716473574.5581396,
    "es-ES": 1716473590.6157076,
    "es-MX": 1716473606.429507,
    "fr": 1716473621.968021,
    "it": 1716473637.7510383,
    "ja": 1716473655.9120986,
    "ko": 1716473673.569984,
    "pl": 1716473689.540304,
    "pt-BR": 1716473705.4818413,
    "ru": 1716473721.3583565,
    "tr": 1716473737.6104157
}