{
    "en-US": 1721782685.2003806,
    "ar": 1721782700.3100352,
    "de": 1721782715.4350188,
    "es-ES": 1721782730.525241,
    "es-MX": 1721782745.6566336,
    "fr": 1721782760.7732725,
    "it": 1721782775.9002378,
    "ja": 1721782790.9877226,
    "ko": 1721782806.0929875,
    "pl": 1721782821.1961899,
    "pt-BR": 1721782836.3096077,
    "ru": 1721782851.406891,
    "tr": 1721782866.5376005
}