{
    "en-US": 1717309120.8823242,
    "ar": 1717309136.6299458,
    "de": 1717309152.2254257,
    "es-ES": 1717309167.5750477,
    "es-MX": 1717309183.2110293,
    "fr": 1717309199.0222394,
    "it": 1717309214.763706,
    "ja": 1717309232.0555787,
    "ko": 1717309248.853311,
    "pl": 1717309264.2286701,
    "pt-BR": 1717309279.9302957,
    "ru": 1717309295.7664392,
    "tr": 1717309311.8760765
}