{
    "en-US": 1713942696.7676764,
    "ar": 1713942713.0085454,
    "de": 1713942728.6342976,
    "es-ES": 1713942744.2848175,
    "es-MX": 1713942759.9696624,
    "fr": 1713942775.6690278,
    "it": 1713942791.2934837,
    "ja": 1713942808.4751718,
    "ko": 1713942825.2867253,
    "pl": 1713942840.970123,
    "pt-BR": 1713942856.810978,
    "ru": 1713942872.7615662,
    "tr": 1713942888.428225
}