{
    "en-US": 1714501066.728199,
    "ar": 1714501082.9600236,
    "de": 1714501098.3201277,
    "es-ES": 1714501113.919229,
    "es-MX": 1714501129.5861702,
    "fr": 1714501145.291318,
    "it": 1714501160.7075977,
    "ja": 1714501178.5524838,
    "ko": 1714501196.3660452,
    "pl": 1714501212.3144166,
    "pt-BR": 1714501227.985477,
    "ru": 1714501243.9319217,
    "tr": 1714501259.7353656
}