{
    "en-US": 1716506054.9067771,
    "ar": 1716506071.2459028,
    "de": 1716506087.0722396,
    "es-ES": 1716506103.001467,
    "es-MX": 1716506118.9382818,
    "fr": 1716506134.4953692,
    "it": 1716506150.3656964,
    "ja": 1716506167.9348385,
    "ko": 1716506184.864088,
    "pl": 1716506200.4150808,
    "pt-BR": 1716506216.349209,
    "ru": 1716506232.2687795,
    "tr": 1716506248.1443837
}