{
    "en-US": 1721609935.9355276,
    "ar": 1721609951.1271155,
    "de": 1721609966.3012795,
    "es-ES": 1721609981.4638367,
    "es-MX": 1721609996.6931434,
    "fr": 1721610011.8544471,
    "it": 1721610027.0426753,
    "ja": 1721610042.2046883,
    "ko": 1721610057.3873973,
    "pl": 1721610072.551421,
    "pt-BR": 1721610087.7245193,
    "ru": 1721610102.8876383,
    "tr": 1721610118.069754
}