{
    "en-US": 1720368934.602645,
    "ar": 1720368949.717236,
    "de": 1720368964.8403847,
    "es-ES": 1720368979.9467,
    "es-MX": 1720368995.0670989,
    "fr": 1720369010.1773772,
    "it": 1720369025.3178513,
    "ja": 1720369040.4203165,
    "ko": 1720369055.6088428,
    "pl": 1720369070.7151923,
    "pt-BR": 1720369085.8303626,
    "ru": 1720369100.9361687,
    "tr": 1720369116.0867903
}