{
    "en-US": 1718892821.973256,
    "ar": 1718892837.1464727,
    "de": 1718892852.3326802,
    "es-ES": 1718892867.4593666,
    "es-MX": 1718892882.6022525,
    "fr": 1718892897.73496,
    "it": 1718892912.9188893,
    "ja": 1718892928.0691218,
    "ko": 1718892943.2036626,
    "pl": 1718892958.3335817,
    "pt-BR": 1718892973.4694355,
    "ru": 1718892988.5854266,
    "tr": 1718893003.7780335
}