{
    "en-US": 1718482468.0220916,
    "ar": 1718482484.2264094,
    "de": 1718482500.2420497,
    "es-ES": 1718482516.0222728,
    "es-MX": 1718482531.2296107,
    "fr": 1718482546.3945074,
    "it": 1718482561.5877037,
    "ja": 1718482576.753131,
    "ko": 1718482591.9226,
    "pl": 1718482607.0992346,
    "pt-BR": 1718482622.2701209,
    "ru": 1718482637.4383051,
    "tr": 1718482652.6024768
}