{
    "en-US": 1719054662.3806946,
    "ar": 1719054678.488138,
    "de": 1719054694.1560404,
    "es-ES": 1719054709.3025231,
    "es-MX": 1719054724.4544668,
    "fr": 1719054739.561917,
    "it": 1719054754.6715202,
    "ja": 1719054769.7945244,
    "ko": 1719054784.902781,
    "pl": 1719054800.011483,
    "pt-BR": 1719054815.1343853,
    "ru": 1719054830.2347214,
    "tr": 1719054845.3486524
}