{
    "en-US": 1721301202.3894303,
    "ar": 1721301217.5526836,
    "de": 1721301232.7250285,
    "es-ES": 1721301247.8841856,
    "es-MX": 1721301263.0793786,
    "fr": 1721301278.2346187,
    "it": 1721301293.3962379,
    "ja": 1721301308.551505,
    "ko": 1721301323.7079387,
    "pl": 1721301338.8602374,
    "pt-BR": 1721301354.0337703,
    "ru": 1721301369.1948073,
    "tr": 1721301384.345505
}