{
    "en-US": 1721845110.4081686,
    "ar": 1721845125.513213,
    "de": 1721845140.6188977,
    "es-ES": 1721845155.7195096,
    "es-MX": 1721845170.8280134,
    "fr": 1721845185.9307258,
    "it": 1721845201.0854366,
    "ja": 1721845216.1931422,
    "ko": 1721845231.3290346,
    "pl": 1721845246.4400628,
    "pt-BR": 1721845261.55748,
    "ru": 1721845276.6637585,
    "tr": 1721845291.8105347
}