{
    "en-US": 1720192508.5281804,
    "ar": 1720192523.6486795,
    "de": 1720192538.773137,
    "es-ES": 1720192553.8984318,
    "es-MX": 1720192569.0145447,
    "fr": 1720192584.1355236,
    "it": 1720192599.2598534,
    "ja": 1720192614.3583608,
    "ko": 1720192629.4600472,
    "pl": 1720192644.5991466,
    "pt-BR": 1720192659.716102,
    "ru": 1720192674.8227046,
    "tr": 1720192689.9351385
}