{
    "en-US": 1718252204.4241095,
    "ar": 1718252220.6525197,
    "de": 1718252236.5486574,
    "es-ES": 1718252251.6631503,
    "es-MX": 1718252266.7830887,
    "fr": 1718252281.890297,
    "it": 1718252296.9978921,
    "ja": 1718252312.098165,
    "ko": 1718252327.2264972,
    "pl": 1718252342.3303258,
    "pt-BR": 1718252357.443262,
    "ru": 1718252372.539645,
    "tr": 1718252387.6486573
}