{
    "en-US": 1718356469.5431852,
    "ar": 1718356487.5393412,
    "de": 1718356503.510683,
    "es-ES": 1718356519.499755,
    "es-MX": 1718356534.6362696,
    "fr": 1718356549.7500074,
    "it": 1718356564.8562047,
    "ja": 1718356579.9641643,
    "ko": 1718356595.0715802,
    "pl": 1718356610.2094889,
    "pt-BR": 1718356625.3186588,
    "ru": 1718356640.4319966,
    "tr": 1718356655.558379
}