{
    "en-US": 1719044223.273585,
    "ar": 1719044239.3362734,
    "de": 1719044255.2536795,
    "es-ES": 1719044270.8701925,
    "es-MX": 1719044286.000029,
    "fr": 1719044301.1477854,
    "it": 1719044316.2592695,
    "ja": 1719044331.3827477,
    "ko": 1719044346.484925,
    "pl": 1719044361.6123815,
    "pt-BR": 1719044376.7093847,
    "ru": 1719044391.816655,
    "tr": 1719044406.9359949
}