{
    "en-US": 1716127945.7706547,
    "ar": 1716127961.5837567,
    "de": 1716127977.2397325,
    "es-ES": 1716127992.8522904,
    "es-MX": 1716128008.475715,
    "fr": 1716128023.8888702,
    "it": 1716128039.5395775,
    "ja": 1716128057.2723646,
    "ko": 1716128074.3915544,
    "pl": 1716128090.0267706,
    "pt-BR": 1716128105.729644,
    "ru": 1716128121.2222369,
    "tr": 1716128136.9359598
}