{
    "en-US": 1721834149.0093894,
    "ar": 1721834164.1856587,
    "de": 1721834179.3607407,
    "es-ES": 1721834194.5234363,
    "es-MX": 1721834209.7453747,
    "fr": 1721834224.908894,
    "it": 1721834240.0819151,
    "ja": 1721834255.2451315,
    "ko": 1721834270.4107375,
    "pl": 1721834285.5657403,
    "pt-BR": 1721834300.752864,
    "ru": 1721834315.9136283,
    "tr": 1721834331.0899837
}