{
    "en-US": 1722118394.763781,
    "ar": 1722118409.9719138,
    "de": 1722118425.1461105,
    "es-ES": 1722118440.3032563,
    "es-MX": 1722118455.4717672,
    "fr": 1722118470.6724548,
    "it": 1722118485.837923,
    "ja": 1722118501.0095828,
    "ko": 1722118516.1683664,
    "pl": 1722118531.3256578,
    "pt-BR": 1722118546.4931316,
    "ru": 1722118561.6512113,
    "tr": 1722118576.8094432
}