{
    "en-US": 1715219788.4574354,
    "ar": 1715219804.759991,
    "de": 1715219820.5205135,
    "es-ES": 1715219836.0116866,
    "es-MX": 1715219851.8469706,
    "fr": 1715219867.6175244,
    "it": 1715219883.4163976,
    "ja": 1715219901.0612478,
    "ko": 1715219918.0702696,
    "pl": 1715219933.8750296,
    "pt-BR": 1715219949.6873455,
    "ru": 1715219965.60901,
    "tr": 1715219981.4856827
}