{
    "en-US": 1717319670.5146704,
    "ar": 1717319686.584973,
    "de": 1717319702.2443562,
    "es-ES": 1717319717.788853,
    "es-MX": 1717319733.4981315,
    "fr": 1717319748.9720418,
    "it": 1717319764.6985672,
    "ja": 1717319782.4143622,
    "ko": 1717319799.3257143,
    "pl": 1717319815.0231996,
    "pt-BR": 1717319830.9015737,
    "ru": 1717319846.6721997,
    "tr": 1717319862.4078805
}