{
    "en-US": 1719231863.9432883,
    "ar": 1719231880.1619914,
    "de": 1719231896.2226617,
    "es-ES": 1719231912.2934942,
    "es-MX": 1719231928.493903,
    "fr": 1719231944.5897636,
    "it": 1719231960.8012638,
    "ja": 1719231975.967854,
    "ko": 1719231991.137988,
    "pl": 1719232006.2614179,
    "pt-BR": 1719232021.4071786,
    "ru": 1719232036.5395246,
    "tr": 1719232051.6672032
}