{
    "en-US": 1717474585.7629557,
    "ar": 1717474602.0872695,
    "de": 1717474617.7079818,
    "es-ES": 1717474633.524909,
    "es-MX": 1717474649.2562861,
    "fr": 1717474665.2020512,
    "it": 1717474681.1378877,
    "ja": 1717474698.8616722,
    "ko": 1717474716.0415986,
    "pl": 1717474731.4927592,
    "pt-BR": 1717474747.428715,
    "ru": 1717474763.4890285,
    "tr": 1717474778.9765265
}