{
    "en-US": 1717622127.1064727,
    "ar": 1717622143.3915355,
    "de": 1717622159.0601053,
    "es-ES": 1717622174.4612873,
    "es-MX": 1717622189.58913,
    "fr": 1717622204.7111,
    "it": 1717622219.8624494,
    "ja": 1717622235.0055752,
    "ko": 1717622250.1214395,
    "pl": 1717622265.2537718,
    "pt-BR": 1717622280.3834677,
    "ru": 1717622295.5019603,
    "tr": 1717622310.6318548
}