{
    "en-US": 1718180212.8414958,
    "ar": 1718180229.1387765,
    "de": 1718180244.9073586,
    "es-ES": 1718180260.116696,
    "es-MX": 1718180275.3570793,
    "fr": 1718180290.535109,
    "it": 1718180305.7163973,
    "ja": 1718180320.877644,
    "ko": 1718180336.0693178,
    "pl": 1718180351.2295458,
    "pt-BR": 1718180366.4111297,
    "ru": 1718180381.5838206,
    "tr": 1718180396.7578657
}