{
    "en-US": 1720221227.4958482,
    "ar": 1720221242.6593456,
    "de": 1720221257.83503,
    "es-ES": 1720221272.9966757,
    "es-MX": 1720221288.190067,
    "fr": 1720221303.3493311,
    "it": 1720221318.5374806,
    "ja": 1720221333.7049818,
    "ko": 1720221348.8700755,
    "pl": 1720221364.0326278,
    "pt-BR": 1720221379.2356632,
    "ru": 1720221394.4023426,
    "tr": 1720221409.5680113
}