{
    "en-US": 1717316109.4242191,
    "ar": 1717316125.197035,
    "de": 1717316140.9339423,
    "es-ES": 1717316156.4340029,
    "es-MX": 1717316172.3019874,
    "fr": 1717316188.1439507,
    "it": 1717316203.9734278,
    "ja": 1717316220.1710124,
    "ko": 1717316236.3673072,
    "pl": 1717316252.4003363,
    "pt-BR": 1717316268.4824238,
    "ru": 1717316284.1351774,
    "tr": 1717316300.2234578
}