{
    "en-US": 1720358031.1775937,
    "ar": 1720358046.2771897,
    "de": 1720358061.4020507,
    "es-ES": 1720358076.4955,
    "es-MX": 1720358091.6015012,
    "fr": 1720358106.6927373,
    "it": 1720358121.8317378,
    "ja": 1720358136.9339952,
    "ko": 1720358152.0330093,
    "pl": 1720358167.1317663,
    "pt-BR": 1720358182.2466605,
    "ru": 1720358197.340364,
    "tr": 1720358212.462251
}