{
    "en-US": 1718950744.7888465,
    "ar": 1718950761.0262768,
    "de": 1718950777.098146,
    "es-ES": 1718950792.291274,
    "es-MX": 1718950807.5107508,
    "fr": 1718950822.701854,
    "it": 1718950837.8781621,
    "ja": 1718950853.0551367,
    "ko": 1718950868.2350144,
    "pl": 1718950883.4090745,
    "pt-BR": 1718950898.5974295,
    "ru": 1718950913.7886963,
    "tr": 1718950928.9725397
}