{
    "en-US": 1714749200.4569325,
    "ar": 1714749216.668361,
    "de": 1714749232.4341063,
    "es-ES": 1714749248.06463,
    "es-MX": 1714749263.6408658,
    "fr": 1714749279.2895436,
    "it": 1714749294.9973752,
    "ja": 1714749312.751006,
    "ko": 1714749331.0079165,
    "pl": 1714749346.79824,
    "pt-BR": 1714749362.598759,
    "ru": 1714749378.339649,
    "tr": 1714749394.390611
}