{
    "en-US": 1714244970.679868,
    "ar": 1714244987.0679455,
    "de": 1714245002.5582805,
    "es-ES": 1714245018.164682,
    "es-MX": 1714245033.8672893,
    "fr": 1714245049.513732,
    "it": 1714245065.2560458,
    "ja": 1714245083.1316128,
    "ko": 1714245100.1196036,
    "pl": 1714245115.8684134,
    "pt-BR": 1714245131.63613,
    "ru": 1714245147.4161253,
    "tr": 1714245163.4585943
}