{
    "en-US": 1720581403.9371119,
    "ar": 1720581419.0491312,
    "de": 1720581434.1964033,
    "es-ES": 1720581449.2911577,
    "es-MX": 1720581464.4052744,
    "fr": 1720581479.5034337,
    "it": 1720581494.6149063,
    "ja": 1720581509.7007082,
    "ko": 1720581524.7893863,
    "pl": 1720581539.8730733,
    "pt-BR": 1720581554.9668756,
    "ru": 1720581570.0520687,
    "tr": 1720581585.1562724
}