{
    "en-US": 1716365844.438682,
    "ar": 1716365860.482451,
    "de": 1716365876.1077857,
    "es-ES": 1716365891.6741018,
    "es-MX": 1716365907.3278913,
    "fr": 1716365922.7456098,
    "it": 1716365938.512735,
    "ja": 1716365956.0461776,
    "ko": 1716365973.0532193,
    "pl": 1716365988.471305,
    "pt-BR": 1716366004.1895394,
    "ru": 1716366019.9489267,
    "tr": 1716366035.6557615
}