{
    "en-US": 1718489607.2862248,
    "ar": 1718489623.5091224,
    "de": 1718489639.6556537,
    "es-ES": 1718489654.8481715,
    "es-MX": 1718489670.03754,
    "fr": 1718489685.2029772,
    "it": 1718489700.3963356,
    "ja": 1718489715.5566273,
    "ko": 1718489730.7164881,
    "pl": 1718489745.8782127,
    "pt-BR": 1718489761.0481188,
    "ru": 1718489776.2145967,
    "tr": 1718489791.4103272
}