{
    "en-US": 1721855712.3537443,
    "ar": 1721855727.4553475,
    "de": 1721855742.5574715,
    "es-ES": 1721855757.6396737,
    "es-MX": 1721855772.751719,
    "fr": 1721855787.847509,
    "it": 1721855802.96363,
    "ja": 1721855818.0495985,
    "ko": 1721855833.145659,
    "pl": 1721855848.231304,
    "pt-BR": 1721855863.3392012,
    "ru": 1721855878.437928,
    "tr": 1721855893.557507
}