{
    "en-US": 1719166598.3244264,
    "ar": 1719166614.8699622,
    "de": 1719166630.9332466,
    "es-ES": 1719166646.1535835,
    "es-MX": 1719166661.384467,
    "fr": 1719166676.5617075,
    "it": 1719166691.7718794,
    "ja": 1719166706.9521945,
    "ko": 1719166722.1615162,
    "pl": 1719166737.3391452,
    "pt-BR": 1719166752.548007,
    "ru": 1719166767.7289495,
    "tr": 1719166782.9363096
}