{
    "en-US": 1716232253.7150347,
    "ar": 1716232269.7166677,
    "de": 1716232285.5556293,
    "es-ES": 1716232301.3389268,
    "es-MX": 1716232317.189601,
    "fr": 1716232332.7408137,
    "it": 1716232348.2986143,
    "ja": 1716232366.2612007,
    "ko": 1716232383.0010386,
    "pl": 1716232398.5573683,
    "pt-BR": 1716232414.4455683,
    "ru": 1716232430.07109,
    "tr": 1716232446.0423474
}