{
    "en-US": 1722179624.6031706,
    "ar": 1722179639.7904603,
    "de": 1722179654.981065,
    "es-ES": 1722179670.1432462,
    "es-MX": 1722179685.323543,
    "fr": 1722179700.48594,
    "it": 1722179715.679165,
    "ja": 1722179730.8502162,
    "ko": 1722179746.0329494,
    "pl": 1722179761.1916912,
    "pt-BR": 1722179776.36475,
    "ru": 1722179791.5257251,
    "tr": 1722179806.7114305
}