{
    "en-US": 1715929977.5005527,
    "ar": 1715929993.5821917,
    "de": 1715930008.9505672,
    "es-ES": 1715930024.546459,
    "es-MX": 1715930040.1541595,
    "fr": 1715930055.7614093,
    "it": 1715930071.4143043,
    "ja": 1715930088.8190236,
    "ko": 1715930105.6823635,
    "pl": 1715930121.386043,
    "pt-BR": 1715930137.0599475,
    "ru": 1715930152.5247612,
    "tr": 1715930168.1942232
}