{
    "en-US": 1718195079.459645,
    "ar": 1718195095.9007473,
    "de": 1718195111.9713202,
    "es-ES": 1718195127.196234,
    "es-MX": 1718195142.369891,
    "fr": 1718195157.5276725,
    "it": 1718195172.6885598,
    "ja": 1718195187.8502767,
    "ko": 1718195203.0277023,
    "pl": 1718195218.1849015,
    "pt-BR": 1718195233.3504667,
    "ru": 1718195248.509727,
    "tr": 1718195263.6739967
}