{
    "en-US": 1718028929.8487206,
    "ar": 1718028946.3977907,
    "de": 1718028962.427988,
    "es-ES": 1718028977.943905,
    "es-MX": 1718028993.0828288,
    "fr": 1718029008.2073708,
    "it": 1718029023.332152,
    "ja": 1718029038.4481308,
    "ko": 1718029053.5641258,
    "pl": 1718029068.7017117,
    "pt-BR": 1718029083.8148022,
    "ru": 1718029098.9426742,
    "tr": 1718029114.05306
}