{
    "en-US": 1718792102.8753047,
    "ar": 1718792118.0808766,
    "de": 1718792133.2878942,
    "es-ES": 1718792148.4512453,
    "es-MX": 1718792163.645374,
    "fr": 1718792178.807478,
    "it": 1718792194.0528994,
    "ja": 1718792209.217543,
    "ko": 1718792224.3881083,
    "pl": 1718792239.548016,
    "pt-BR": 1718792254.7228184,
    "ru": 1718792269.886881,
    "tr": 1718792285.0701926
}