{
    "en-US": 1717672368.4685316,
    "ar": 1717672384.722733,
    "de": 1717672399.896461,
    "es-ES": 1717672415.0028098,
    "es-MX": 1717672430.1410115,
    "fr": 1717672445.2448366,
    "it": 1717672460.3727794,
    "ja": 1717672475.5008388,
    "ko": 1717672490.6434014,
    "pl": 1717672505.7602189,
    "pt-BR": 1717672520.8828943,
    "ru": 1717672535.9884026,
    "tr": 1717672551.1043656
}