{
    "en-US": 1714998111.668894,
    "ar": 1714998127.6075275,
    "de": 1714998143.3431516,
    "es-ES": 1714998159.091309,
    "es-MX": 1714998174.8264015,
    "fr": 1714998190.533517,
    "it": 1714998206.3097115,
    "ja": 1714998224.1307805,
    "ko": 1714998242.103931,
    "pl": 1714998257.6423204,
    "pt-BR": 1714998273.4516675,
    "ru": 1714998289.522174,
    "tr": 1714998305.4330928
}