{
    "en-US": 1721308725.9912488,
    "ar": 1721308741.1087053,
    "de": 1721308756.2227144,
    "es-ES": 1721308771.343893,
    "es-MX": 1721308786.4628093,
    "fr": 1721308801.5972257,
    "it": 1721308816.7104607,
    "ja": 1721308831.8242702,
    "ko": 1721308846.942599,
    "pl": 1721308862.053587,
    "pt-BR": 1721308877.202015,
    "ru": 1721308892.341184,
    "tr": 1721308907.5293863
}