{
    "en-US": 1719206060.8534155,
    "ar": 1719206076.9636478,
    "de": 1719206093.0943985,
    "es-ES": 1719206108.2431774,
    "es-MX": 1719206123.4145536,
    "fr": 1719206138.5132515,
    "it": 1719206153.6313846,
    "ja": 1719206168.7299047,
    "ko": 1719206183.875773,
    "pl": 1719206198.9848816,
    "pt-BR": 1719206214.1104164,
    "ru": 1719206229.2157736,
    "tr": 1719206244.3331957
}