{
    "en-US": 1713705195.2605765,
    "ar": 1713705211.5619047,
    "de": 1713705227.2686207,
    "es-ES": 1713705242.9591806,
    "es-MX": 1713705258.6564436,
    "fr": 1713705274.4081104,
    "it": 1713705290.1184688,
    "ja": 1713705307.205823,
    "ko": 1713705324.0060208,
    "pl": 1713705339.7172089,
    "pt-BR": 1713705355.446044,
    "ru": 1713705371.2107568,
    "tr": 1713705386.9925294
}