{
    "en-US": 1722345450.9865568,
    "ar": 1722345466.1450844,
    "de": 1722345481.3162253,
    "es-ES": 1722345496.4803941,
    "es-MX": 1722345511.6603062,
    "fr": 1722345526.8233004,
    "it": 1722345542.0042593,
    "ja": 1722345557.1643453,
    "ko": 1722345572.3262901,
    "pl": 1722345587.4831986,
    "pt-BR": 1722345602.6689975,
    "ru": 1722345617.832816,
    "tr": 1722345633.0022576
}