{
    "en-US": 1718082921.253529,
    "ar": 1718082937.392681,
    "de": 1718082953.328778,
    "es-ES": 1718082968.9862502,
    "es-MX": 1718082984.126411,
    "fr": 1718082999.2378037,
    "it": 1718083014.3548481,
    "ja": 1718083029.4541104,
    "ko": 1718083044.5646555,
    "pl": 1718083059.6774492,
    "pt-BR": 1718083074.790212,
    "ru": 1718083089.882426,
    "tr": 1718083104.9836543
}