{
    "en-US": 1714184531.650955,
    "ar": 1714184548.2065203,
    "de": 1714184563.9003866,
    "es-ES": 1714184579.384131,
    "es-MX": 1714184595.1021461,
    "fr": 1714184610.8613458,
    "it": 1714184626.558832,
    "ja": 1714184644.222583,
    "ko": 1714184661.399861,
    "pl": 1714184677.100575,
    "pt-BR": 1714184692.8544476,
    "ru": 1714184708.96322,
    "tr": 1714184724.7556214
}