{
    "en-US": 1716192990.7263613,
    "ar": 1716193006.477428,
    "de": 1716193022.0883293,
    "es-ES": 1716193037.8359983,
    "es-MX": 1716193053.6146379,
    "fr": 1716193069.2203763,
    "it": 1716193084.9124691,
    "ja": 1716193102.3205554,
    "ko": 1716193119.2272007,
    "pl": 1716193134.6506557,
    "pt-BR": 1716193150.2916946,
    "ru": 1716193165.761469,
    "tr": 1716193181.431659
}