{
    "en-US": 1715128918.34444,
    "ar": 1715128934.2983499,
    "de": 1715128950.1703627,
    "es-ES": 1715128965.9778147,
    "es-MX": 1715128981.7592285,
    "fr": 1715128997.5513797,
    "it": 1715129013.2893558,
    "ja": 1715129031.0740795,
    "ko": 1715129048.5914276,
    "pl": 1715129064.4106936,
    "pt-BR": 1715129080.2071095,
    "ru": 1715129096.4341862,
    "tr": 1715129112.268011
}