{
    "en-US": 1720026781.4766166,
    "ar": 1720026796.6675909,
    "de": 1720026811.8735366,
    "es-ES": 1720026827.0434644,
    "es-MX": 1720026842.2602232,
    "fr": 1720026857.436882,
    "it": 1720026872.6212442,
    "ja": 1720026887.7993784,
    "ko": 1720026902.9703937,
    "pl": 1720026918.1416082,
    "pt-BR": 1720026933.3517723,
    "ru": 1720026948.5293446,
    "tr": 1720026963.710974
}