{
    "en-US": 1721272603.2293184,
    "ar": 1721272618.4192333,
    "de": 1721272633.6109476,
    "es-ES": 1721272648.7832913,
    "es-MX": 1721272663.994603,
    "fr": 1721272679.1707299,
    "it": 1721272694.3622067,
    "ja": 1721272709.536419,
    "ko": 1721272724.702361,
    "pl": 1721272739.8706334,
    "pt-BR": 1721272755.0684602,
    "ru": 1721272770.240971,
    "tr": 1721272785.407545
}