{
    "en-US": 1718403238.8234596,
    "ar": 1718403254.8933048,
    "de": 1718403270.5687988,
    "es-ES": 1718403285.7311785,
    "es-MX": 1718403300.839062,
    "fr": 1718403315.9470797,
    "it": 1718403331.051489,
    "ja": 1718403346.1511798,
    "ko": 1718403361.2462425,
    "pl": 1718403376.3777037,
    "pt-BR": 1718403391.4899216,
    "ru": 1718403406.58901,
    "tr": 1718403421.7065127
}