{
    "en-US": 1716351324.7373297,
    "ar": 1716351340.8432407,
    "de": 1716351356.6935987,
    "es-ES": 1716351372.4616,
    "es-MX": 1716351388.2370174,
    "fr": 1716351404.062883,
    "it": 1716351419.934598,
    "ja": 1716351435.97849,
    "ko": 1716351452.1520314,
    "pl": 1716351467.7212834,
    "pt-BR": 1716351483.5525784,
    "ru": 1716351499.3622947,
    "tr": 1716351515.1893737
}