{
    "en-US": 1718396041.4421418,
    "ar": 1718396057.793465,
    "de": 1718396074.0235863,
    "es-ES": 1718396089.2191613,
    "es-MX": 1718396104.4000328,
    "fr": 1718396119.5703256,
    "it": 1718396134.7512739,
    "ja": 1718396149.9123023,
    "ko": 1718396165.101922,
    "pl": 1718396180.2680652,
    "pt-BR": 1718396195.4540772,
    "ru": 1718396210.6232874,
    "tr": 1718396225.7947724
}