{
    "en-US": 1717744528.620833,
    "ar": 1717744545.097629,
    "de": 1717744560.9784524,
    "es-ES": 1717744576.3803449,
    "es-MX": 1717744591.5412955,
    "fr": 1717744606.6490757,
    "it": 1717744621.7690272,
    "ja": 1717744636.88848,
    "ko": 1717744652.013606,
    "pl": 1717744667.139918,
    "pt-BR": 1717744682.2410858,
    "ru": 1717744697.3553562,
    "tr": 1717744712.463771
}