{
    "en-US": 1721225637.1594565,
    "ar": 1721225652.2609282,
    "de": 1721225667.384931,
    "es-ES": 1721225682.485304,
    "es-MX": 1721225697.6155224,
    "fr": 1721225712.714545,
    "it": 1721225727.840833,
    "ja": 1721225742.924342,
    "ko": 1721225758.0536163,
    "pl": 1721225773.1479564,
    "pt-BR": 1721225788.2885602,
    "ru": 1721225803.3843107,
    "tr": 1721225818.4853497
}