{
    "en-US": 1719123447.6964,
    "ar": 1719123463.9567015,
    "de": 1719123479.795666,
    "es-ES": 1719123494.9971178,
    "es-MX": 1719123510.1888947,
    "fr": 1719123525.3488493,
    "it": 1719123540.5283022,
    "ja": 1719123555.7002215,
    "ko": 1719123570.8909097,
    "pl": 1719123586.074951,
    "pt-BR": 1719123601.2540581,
    "ru": 1719123616.424497,
    "tr": 1719123631.5989714
}