{
    "en-US": 1716239569.997289,
    "ar": 1716239585.9671354,
    "de": 1716239601.639122,
    "es-ES": 1716239617.2839158,
    "es-MX": 1716239633.0316205,
    "fr": 1716239648.737667,
    "it": 1716239664.4258847,
    "ja": 1716239682.6694188,
    "ko": 1716239699.8182814,
    "pl": 1716239715.2304566,
    "pt-BR": 1716239731.0093703,
    "ru": 1716239746.5196044,
    "tr": 1716239762.4168737
}