{
    "en-US": 1716070253.5596187,
    "ar": 1716070269.3844838,
    "de": 1716070285.1744885,
    "es-ES": 1716070300.8665087,
    "es-MX": 1716070316.6064699,
    "fr": 1716070332.0925915,
    "it": 1716070347.7902691,
    "ja": 1716070363.842403,
    "ko": 1716070380.0257618,
    "pl": 1716070395.870522,
    "pt-BR": 1716070411.5982013,
    "ru": 1716070427.3604243,
    "tr": 1716070443.1203153
}