{
    "en-US": 1713833440.0152297,
    "ar": 1713833455.8958836,
    "de": 1713833471.4546714,
    "es-ES": 1713833487.0627806,
    "es-MX": 1713833502.6834633,
    "fr": 1713833518.2275553,
    "it": 1713833533.6544309,
    "ja": 1713833551.324546,
    "ko": 1713833568.4185174,
    "pl": 1713833584.1259062,
    "pt-BR": 1713833599.7085094,
    "ru": 1713833615.3858013,
    "tr": 1713833631.0481267
}