{
    "en-US": 1714706074.7286935,
    "ar": 1714706090.7143726,
    "de": 1714706106.354455,
    "es-ES": 1714706121.9771652,
    "es-MX": 1714706137.5944245,
    "fr": 1714706153.2367542,
    "it": 1714706168.849114,
    "ja": 1714706186.257827,
    "ko": 1714706203.6486254,
    "pl": 1714706219.2687237,
    "pt-BR": 1714706234.8969283,
    "ru": 1714706250.6433468,
    "tr": 1714706266.3638244
}