{
    "en-US": 1719893832.7939935,
    "ar": 1719893847.974033,
    "de": 1719893863.1666346,
    "es-ES": 1719893878.3405933,
    "es-MX": 1719893893.5267236,
    "fr": 1719893908.7019649,
    "it": 1719893923.9078157,
    "ja": 1719893939.0781143,
    "ko": 1719893954.2451808,
    "pl": 1719893969.411935,
    "pt-BR": 1719893984.6073174,
    "ru": 1719893999.7838085,
    "tr": 1719894014.9760485
}