{
    "en-US": 1717334013.0788217,
    "ar": 1717334029.1636825,
    "de": 1717334044.8169117,
    "es-ES": 1717334060.711945,
    "es-MX": 1717334076.62799,
    "fr": 1717334092.5750878,
    "it": 1717334108.4492376,
    "ja": 1717334124.8323276,
    "ko": 1717334141.0342877,
    "pl": 1717334156.871292,
    "pt-BR": 1717334172.723317,
    "ru": 1717334188.8711085,
    "tr": 1717334204.8234704
}