{
    "en-US": 1721761992.5329473,
    "ar": 1721762007.6771998,
    "de": 1721762022.7865653,
    "es-ES": 1721762037.890214,
    "es-MX": 1721762053.0219078,
    "fr": 1721762068.1124308,
    "it": 1721762083.2534735,
    "ja": 1721762098.3431501,
    "ko": 1721762113.467206,
    "pl": 1721762128.5593972,
    "pt-BR": 1721762143.6742656,
    "ru": 1721762158.7709255,
    "tr": 1721762173.943124
}