{
    "en-US": 1716894693.9252434,
    "ar": 1716894709.686014,
    "de": 1716894725.3622625,
    "es-ES": 1716894740.9578185,
    "es-MX": 1716894756.7181957,
    "fr": 1716894772.5850048,
    "it": 1716894788.2485504,
    "ja": 1716894805.992587,
    "ko": 1716894822.6198359,
    "pl": 1716894838.275764,
    "pt-BR": 1716894854.051156,
    "ru": 1716894869.5902336,
    "tr": 1716894885.413414
}