{
    "en-US": 1718684141.890494,
    "ar": 1718684158.243048,
    "de": 1718684174.3957036,
    "es-ES": 1718684189.613215,
    "es-MX": 1718684204.8308325,
    "fr": 1718684219.9990075,
    "it": 1718684235.1911652,
    "ja": 1718684250.3606026,
    "ko": 1718684265.5563517,
    "pl": 1718684280.7359548,
    "pt-BR": 1718684295.9243793,
    "ru": 1718684311.103164,
    "tr": 1718684326.3009355
}