{
    "en-US": 1714457751.2218022,
    "ar": 1714457767.4432056,
    "de": 1714457783.0849667,
    "es-ES": 1714457798.719948,
    "es-MX": 1714457814.404264,
    "fr": 1714457830.1044424,
    "it": 1714457846.018065,
    "ja": 1714457863.9130783,
    "ko": 1714457880.946069,
    "pl": 1714457896.6121411,
    "pt-BR": 1714457912.3141105,
    "ru": 1714457928.075018,
    "tr": 1714457944.0404515
}