{
    "en-US": 1722193905.4544294,
    "ar": 1722193920.6286867,
    "de": 1722193935.8086329,
    "es-ES": 1722193950.997305,
    "es-MX": 1722193966.168153,
    "fr": 1722193981.33821,
    "it": 1722193996.53341,
    "ja": 1722194011.6946852,
    "ko": 1722194026.8571715,
    "pl": 1722194042.0750415,
    "pt-BR": 1722194057.2710688,
    "ru": 1722194072.4333916,
    "tr": 1722194087.618389
}