{
    "en-US": 1720707246.516569,
    "ar": 1720707261.636605,
    "de": 1720707276.7640333,
    "es-ES": 1720707291.8745847,
    "es-MX": 1720707306.98975,
    "fr": 1720707322.108201,
    "it": 1720707337.2846956,
    "ja": 1720707352.5881898,
    "ko": 1720707367.697937,
    "pl": 1720707382.8111784,
    "pt-BR": 1720707397.954225,
    "ru": 1720707413.0836575,
    "tr": 1720707428.2323384
}