{
    "en-US": 1716952475.4353566,
    "ar": 1716952491.4961312,
    "de": 1716952507.2931871,
    "es-ES": 1716952523.0480945,
    "es-MX": 1716952539.2886083,
    "fr": 1716952555.20553,
    "it": 1716952571.121497,
    "ja": 1716952587.3473125,
    "ko": 1716952603.6531348,
    "pl": 1716952619.7825594,
    "pt-BR": 1716952635.7510898,
    "ru": 1716952651.6459992,
    "tr": 1716952667.5392725
}