{
    "en-US": 1714929025.005079,
    "ar": 1714929041.2183366,
    "de": 1714929056.9706342,
    "es-ES": 1714929072.657546,
    "es-MX": 1714929088.404207,
    "fr": 1714929104.239704,
    "it": 1714929120.0257554,
    "ja": 1714929136.7862217,
    "ko": 1714929153.0408146,
    "pl": 1714929168.8832393,
    "pt-BR": 1714929184.6535716,
    "ru": 1714929200.49797,
    "tr": 1714929216.5210402
}