{
    "en-US": 1716282893.7103896,
    "ar": 1716282909.6575854,
    "de": 1716282925.4334452,
    "es-ES": 1716282941.1060634,
    "es-MX": 1716282956.9072576,
    "fr": 1716282972.4777622,
    "it": 1716282988.2216804,
    "ja": 1716283005.5275817,
    "ko": 1716283022.3329916,
    "pl": 1716283038.2052636,
    "pt-BR": 1716283053.742072,
    "ru": 1716283069.603945,
    "tr": 1716283085.4061434
}