{
    "en-US": 1721884455.6788843,
    "ar": 1721884470.9080143,
    "de": 1721884486.1402326,
    "es-ES": 1721884501.3629186,
    "es-MX": 1721884516.6164553,
    "fr": 1721884531.8327184,
    "it": 1721884547.068678,
    "ja": 1721884562.2880733,
    "ko": 1721884577.5096438,
    "pl": 1721884592.732208,
    "pt-BR": 1721884607.9834356,
    "ru": 1721884623.2053607,
    "tr": 1721884638.4271848
}