{
    "en-US": 1721085323.9132776,
    "ar": 1721085339.0256,
    "de": 1721085354.128456,
    "es-ES": 1721085369.233752,
    "es-MX": 1721085384.3544376,
    "fr": 1721085399.4796727,
    "it": 1721085414.5875034,
    "ja": 1721085429.7076313,
    "ko": 1721085444.8330874,
    "pl": 1721085459.9520428,
    "pt-BR": 1721085475.0769432,
    "ru": 1721085490.2004125,
    "tr": 1721085505.3286626
}