{
    "en-US": 1718806398.3924503,
    "ar": 1718806414.7060034,
    "de": 1718806430.716039,
    "es-ES": 1718806445.906095,
    "es-MX": 1718806461.1179035,
    "fr": 1718806476.2827375,
    "it": 1718806491.460194,
    "ja": 1718806506.6200848,
    "ko": 1718806521.8186743,
    "pl": 1718806536.9855616,
    "pt-BR": 1718806552.1617348,
    "ru": 1718806567.3308778,
    "tr": 1718806582.5115163
}