{
    "en-US": 1718983194.1710637,
    "ar": 1718983209.3180625,
    "de": 1718983224.4997232,
    "es-ES": 1718983239.5987523,
    "es-MX": 1718983254.7220132,
    "fr": 1718983269.833774,
    "it": 1718983285.0156057,
    "ja": 1718983300.121114,
    "ko": 1718983315.2903671,
    "pl": 1718983330.398707,
    "pt-BR": 1718983345.5383508,
    "ru": 1718983360.661064,
    "tr": 1718983375.8222103
}