{
    "en-US": 1717980989.2540522,
    "ar": 1717981005.4807365,
    "de": 1717981021.4305453,
    "es-ES": 1717981037.352046,
    "es-MX": 1717981053.5452254,
    "fr": 1717981069.6554844,
    "it": 1717981085.9014876,
    "ja": 1717981101.0383337,
    "ko": 1717981116.1565711,
    "pl": 1717981131.259039,
    "pt-BR": 1717981146.4068453,
    "ru": 1717981161.5060477,
    "tr": 1717981176.6219256
}