{
    "en-US": 1717413121.035932,
    "ar": 1717413137.0727222,
    "de": 1717413152.8397715,
    "es-ES": 1717413168.5654278,
    "es-MX": 1717413184.7102497,
    "fr": 1717413200.3443437,
    "it": 1717413216.3281665,
    "ja": 1717413232.5164928,
    "ko": 1717413248.7353861,
    "pl": 1717413264.5967815,
    "pt-BR": 1717413280.8197095,
    "ru": 1717413296.7415302,
    "tr": 1717413312.778501
}