{
    "en-US": 1716142563.5757213,
    "ar": 1716142579.3800287,
    "de": 1716142595.0196884,
    "es-ES": 1716142610.6904047,
    "es-MX": 1716142626.3919592,
    "fr": 1716142641.800831,
    "it": 1716142657.184625,
    "ja": 1716142674.6497684,
    "ko": 1716142691.5386777,
    "pl": 1716142706.9437807,
    "pt-BR": 1716142722.5914488,
    "ru": 1716142738.0638115,
    "tr": 1716142753.9928305
}