{
    "en-US": 1715750039.8876214,
    "ar": 1715750055.12262,
    "de": 1715750070.3573194,
    "es-ES": 1715750086.384853,
    "es-MX": 1715750101.6131306,
    "fr": 1715750117.4131956,
    "it": 1715750132.6471314,
    "ja": 1715750150.3294315,
    "ko": 1715750165.5883067,
    "pl": 1715750180.77309,
    "pt-BR": 1715750196.8620195,
    "ru": 1715750212.4558277,
    "tr": 1715750228.221322
}