{
    "en-US": 1721636297.1002898,
    "ar": 1721636312.2932916,
    "de": 1721636327.470635,
    "es-ES": 1721636342.6248477,
    "es-MX": 1721636357.7897866,
    "fr": 1721636372.9534764,
    "it": 1721636388.147748,
    "ja": 1721636403.3119993,
    "ko": 1721636418.4845345,
    "pl": 1721636433.6361346,
    "pt-BR": 1721636448.812816,
    "ru": 1721636463.9786513,
    "tr": 1721636479.1555707
}