{
    "en-US": 1716174890.8364823,
    "ar": 1716174907.0028028,
    "de": 1716174922.7699914,
    "es-ES": 1716174938.599595,
    "es-MX": 1716174954.38647,
    "fr": 1716174970.1482832,
    "it": 1716174985.9440992,
    "ja": 1716175003.3860085,
    "ko": 1716175020.370991,
    "pl": 1716175035.9402049,
    "pt-BR": 1716175051.7181573,
    "ru": 1716175067.520604,
    "tr": 1716175083.340803
}