{
    "en-US": 1715152466.115085,
    "ar": 1715152482.7203646,
    "de": 1715152498.4566555,
    "es-ES": 1715152514.5647023,
    "es-MX": 1715152530.3212252,
    "fr": 1715152546.0717387,
    "it": 1715152561.835101,
    "ja": 1715152580.360397,
    "ko": 1715152597.9782336,
    "pl": 1715152613.740624,
    "pt-BR": 1715152629.7371519,
    "ru": 1715152645.5736833,
    "tr": 1715152661.4419928
}