{
    "en-US": 1721276212.7531567,
    "ar": 1721276227.9267924,
    "de": 1721276243.112283,
    "es-ES": 1721276258.2764301,
    "es-MX": 1721276273.4440622,
    "fr": 1721276288.6086257,
    "it": 1721276303.8262193,
    "ja": 1721276319.0029974,
    "ko": 1721276334.1691742,
    "pl": 1721276349.3456478,
    "pt-BR": 1721276364.5380893,
    "ru": 1721276379.7124124,
    "tr": 1721276394.9260962
}