{
    "en-US": 1715581054.9905572,
    "ar": 1715581071.2813923,
    "de": 1715581087.0801384,
    "es-ES": 1715581102.820534,
    "es-MX": 1715581118.5863373,
    "fr": 1715581134.3330164,
    "it": 1715581150.080795,
    "ja": 1715581169.2281826,
    "ko": 1715581186.6605613,
    "pl": 1715581202.4494846,
    "pt-BR": 1715581218.1969938,
    "ru": 1715581234.1069443,
    "tr": 1715581250.192754
}