{
    "en-US": 1716059416.738883,
    "ar": 1716059433.0151422,
    "de": 1716059448.7337008,
    "es-ES": 1716059464.4383552,
    "es-MX": 1716059480.2174098,
    "fr": 1716059495.9658556,
    "it": 1716059511.7316985,
    "ja": 1716059528.9637942,
    "ko": 1716059545.651398,
    "pl": 1716059561.4345894,
    "pt-BR": 1716059577.2972174,
    "ru": 1716059592.8961558,
    "tr": 1716059608.6768215
}