{
    "en-US": 1719512215.353445,
    "ar": 1719512230.4973242,
    "de": 1719512245.626214,
    "es-ES": 1719512260.7493894,
    "es-MX": 1719512275.8834486,
    "fr": 1719512290.9952693,
    "it": 1719512306.1532137,
    "ja": 1719512321.262619,
    "ko": 1719512336.3767002,
    "pl": 1719512351.485681,
    "pt-BR": 1719512366.648923,
    "ru": 1719512381.7746317,
    "tr": 1719512396.9094405
}