{
    "en-US": 1721466852.898959,
    "ar": 1721466867.9985797,
    "de": 1721466883.0959058,
    "es-ES": 1721466898.1806853,
    "es-MX": 1721466913.2798476,
    "fr": 1721466928.3716,
    "it": 1721466943.4861002,
    "ja": 1721466958.5947597,
    "ko": 1721466973.6902678,
    "pl": 1721466988.777813,
    "pt-BR": 1721467003.8790388,
    "ru": 1721467018.972703,
    "tr": 1721467034.0832891
}