{
    "en-US": 1720757758.9652119,
    "ar": 1720757774.1287704,
    "de": 1720757789.2972667,
    "es-ES": 1720757804.4518175,
    "es-MX": 1720757819.618753,
    "fr": 1720757834.7874665,
    "it": 1720757849.976894,
    "ja": 1720757865.133114,
    "ko": 1720757880.2947648,
    "pl": 1720757895.464989,
    "pt-BR": 1720757910.634209,
    "ru": 1720757925.805728,
    "tr": 1720757941.0184755
}