{
    "en-US": 1716671513.6678941,
    "ar": 1716671529.883773,
    "de": 1716671545.6783276,
    "es-ES": 1716671561.4458108,
    "es-MX": 1716671577.080057,
    "fr": 1716671592.7056851,
    "it": 1716671608.5872965,
    "ja": 1716671625.9702914,
    "ko": 1716671642.8573294,
    "pl": 1716671658.708666,
    "pt-BR": 1716671674.3486314,
    "ru": 1716671689.9999013,
    "tr": 1716671705.8909936
}