{
    "en-US": 1714515121.7817843,
    "ar": 1714515137.8167372,
    "de": 1714515153.5439525,
    "es-ES": 1714515169.0350637,
    "es-MX": 1714515184.5863407,
    "fr": 1714515200.336549,
    "it": 1714515216.1560552,
    "ja": 1714515233.225796,
    "ko": 1714515249.5588262,
    "pl": 1714515265.4119642,
    "pt-BR": 1714515281.2456279,
    "ru": 1714515297.365621,
    "tr": 1714515313.4008422
}