{
    "en-US": 1714220330.415776,
    "ar": 1714220346.5405457,
    "de": 1714220362.1931717,
    "es-ES": 1714220377.8668342,
    "es-MX": 1714220393.5782816,
    "fr": 1714220409.2700298,
    "it": 1714220424.983391,
    "ja": 1714220442.6314728,
    "ko": 1714220459.9334247,
    "pl": 1714220475.6649342,
    "pt-BR": 1714220491.3768766,
    "ru": 1714220507.464043,
    "tr": 1714220523.457248
}