{
    "en-US": 1718662392.1657012,
    "ar": 1718662407.356798,
    "de": 1718662422.5306008,
    "es-ES": 1718662437.635677,
    "es-MX": 1718662452.7580724,
    "fr": 1718662467.8705976,
    "it": 1718662482.9940038,
    "ja": 1718662498.1806054,
    "ko": 1718662513.2939012,
    "pl": 1718662528.3925333,
    "pt-BR": 1718662543.5217757,
    "ru": 1718662558.6235368,
    "tr": 1718662573.7573524
}