{
    "en-US": 1718255697.2619038,
    "ar": 1718255713.3668182,
    "de": 1718255729.6059432,
    "es-ES": 1718255744.7990208,
    "es-MX": 1718255760.0298688,
    "fr": 1718255775.1993556,
    "it": 1718255790.3841257,
    "ja": 1718255805.5689955,
    "ko": 1718255820.7701006,
    "pl": 1718255835.9526396,
    "pt-BR": 1718255851.1317,
    "ru": 1718255866.305845,
    "tr": 1718255881.4866853
}