{
    "en-US": 1718565201.2251136,
    "ar": 1718565216.419541,
    "de": 1718565231.6148195,
    "es-ES": 1718565246.7635312,
    "es-MX": 1718565261.9271564,
    "fr": 1718565277.0734556,
    "it": 1718565292.2516003,
    "ja": 1718565307.4007065,
    "ko": 1718565322.5614114,
    "pl": 1718565337.728932,
    "pt-BR": 1718565352.9070132,
    "ru": 1718565368.0635436,
    "tr": 1718565383.2398546
}