{
    "en-US": 1713694302.6296499,
    "ar": 1713694318.9512417,
    "de": 1713694334.5780852,
    "es-ES": 1713694350.057281,
    "es-MX": 1713694365.8572278,
    "fr": 1713694381.5199423,
    "it": 1713694397.1864002,
    "ja": 1713694414.8808503,
    "ko": 1713694431.6963513,
    "pl": 1713694447.6233623,
    "pt-BR": 1713694463.56823,
    "ru": 1713694479.3452282,
    "tr": 1713694495.3161564
}