{
    "en-US": 1716877027.5532677,
    "ar": 1716877043.3446972,
    "de": 1716877059.0729852,
    "es-ES": 1716877074.7897573,
    "es-MX": 1716877090.6129024,
    "fr": 1716877106.3431156,
    "it": 1716877122.2643874,
    "ja": 1716877138.4510415,
    "ko": 1716877154.736675,
    "pl": 1716877170.6452148,
    "pt-BR": 1716877186.2711813,
    "ru": 1716877202.2718246,
    "tr": 1716877217.9196515
}