{
    "en-US": 1718341999.5095594,
    "ar": 1718342015.81198,
    "de": 1718342031.496325,
    "es-ES": 1718342046.6821465,
    "es-MX": 1718342061.902268,
    "fr": 1718342077.0816572,
    "it": 1718342092.2590427,
    "ja": 1718342107.4311833,
    "ko": 1718342122.6498754,
    "pl": 1718342137.8192205,
    "pt-BR": 1718342152.989781,
    "ru": 1718342168.161985,
    "tr": 1718342183.331833
}