{
    "en-US": 1717295882.8143373,
    "ar": 1717295898.7477348,
    "de": 1717295914.2667127,
    "es-ES": 1717295930.0107691,
    "es-MX": 1717295945.6340938,
    "fr": 1717295961.2971206,
    "it": 1717295976.911312,
    "ja": 1717295994.4443393,
    "ko": 1717296011.2213671,
    "pl": 1717296027.1620812,
    "pt-BR": 1717296042.7752087,
    "ru": 1717296058.5068128,
    "tr": 1717296074.3639567
}