{
    "en-US": 1715098479.6764417,
    "ar": 1715098514.917403,
    "de": 1715098532.9939282,
    "es-ES": 1715098548.2560809,
    "es-MX": 1715098563.4839268,
    "fr": 1715098578.727694,
    "it": 1715098593.9703639,
    "ja": 1715098609.235672,
    "ko": 1715098624.4648175,
    "pl": 1715098639.6925778,
    "pt-BR": 1715098655.8478198,
    "ru": 1715098671.4906418,
    "tr": 1715098687.3312812
}