{
    "en-US": 1715584368.317412,
    "ar": 1715584386.0599556,
    "de": 1715584401.6872199,
    "es-ES": 1715584417.350113,
    "es-MX": 1715584433.1314,
    "fr": 1715584448.8998685,
    "it": 1715584464.5970228,
    "ja": 1715584481.8514812,
    "ko": 1715584498.700758,
    "pl": 1715584514.4596148,
    "pt-BR": 1715584530.2512832,
    "ru": 1715584546.0737445,
    "tr": 1715584561.909055
}