{
    "en-US": 1713910394.7436876,
    "ar": 1713910411.00717,
    "de": 1713910426.7009387,
    "es-ES": 1713910442.3756344,
    "es-MX": 1713910458.0744476,
    "fr": 1713910473.7622507,
    "it": 1713910489.5242562,
    "ja": 1713910506.9825244,
    "ko": 1713910523.6307309,
    "pl": 1713910539.5481267,
    "pt-BR": 1713910555.8216832,
    "ru": 1713910571.6759918,
    "tr": 1713910587.4995277
}