{
    "en-US": 1715043102.021537,
    "ar": 1715043117.296429,
    "de": 1715043132.6191554,
    "es-ES": 1715043147.842368,
    "es-MX": 1715043163.6142244,
    "fr": 1715043179.3225367,
    "it": 1715043194.8235965,
    "ja": 1715043210.0849934,
    "ko": 1715043227.7000265,
    "pl": 1715043242.9433503,
    "pt-BR": 1715043258.188689,
    "ru": 1715043273.4190269,
    "tr": 1715043288.6514187
}