{
    "en-US": 1715797001.934656,
    "ar": 1715797018.349605,
    "de": 1715797033.9317224,
    "es-ES": 1715797049.5674062,
    "es-MX": 1715797065.321971,
    "fr": 1715797081.024032,
    "it": 1715797096.4647286,
    "ja": 1715797114.1589637,
    "ko": 1715797131.2774312,
    "pl": 1715797146.9731398,
    "pt-BR": 1715797162.6822283,
    "ru": 1715797178.1209123,
    "tr": 1715797193.889333
}