{
    "en-US": 1717942365.541697,
    "ar": 1717942381.7594807,
    "de": 1717942397.7538598,
    "es-ES": 1717942413.6140583,
    "es-MX": 1717942428.79659,
    "fr": 1717942443.9760208,
    "it": 1717942459.1409445,
    "ja": 1717942474.3057566,
    "ko": 1717942489.4882936,
    "pl": 1717942504.6704943,
    "pt-BR": 1717942519.8760037,
    "ru": 1717942535.0413017,
    "tr": 1717942550.2085993
}