{
    "en-US": 1721754841.1967235,
    "ar": 1721754856.304378,
    "de": 1721754871.4439452,
    "es-ES": 1721754886.54684,
    "es-MX": 1721754901.7312336,
    "fr": 1721754916.8454173,
    "it": 1721754931.9560733,
    "ja": 1721754947.0572543,
    "ko": 1721754962.167459,
    "pl": 1721754977.2582755,
    "pt-BR": 1721754992.4129453,
    "ru": 1721755007.5130007,
    "tr": 1721755022.6314054
}