{
    "en-US": 1714292165.5483751,
    "ar": 1714292181.9083943,
    "de": 1714292197.4267492,
    "es-ES": 1714292212.9482532,
    "es-MX": 1714292228.4569795,
    "fr": 1714292244.0465653,
    "it": 1714292259.626709,
    "ja": 1714292277.808822,
    "ko": 1714292294.98752,
    "pl": 1714292310.6306984,
    "pt-BR": 1714292326.1935906,
    "ru": 1714292341.8374908,
    "tr": 1714292357.640846
}