{
    "en-US": 1714789240.2032766,
    "ar": 1714789256.2802093,
    "de": 1714789272.0044708,
    "es-ES": 1714789287.7341216,
    "es-MX": 1714789303.557984,
    "fr": 1714789319.1040266,
    "it": 1714789334.844473,
    "ja": 1714789351.443546,
    "ko": 1714789367.6768346,
    "pl": 1714789383.6295977,
    "pt-BR": 1714789399.3729827,
    "ru": 1714789415.1232023,
    "tr": 1714789430.875587
}