{
    "en-US": 1721258112.8880522,
    "ar": 1721258128.0709236,
    "de": 1721258143.26131,
    "es-ES": 1721258158.4456916,
    "es-MX": 1721258173.6478496,
    "fr": 1721258188.8216379,
    "it": 1721258204.0160983,
    "ja": 1721258219.1899312,
    "ko": 1721258234.363065,
    "pl": 1721258249.529025,
    "pt-BR": 1721258264.7453208,
    "ru": 1721258279.9332013,
    "tr": 1721258295.10952
}