{
    "en-US": 1720808351.9452236,
    "ar": 1720808367.1255922,
    "de": 1720808382.3204184,
    "es-ES": 1720808397.511644,
    "es-MX": 1720808412.6873267,
    "fr": 1720808427.8379378,
    "it": 1720808443.032472,
    "ja": 1720808458.1958618,
    "ko": 1720808473.3629189,
    "pl": 1720808488.5210495,
    "pt-BR": 1720808503.6859448,
    "ru": 1720808518.8595207,
    "tr": 1720808534.0485542
}