{
    "en-US": 1715588203.5605938,
    "ar": 1715588219.720537,
    "de": 1715588235.460591,
    "es-ES": 1715588251.1915197,
    "es-MX": 1715588266.909784,
    "fr": 1715588282.6817582,
    "it": 1715588298.6520035,
    "ja": 1715588317.2755795,
    "ko": 1715588334.435843,
    "pl": 1715588350.2169595,
    "pt-BR": 1715588365.9531715,
    "ru": 1715588381.767722,
    "tr": 1715588397.759878
}