{
    "en-US": 1719987616.4869683,
    "ar": 1719987631.6037176,
    "de": 1719987646.7153687,
    "es-ES": 1719987661.8306055,
    "es-MX": 1719987676.943407,
    "fr": 1719987692.0516777,
    "it": 1719987707.1903636,
    "ja": 1719987722.2871947,
    "ko": 1719987737.3865623,
    "pl": 1719987752.4986966,
    "pt-BR": 1719987767.6073482,
    "ru": 1719987782.7238042,
    "tr": 1719987797.8734446
}