{
    "en-US": 1720144791.2033882,
    "ar": 1720144806.3778937,
    "de": 1720144821.5486283,
    "es-ES": 1720144836.7061956,
    "es-MX": 1720144851.8875751,
    "fr": 1720144867.0437906,
    "it": 1720144882.2386658,
    "ja": 1720144897.3943493,
    "ko": 1720144912.5590122,
    "pl": 1720144927.7196434,
    "pt-BR": 1720144942.8918445,
    "ru": 1720144958.0547943,
    "tr": 1720144973.2368872
}