{
    "en-US": 1718774081.5020125,
    "ar": 1718774097.663587,
    "de": 1718774113.834301,
    "es-ES": 1718774129.035507,
    "es-MX": 1718774144.2283013,
    "fr": 1718774159.396996,
    "it": 1718774174.5876923,
    "ja": 1718774189.763907,
    "ko": 1718774204.956618,
    "pl": 1718774220.146593,
    "pt-BR": 1718774235.3346977,
    "ru": 1718774250.5110257,
    "tr": 1718774265.696441
}