{
    "en-US": 1722075258.5850565,
    "ar": 1722075273.758963,
    "de": 1722075288.924892,
    "es-ES": 1722075304.0907588,
    "es-MX": 1722075319.2782962,
    "fr": 1722075334.4365878,
    "it": 1722075349.5993168,
    "ja": 1722075364.7567837,
    "ko": 1722075379.9190643,
    "pl": 1722075395.0775712,
    "pt-BR": 1722075410.2663589,
    "ru": 1722075425.421241,
    "tr": 1722075440.5761695
}