{
    "en-US": 1720206644.100709,
    "ar": 1720206659.275488,
    "de": 1720206674.463329,
    "es-ES": 1720206689.633707,
    "es-MX": 1720206704.8153539,
    "fr": 1720206719.9813464,
    "it": 1720206735.1613226,
    "ja": 1720206750.3261673,
    "ko": 1720206765.4948137,
    "pl": 1720206780.6578999,
    "pt-BR": 1720206795.8496907,
    "ru": 1720206811.0171475,
    "tr": 1720206826.1854668
}