{
    "en-US": 1716736424.176032,
    "ar": 1716736440.2824333,
    "de": 1716736455.6378913,
    "es-ES": 1716736470.980029,
    "es-MX": 1716736486.7744355,
    "fr": 1716736502.2767994,
    "it": 1716736518.0075436,
    "ja": 1716736535.6856725,
    "ko": 1716736552.5917585,
    "pl": 1716736568.5755057,
    "pt-BR": 1716736584.3568668,
    "ru": 1716736600.156338,
    "tr": 1716736616.2179623
}