{
    "en-US": 1722064472.0154717,
    "ar": 1722064487.1095903,
    "de": 1722064502.2061357,
    "es-ES": 1722064517.320281,
    "es-MX": 1722064532.4209406,
    "fr": 1722064547.503539,
    "it": 1722064562.6029916,
    "ja": 1722064577.6854942,
    "ko": 1722064592.7840533,
    "pl": 1722064607.8828933,
    "pt-BR": 1722064622.9805155,
    "ru": 1722064638.0680785,
    "tr": 1722064653.1616454
}