{
    "en-US": 1714438259.9470162,
    "ar": 1714438276.037723,
    "de": 1714438291.7218251,
    "es-ES": 1714438307.2596173,
    "es-MX": 1714438323.103491,
    "fr": 1714438338.9173129,
    "it": 1714438354.7478597,
    "ja": 1714438372.851521,
    "ko": 1714438390.696975,
    "pl": 1714438406.2957127,
    "pt-BR": 1714438421.8515246,
    "ru": 1714438437.7714028,
    "tr": 1714438453.6919005
}