{
    "en-US": 1718389067.803193,
    "ar": 1718389084.2364538,
    "de": 1718389100.166067,
    "es-ES": 1718389115.4019442,
    "es-MX": 1718389130.648101,
    "fr": 1718389145.84439,
    "it": 1718389161.0645478,
    "ja": 1718389176.2715433,
    "ko": 1718389191.4921236,
    "pl": 1718389206.7119489,
    "pt-BR": 1718389221.9169846,
    "ru": 1718389237.105559,
    "tr": 1718389252.324085
}