{
    "en-US": 1719544606.6517363,
    "ar": 1719544621.7737625,
    "de": 1719544636.8826118,
    "es-ES": 1719544651.9826257,
    "es-MX": 1719544667.1007018,
    "fr": 1719544682.2090857,
    "it": 1719544697.3399425,
    "ja": 1719544712.4318767,
    "ko": 1719544727.5388682,
    "pl": 1719544742.636643,
    "pt-BR": 1719544757.7462149,
    "ru": 1719544772.8478577,
    "tr": 1719544787.9757426
}