{
    "en-US": 1716801311.9865746,
    "ar": 1716801327.9038687,
    "de": 1716801343.6036224,
    "es-ES": 1716801359.2691882,
    "es-MX": 1716801375.0584905,
    "fr": 1716801390.6030838,
    "it": 1716801406.513884,
    "ja": 1716801423.895331,
    "ko": 1716801440.838906,
    "pl": 1716801456.6928325,
    "pt-BR": 1716801472.506668,
    "ru": 1716801488.081937,
    "tr": 1716801503.9387448
}