{
    "en-US": 1718412902.205701,
    "ar": 1718412918.103086,
    "de": 1718412933.9908762,
    "es-ES": 1718412949.3635242,
    "es-MX": 1718412964.4929795,
    "fr": 1718412979.6117032,
    "it": 1718412994.7465506,
    "ja": 1718413009.8487892,
    "ko": 1718413024.9497426,
    "pl": 1718413040.048835,
    "pt-BR": 1718413055.2048943,
    "ru": 1718413070.3720503,
    "tr": 1718413085.4977927
}