{
    "en-US": 1714320801.3570282,
    "ar": 1714320817.3667138,
    "de": 1714320833.0318596,
    "es-ES": 1714320848.7327619,
    "es-MX": 1714320864.6817513,
    "fr": 1714320880.4410338,
    "it": 1714320896.1883042,
    "ja": 1714320912.7054965,
    "ko": 1714320928.991068,
    "pl": 1714320944.7264519,
    "pt-BR": 1714320960.4874244,
    "ru": 1714320976.5016553,
    "tr": 1714320992.2816942
}