{
    "en-US": 1718079394.759031,
    "ar": 1718079411.0990953,
    "de": 1718079427.229345,
    "es-ES": 1718079443.4010246,
    "es-MX": 1718079458.613015,
    "fr": 1718079473.7923276,
    "it": 1718079488.9706075,
    "ja": 1718079504.136093,
    "ko": 1718079519.3090754,
    "pl": 1718079534.5042624,
    "pt-BR": 1718079549.68581,
    "ru": 1718079564.8633044,
    "tr": 1718079580.043369
}