{
    "en-US": 1716570773.085058,
    "ar": 1716570789.2706575,
    "de": 1716570805.1276104,
    "es-ES": 1716570820.4928887,
    "es-MX": 1716570836.0273874,
    "fr": 1716570851.5113227,
    "it": 1716570867.3494213,
    "ja": 1716570885.2724495,
    "ko": 1716570902.3126912,
    "pl": 1716570917.8379045,
    "pt-BR": 1716570933.767313,
    "ru": 1716570949.6745272,
    "tr": 1716570965.3342776
}