{
    "en-US": 1716252789.0857966,
    "ar": 1716252804.9825757,
    "de": 1716252820.750798,
    "es-ES": 1716252836.2701867,
    "es-MX": 1716252852.102824,
    "fr": 1716252867.668206,
    "it": 1716252883.5625806,
    "ja": 1716252901.324152,
    "ko": 1716252918.368274,
    "pl": 1716252933.945885,
    "pt-BR": 1716252949.735691,
    "ru": 1716252965.3694086,
    "tr": 1716252981.3305168
}