{
    "en-US": 1719897272.4221358,
    "ar": 1719897287.535846,
    "de": 1719897302.6607714,
    "es-ES": 1719897317.7653322,
    "es-MX": 1719897332.9003713,
    "fr": 1719897348.0403883,
    "it": 1719897363.1575327,
    "ja": 1719897378.2641652,
    "ko": 1719897393.3792784,
    "pl": 1719897408.4964333,
    "pt-BR": 1719897423.6531658,
    "ru": 1719897438.7640936,
    "tr": 1719897453.8733811
}