{
    "en-US": 1715332464.9956667,
    "ar": 1715332481.2099564,
    "de": 1715332496.8330183,
    "es-ES": 1715332512.409987,
    "es-MX": 1715332528.0104072,
    "fr": 1715332543.613622,
    "it": 1715332559.2671583,
    "ja": 1715332579.3242853,
    "ko": 1715332596.98236,
    "pl": 1715332612.5607336,
    "pt-BR": 1715332628.2438977,
    "ru": 1715332643.9075327,
    "tr": 1715332659.684608
}