{
    "en-US": 1715746586.8320851,
    "ar": 1715746603.0099297,
    "de": 1715746618.802337,
    "es-ES": 1715746634.6086235,
    "es-MX": 1715746650.4529943,
    "fr": 1715746666.2885542,
    "it": 1715746682.2837884,
    "ja": 1715746699.6802263,
    "ko": 1715746716.8184388,
    "pl": 1715746732.647882,
    "pt-BR": 1715746748.6603177,
    "ru": 1715746764.291498,
    "tr": 1715746780.4552584
}