{
    "en-US": 1720642484.4571204,
    "ar": 1720642499.6399105,
    "de": 1720642514.8338761,
    "es-ES": 1720642529.9988937,
    "es-MX": 1720642545.1960204,
    "fr": 1720642560.3672218,
    "it": 1720642575.5680661,
    "ja": 1720642590.7382867,
    "ko": 1720642605.9172978,
    "pl": 1720642621.0817592,
    "pt-BR": 1720642636.2519474,
    "ru": 1720642651.4341774,
    "tr": 1720642666.650378
}