{
    "en-US": 1720541797.8816879,
    "ar": 1720541813.1006844,
    "de": 1720541828.3261309,
    "es-ES": 1720541843.53716,
    "es-MX": 1720541858.764478,
    "fr": 1720541873.9962442,
    "it": 1720541889.221259,
    "ja": 1720541904.4423125,
    "ko": 1720541919.6630003,
    "pl": 1720541934.8138463,
    "pt-BR": 1720541949.9742606,
    "ru": 1720541965.1521647,
    "tr": 1720541980.327737
}