{
    "en-US": 1716844453.6422281,
    "ar": 1716844469.6841288,
    "de": 1716844485.3299992,
    "es-ES": 1716844501.069334,
    "es-MX": 1716844517.020221,
    "fr": 1716844532.7731621,
    "it": 1716844548.7542763,
    "ja": 1716844566.4517221,
    "ko": 1716844584.4732854,
    "pl": 1716844599.9784012,
    "pt-BR": 1716844615.7247205,
    "ru": 1716844631.3153179,
    "tr": 1716844647.1679156
}