{
    "en-US": 1716754357.3555398,
    "ar": 1716754373.3847344,
    "de": 1716754389.0459392,
    "es-ES": 1716754404.793915,
    "es-MX": 1716754420.4555902,
    "fr": 1716754436.270917,
    "it": 1716754452.146063,
    "ja": 1716754468.369976,
    "ko": 1716754484.7369514,
    "pl": 1716754500.5905783,
    "pt-BR": 1716754516.7275658,
    "ru": 1716754532.4624958,
    "tr": 1716754548.5642035
}