{
    "en-US": 1720379526.8043954,
    "ar": 1720379541.904351,
    "de": 1720379557.013134,
    "es-ES": 1720379572.1110318,
    "es-MX": 1720379587.2465663,
    "fr": 1720379602.330275,
    "it": 1720379617.4309533,
    "ja": 1720379632.5238116,
    "ko": 1720379647.6200593,
    "pl": 1720379662.721638,
    "pt-BR": 1720379677.8521888,
    "ru": 1720379692.9629743,
    "tr": 1720379708.0622077
}