{
    "en-US": 1717074894.6400216,
    "ar": 1717074910.4916508,
    "de": 1717074926.277012,
    "es-ES": 1717074941.9240625,
    "es-MX": 1717074957.7733605,
    "fr": 1717074973.2816136,
    "it": 1717074989.04703,
    "ja": 1717075006.5729015,
    "ko": 1717075023.6220315,
    "pl": 1717075039.6145368,
    "pt-BR": 1717075055.6637883,
    "ru": 1717075071.5078206,
    "tr": 1717075087.4104729
}