{
    "en-US": 1720054541.972418,
    "ar": 1720054557.0824926,
    "de": 1720054572.2413023,
    "es-ES": 1720054587.3419216,
    "es-MX": 1720054602.4714541,
    "fr": 1720054617.5755157,
    "it": 1720054632.7068567,
    "ja": 1720054647.8097453,
    "ko": 1720054662.918283,
    "pl": 1720054678.0289192,
    "pt-BR": 1720054693.151465,
    "ru": 1720054708.2672691,
    "tr": 1720054723.400502
}