{
    "en-US": 1718734665.2046986,
    "ar": 1718734681.764641,
    "de": 1718734698.115836,
    "es-ES": 1718734714.0457385,
    "es-MX": 1718734729.244958,
    "fr": 1718734744.4416046,
    "it": 1718734759.6241674,
    "ja": 1718734774.8027692,
    "ko": 1718734789.976879,
    "pl": 1718734805.1754358,
    "pt-BR": 1718734820.400504,
    "ru": 1718734835.572858,
    "tr": 1718734850.747107
}