{
    "en-US": 1720948540.9680269,
    "ar": 1720948556.0770154,
    "de": 1720948571.1769724,
    "es-ES": 1720948586.2710624,
    "es-MX": 1720948601.4035397,
    "fr": 1720948616.5037744,
    "it": 1720948631.6379704,
    "ja": 1720948646.7343514,
    "ko": 1720948661.8302271,
    "pl": 1720948676.926537,
    "pt-BR": 1720948692.0723863,
    "ru": 1720948707.1771762,
    "tr": 1720948722.2878006
}