{
    "en-US": 1715141595.9131289,
    "ar": 1715141612.1080844,
    "de": 1715141627.6850872,
    "es-ES": 1715141643.024435,
    "es-MX": 1715141658.6524026,
    "fr": 1715141674.247227,
    "it": 1715141689.9316862,
    "ja": 1715141708.207506,
    "ko": 1715141725.332716,
    "pl": 1715141740.9961329,
    "pt-BR": 1715141756.62831,
    "ru": 1715141772.625225,
    "tr": 1715141788.3576424
}