{
    "en-US": 1721574905.2374053,
    "ar": 1721574920.3550112,
    "de": 1721574935.468382,
    "es-ES": 1721574950.5760808,
    "es-MX": 1721574965.7004824,
    "fr": 1721574980.8163989,
    "it": 1721574995.959898,
    "ja": 1721575011.079203,
    "ko": 1721575026.192685,
    "pl": 1721575041.3162372,
    "pt-BR": 1721575056.4351144,
    "ru": 1721575071.5323236,
    "tr": 1721575086.6730926
}