{
    "en-US": 1716826533.2568855,
    "ar": 1716826549.131089,
    "de": 1716826564.8028224,
    "es-ES": 1716826580.531219,
    "es-MX": 1716826596.3215518,
    "fr": 1716826611.8102112,
    "it": 1716826627.561819,
    "ja": 1716826645.2384024,
    "ko": 1716826662.86156,
    "pl": 1716826678.69233,
    "pt-BR": 1716826694.526017,
    "ru": 1716826710.2349963,
    "tr": 1716826725.9687848
}