{
    "en-US": 1719961983.4448206,
    "ar": 1719961998.6236327,
    "de": 1719962013.8016038,
    "es-ES": 1719962028.9757113,
    "es-MX": 1719962044.1521564,
    "fr": 1719962059.3394852,
    "it": 1719962074.5162983,
    "ja": 1719962089.7071135,
    "ko": 1719962104.8791885,
    "pl": 1719962120.0502453,
    "pt-BR": 1719962135.2300625,
    "ru": 1719962150.4238722,
    "tr": 1719962165.5941844
}