{
    "en-US": 1715058812.1209865,
    "ar": 1715058828.15487,
    "de": 1715058843.8946946,
    "es-ES": 1715058859.60688,
    "es-MX": 1715058875.3245685,
    "fr": 1715058891.0421667,
    "it": 1715058906.8367262,
    "ja": 1715058923.3203573,
    "ko": 1715058939.5887504,
    "pl": 1715058955.385205,
    "pt-BR": 1715058971.123193,
    "ru": 1715058986.9517102,
    "tr": 1715059002.7112937
}