{
    "en-US": 1717582444.3375707,
    "ar": 1717582460.4626873,
    "de": 1717582476.2386193,
    "es-ES": 1717582491.9411688,
    "es-MX": 1717582507.7834878,
    "fr": 1717582523.6785233,
    "it": 1717582539.5745163,
    "ja": 1717582556.035292,
    "ko": 1717582572.3371806,
    "pl": 1717582588.2278697,
    "pt-BR": 1717582604.1441417,
    "ru": 1717582620.0610428,
    "tr": 1717582635.9231405
}