{
    "en-US": 1722061013.948017,
    "ar": 1722061029.0470262,
    "de": 1722061044.1476588,
    "es-ES": 1722061059.238952,
    "es-MX": 1722061074.3508894,
    "fr": 1722061089.4337392,
    "it": 1722061104.5783815,
    "ja": 1722061119.667925,
    "ko": 1722061134.778552,
    "pl": 1722061149.8612337,
    "pt-BR": 1722061164.9603765,
    "ru": 1722061180.0418274,
    "tr": 1722061195.1666229
}