{
    "en-US": 1718741674.6168232,
    "ar": 1718741689.848162,
    "de": 1718741705.0603049,
    "es-ES": 1718741720.2340171,
    "es-MX": 1718741735.413701,
    "fr": 1718741750.5784984,
    "it": 1718741765.7828126,
    "ja": 1718741780.9566567,
    "ko": 1718741796.12685,
    "pl": 1718741811.2966397,
    "pt-BR": 1718741826.4715774,
    "ru": 1718741841.632858,
    "tr": 1718741856.8161976
}