{
    "en-US": 1718601410.933128,
    "ar": 1718601426.078847,
    "de": 1718601441.2336931,
    "es-ES": 1718601456.3293967,
    "es-MX": 1718601471.4381115,
    "fr": 1718601486.5396273,
    "it": 1718601501.663559,
    "ja": 1718601516.7603385,
    "ko": 1718601531.8577077,
    "pl": 1718601546.950258,
    "pt-BR": 1718601562.0644767,
    "ru": 1718601577.1582215,
    "tr": 1718601592.275922
}