{
    "en-US": 1719673992.0930955,
    "ar": 1719674007.2328167,
    "de": 1719674022.3527372,
    "es-ES": 1719674037.4695737,
    "es-MX": 1719674052.6048775,
    "fr": 1719674067.7309213,
    "it": 1719674082.8663168,
    "ja": 1719674098.005072,
    "ko": 1719674113.1167579,
    "pl": 1719674128.2149868,
    "pt-BR": 1719674143.3296292,
    "ru": 1719674158.4311123,
    "tr": 1719674173.580611
}