{
    "en-US": 1714817514.1108806,
    "ar": 1714817530.2435744,
    "de": 1714817545.7670605,
    "es-ES": 1714817561.268577,
    "es-MX": 1714817576.8226626,
    "fr": 1714817592.4476314,
    "it": 1714817608.0081365,
    "ja": 1714817625.6388068,
    "ko": 1714817642.531194,
    "pl": 1714817658.0818398,
    "pt-BR": 1714817673.6799908,
    "ru": 1714817689.3593378,
    "tr": 1714817705.0721142
}