{
    "en-US": 1717748213.973568,
    "ar": 1717748230.086831,
    "de": 1717748245.7989867,
    "es-ES": 1717748260.928984,
    "es-MX": 1717748276.0556138,
    "fr": 1717748291.170832,
    "it": 1717748306.2813737,
    "ja": 1717748321.3800228,
    "ko": 1717748336.495654,
    "pl": 1717748351.5945497,
    "pt-BR": 1717748366.718795,
    "ru": 1717748381.8206332,
    "tr": 1717748396.9213126
}