{
    "en-US": 1717218904.5117552,
    "ar": 1717218920.58339,
    "de": 1717218936.4077997,
    "es-ES": 1717218952.2746756,
    "es-MX": 1717218968.2793648,
    "fr": 1717218984.423999,
    "it": 1717219000.458918,
    "ja": 1717219018.3370128,
    "ko": 1717219035.620917,
    "pl": 1717219051.7655566,
    "pt-BR": 1717219067.6766205,
    "ru": 1717219083.453857,
    "tr": 1717219099.4759703
}