{
    "en-US": 1715958828.349926,
    "ar": 1715958844.6878164,
    "de": 1715958860.5733345,
    "es-ES": 1715958876.4033778,
    "es-MX": 1715958892.5309324,
    "fr": 1715958908.4161162,
    "it": 1715958924.2481124,
    "ja": 1715958941.735072,
    "ko": 1715958958.7606652,
    "pl": 1715958974.744748,
    "pt-BR": 1715958990.304571,
    "ru": 1715959005.9333,
    "tr": 1715959021.8928761
}