{
    "en-US": 1720329385.1184027,
    "ar": 1720329400.2251375,
    "de": 1720329415.3508232,
    "es-ES": 1720329430.4564703,
    "es-MX": 1720329445.5710247,
    "fr": 1720329460.6697707,
    "it": 1720329475.7961879,
    "ja": 1720329490.909687,
    "ko": 1720329506.0237024,
    "pl": 1720329521.118604,
    "pt-BR": 1720329536.242272,
    "ru": 1720329551.3411586,
    "tr": 1720329566.4664407
}