{
    "en-US": 1715062612.3329856,
    "ar": 1715062628.6950886,
    "de": 1715062644.4360344,
    "es-ES": 1715062660.1797328,
    "es-MX": 1715062675.9903705,
    "fr": 1715062691.8430045,
    "it": 1715062707.7375278,
    "ja": 1715062725.3123596,
    "ko": 1715062742.2775936,
    "pl": 1715062758.1060698,
    "pt-BR": 1715062773.90561,
    "ru": 1715062789.7972739,
    "tr": 1715062805.6349642
}