{
    "en-US": 1716726053.8960965,
    "ar": 1716726070.0025735,
    "de": 1716726085.3658724,
    "es-ES": 1716726101.0563135,
    "es-MX": 1716726116.5419714,
    "fr": 1716726132.2925062,
    "it": 1716726148.0094175,
    "ja": 1716726165.3003845,
    "ko": 1716726182.1392896,
    "pl": 1716726197.6476145,
    "pt-BR": 1716726213.5211222,
    "ru": 1716726229.0913928,
    "tr": 1716726245.1438072
}