{
    "en-US": 1714450538.7012405,
    "ar": 1714450554.7971723,
    "de": 1714450570.1398926,
    "es-ES": 1714450585.4906218,
    "es-MX": 1714450601.059667,
    "fr": 1714450616.6612196,
    "it": 1714450632.2320514,
    "ja": 1714450649.912457,
    "ko": 1714450666.9241774,
    "pl": 1714450682.579926,
    "pt-BR": 1714450698.1353426,
    "ru": 1714450713.859495,
    "tr": 1714450729.50592
}