{
    "en-US": 1715404347.7394338,
    "ar": 1715404363.7889993,
    "de": 1715404379.4670606,
    "es-ES": 1715404395.168082,
    "es-MX": 1715404410.9257984,
    "fr": 1715404426.6360068,
    "it": 1715404442.6552129,
    "ja": 1715404459.1629257,
    "ko": 1715404475.4015083,
    "pl": 1715404490.969464,
    "pt-BR": 1715404506.7272937,
    "ru": 1715404522.538719,
    "tr": 1715404538.3417184
}