{
    "en-US": 1721106838.312378,
    "ar": 1721106853.4778268,
    "de": 1721106868.645966,
    "es-ES": 1721106883.7966833,
    "es-MX": 1721106898.991364,
    "fr": 1721106914.144979,
    "it": 1721106929.3178256,
    "ja": 1721106944.4665077,
    "ko": 1721106959.6168857,
    "pl": 1721106974.7724109,
    "pt-BR": 1721106989.94985,
    "ru": 1721107005.1024396,
    "tr": 1721107020.259546
}