{
    "en-US": 1721177858.7190862,
    "ar": 1721177873.8885117,
    "de": 1721177889.0509114,
    "es-ES": 1721177904.2083921,
    "es-MX": 1721177919.3735414,
    "fr": 1721177934.5273783,
    "it": 1721177949.727753,
    "ja": 1721177964.8927274,
    "ko": 1721177980.0563953,
    "pl": 1721177995.2139447,
    "pt-BR": 1721178010.4242363,
    "ru": 1721178025.5855677,
    "tr": 1721178040.762074
}