{
    "en-US": 1721729632.1077669,
    "ar": 1721729647.2811806,
    "de": 1721729662.4651556,
    "es-ES": 1721729677.6415627,
    "es-MX": 1721729692.8275733,
    "fr": 1721729708.020353,
    "it": 1721729723.1975703,
    "ja": 1721729738.376982,
    "ko": 1721729753.5641804,
    "pl": 1721729768.7425635,
    "pt-BR": 1721729783.9320152,
    "ru": 1721729799.1327703,
    "tr": 1721729814.3344307
}