{
    "en-US": 1717009891.5886736,
    "ar": 1717009907.77323,
    "de": 1717009923.4582305,
    "es-ES": 1717009939.1290145,
    "es-MX": 1717009955.1780505,
    "fr": 1717009970.9917681,
    "it": 1717009986.6245384,
    "ja": 1717010003.7570207,
    "ko": 1717010020.459168,
    "pl": 1717010036.0927336,
    "pt-BR": 1717010051.7504191,
    "ru": 1717010067.488267,
    "tr": 1717010083.4782565
}