{
    "en-US": 1721240274.296074,
    "ar": 1721240291.2075343,
    "de": 1721240306.3942828,
    "es-ES": 1721240321.500719,
    "es-MX": 1721240336.657568,
    "fr": 1721240351.7747648,
    "it": 1721240366.9197993,
    "ja": 1721240382.0229986,
    "ko": 1721240397.1497128,
    "pl": 1721240412.2691507,
    "pt-BR": 1721240427.4568107,
    "ru": 1721240442.5558982,
    "tr": 1721240457.6987789
}