{
    "en-US": 1718886231.2187438,
    "ar": 1718886246.4140487,
    "de": 1718886261.6141548,
    "es-ES": 1718886276.785975,
    "es-MX": 1718886291.955382,
    "fr": 1718886307.1291697,
    "it": 1718886322.3103118,
    "ja": 1718886337.4656012,
    "ko": 1718886352.6280768,
    "pl": 1718886367.7810054,
    "pt-BR": 1718886382.9499788,
    "ru": 1718886398.1065133,
    "tr": 1718886413.2919014
}