{
    "en-US": 1713788539.004364,
    "ar": 1713788555.311285,
    "de": 1713788571.0664313,
    "es-ES": 1713788586.7343018,
    "es-MX": 1713788602.4330852,
    "fr": 1713788618.0110002,
    "it": 1713788633.7529783,
    "ja": 1713788651.2339227,
    "ko": 1713788667.936681,
    "pl": 1713788683.6658256,
    "pt-BR": 1713788699.2709954,
    "ru": 1713788715.318602,
    "tr": 1713788731.2300982
}