{
    "en-US": 1715501722.6120305,
    "ar": 1715501738.7312565,
    "de": 1715501754.3039565,
    "es-ES": 1715501769.8685043,
    "es-MX": 1715501785.4920247,
    "fr": 1715501801.0840046,
    "it": 1715501816.6910324,
    "ja": 1715501834.603313,
    "ko": 1715501852.3248909,
    "pl": 1715501867.9181888,
    "pt-BR": 1715501883.6426828,
    "ru": 1715501899.4113677,
    "tr": 1715501915.0894914
}