{
    "en-US": 1720725202.179838,
    "ar": 1720725217.2966034,
    "de": 1720725232.422901,
    "es-ES": 1720725247.5777922,
    "es-MX": 1720725262.725222,
    "fr": 1720725277.8419788,
    "it": 1720725292.9869013,
    "ja": 1720725308.0887709,
    "ko": 1720725323.2004771,
    "pl": 1720725338.3135514,
    "pt-BR": 1720725353.4400127,
    "ru": 1720725368.5416663,
    "tr": 1720725383.6989634
}