{
    "en-US": 1720030646.957415,
    "ar": 1720030662.2010837,
    "de": 1720030677.454166,
    "es-ES": 1720030692.6893494,
    "es-MX": 1720030707.894057,
    "fr": 1720030723.0842245,
    "it": 1720030738.3467777,
    "ja": 1720030753.538014,
    "ko": 1720030768.7106035,
    "pl": 1720030783.8811414,
    "pt-BR": 1720030799.0646756,
    "ru": 1720030814.2557778,
    "tr": 1720030829.4641378
}