{
    "en-US": 1714227009.0521815,
    "ar": 1714227024.8453488,
    "de": 1714227040.5214157,
    "es-ES": 1714227056.2553189,
    "es-MX": 1714227072.2105532,
    "fr": 1714227087.6952164,
    "it": 1714227103.435056,
    "ja": 1714227119.7947786,
    "ko": 1714227135.9858012,
    "pl": 1714227151.752002,
    "pt-BR": 1714227167.54836,
    "ru": 1714227183.1470876,
    "tr": 1714227198.894057
}