{
    "en-US": 1715519508.0824518,
    "ar": 1715519524.3406005,
    "de": 1715519540.047173,
    "es-ES": 1715519555.7513952,
    "es-MX": 1715519571.5460074,
    "fr": 1715519587.3057806,
    "it": 1715519603.1017165,
    "ja": 1715519619.5447369,
    "ko": 1715519635.7866976,
    "pl": 1715519651.527466,
    "pt-BR": 1715519667.3037264,
    "ru": 1715519682.9072597,
    "tr": 1715519698.6858613
}