{
    "en-US": 1716963473.222316,
    "ar": 1716963489.1189334,
    "de": 1716963504.7326572,
    "es-ES": 1716963520.3324282,
    "es-MX": 1716963536.0384262,
    "fr": 1716963551.5147204,
    "it": 1716963567.2119665,
    "ja": 1716963585.365429,
    "ko": 1716963602.7764935,
    "pl": 1716963618.2700746,
    "pt-BR": 1716963633.9556534,
    "ru": 1716963649.513194,
    "tr": 1716963665.0168822
}