{
    "en-US": 1714461140.3690393,
    "ar": 1714461156.339316,
    "de": 1714461171.8236241,
    "es-ES": 1714461187.5054224,
    "es-MX": 1714461203.2183232,
    "fr": 1714461218.8891706,
    "it": 1714461234.6701696,
    "ja": 1714461251.096031,
    "ko": 1714461267.3452945,
    "pl": 1714461283.2386389,
    "pt-BR": 1714461298.9977448,
    "ru": 1714461314.7225907,
    "tr": 1714461330.671491
}