{
    "en-US": 1716880418.0403678,
    "ar": 1716880434.2190118,
    "de": 1716880449.9893885,
    "es-ES": 1716880465.7256198,
    "es-MX": 1716880481.5350082,
    "fr": 1716880497.1579454,
    "it": 1716880513.271514,
    "ja": 1716880530.7515326,
    "ko": 1716880547.4214866,
    "pl": 1716880563.2931457,
    "pt-BR": 1716880579.4449458,
    "ru": 1716880595.3422637,
    "tr": 1716880611.191596
}