{
    "en-US": 1721509966.6395247,
    "ar": 1721509981.7640088,
    "de": 1721509996.8717244,
    "es-ES": 1721510011.9656012,
    "es-MX": 1721510027.0750818,
    "fr": 1721510042.1799648,
    "it": 1721510057.3222363,
    "ja": 1721510072.4099638,
    "ko": 1721510087.524262,
    "pl": 1721510102.6337695,
    "pt-BR": 1721510117.7417567,
    "ru": 1721510132.8399868,
    "tr": 1721510147.9880273
}