{
    "en-US": 1720531023.6597042,
    "ar": 1720531038.827583,
    "de": 1720531053.990296,
    "es-ES": 1720531069.1484516,
    "es-MX": 1720531084.3444998,
    "fr": 1720531099.5101674,
    "it": 1720531114.691034,
    "ja": 1720531129.8503344,
    "ko": 1720531145.0132751,
    "pl": 1720531160.1763585,
    "pt-BR": 1720531175.3535898,
    "ru": 1720531190.5134916,
    "tr": 1720531205.6779597
}