{
    "en-US": 1717737360.428599,
    "ar": 1717737376.8868246,
    "de": 1717737392.7109241,
    "es-ES": 1717737408.0964327,
    "es-MX": 1717737423.2237737,
    "fr": 1717737438.3388443,
    "it": 1717737453.4733422,
    "ja": 1717737468.5737653,
    "ko": 1717737483.6856472,
    "pl": 1717737498.7801101,
    "pt-BR": 1717737513.8849993,
    "ru": 1717737528.9794593,
    "tr": 1717737544.082174
}