{
    "en-US": 1716246841.3931122,
    "ar": 1716246857.5242083,
    "de": 1716246873.2484298,
    "es-ES": 1716246888.9255657,
    "es-MX": 1716246904.6328602,
    "fr": 1716246920.0595534,
    "it": 1716246935.759941,
    "ja": 1716246953.1323552,
    "ko": 1716246969.8433697,
    "pl": 1716246985.2544808,
    "pt-BR": 1716247001.1862197,
    "ru": 1716247016.925978,
    "tr": 1716247032.7225275
}