{
    "en-US": 1715634860.7822459,
    "ar": 1715634877.008965,
    "de": 1715634892.7992291,
    "es-ES": 1715634908.3150759,
    "es-MX": 1715634924.133932,
    "fr": 1715634939.981089,
    "it": 1715634955.842317,
    "ja": 1715634973.662016,
    "ko": 1715634990.4899037,
    "pl": 1715635006.384901,
    "pt-BR": 1715635022.5082507,
    "ru": 1715635038.387293,
    "tr": 1715635054.293921
}