{
    "en-US": 1716790774.6448247,
    "ar": 1716790790.7136135,
    "de": 1716790806.317667,
    "es-ES": 1716790821.9666135,
    "es-MX": 1716790837.68801,
    "fr": 1716790853.1863675,
    "it": 1716790868.8645267,
    "ja": 1716790886.7225196,
    "ko": 1716790903.9611678,
    "pl": 1716790919.4187589,
    "pt-BR": 1716790935.1386857,
    "ru": 1716790950.763461,
    "tr": 1716790966.4931526
}