{
    "en-US": 1720923199.0743883,
    "ar": 1720923214.1772418,
    "de": 1720923229.3432791,
    "es-ES": 1720923244.4346557,
    "es-MX": 1720923259.5416055,
    "fr": 1720923274.6238496,
    "it": 1720923289.7779586,
    "ja": 1720923304.8776438,
    "ko": 1720923319.9772441,
    "pl": 1720923335.0758202,
    "pt-BR": 1720923350.185455,
    "ru": 1720923365.2959442,
    "tr": 1720923380.4075463
}