{
    "en-US": 1716002025.5656161,
    "ar": 1716002041.605796,
    "de": 1716002057.3385508,
    "es-ES": 1716002073.078561,
    "es-MX": 1716002088.6400127,
    "fr": 1716002104.4572709,
    "it": 1716002120.2463608,
    "ja": 1716002136.6035035,
    "ko": 1716002152.8066301,
    "pl": 1716002168.6201534,
    "pt-BR": 1716002184.4585257,
    "ru": 1716002200.0137565,
    "tr": 1716002215.8077464
}