{
    "en-US": 1721837814.2326148,
    "ar": 1721837829.3983085,
    "de": 1721837844.6055703,
    "es-ES": 1721837859.7707503,
    "es-MX": 1721837874.9335794,
    "fr": 1721837890.0956361,
    "it": 1721837905.304258,
    "ja": 1721837920.4778936,
    "ko": 1721837935.648822,
    "pl": 1721837950.8058655,
    "pt-BR": 1721837966.5111067,
    "ru": 1721837981.6781218,
    "tr": 1721837996.8653674
}