{
    "en-US": 1718900292.4875343,
    "ar": 1718900308.8392155,
    "de": 1718900324.640637,
    "es-ES": 1718900339.7841792,
    "es-MX": 1718900354.9577873,
    "fr": 1718900370.0978215,
    "it": 1718900385.2303646,
    "ja": 1718900400.3403218,
    "ko": 1718900415.4941468,
    "pl": 1718900430.6003404,
    "pt-BR": 1718900445.7273226,
    "ru": 1718900460.8289704,
    "tr": 1718900475.9604385
}