{
    "en-US": 1721621784.3825266,
    "ar": 1721621799.551591,
    "de": 1721621814.7222557,
    "es-ES": 1721621829.878195,
    "es-MX": 1721621845.082577,
    "fr": 1721621860.2419581,
    "it": 1721621875.420052,
    "ja": 1721621890.5955355,
    "ko": 1721621905.7571764,
    "pl": 1721621920.9206085,
    "pt-BR": 1721621936.124021,
    "ru": 1721621951.2831905,
    "tr": 1721621966.462177
}