{
    "en-US": 1721391846.4755573,
    "ar": 1721391861.5823221,
    "de": 1721391876.6842458,
    "es-ES": 1721391891.7767158,
    "es-MX": 1721391906.8866765,
    "fr": 1721391922.0300434,
    "it": 1721391937.138317,
    "ja": 1721391952.2309334,
    "ko": 1721391967.3405817,
    "pl": 1721391982.4310415,
    "pt-BR": 1721391997.5246954,
    "ru": 1721392012.6487384,
    "tr": 1721392027.7552516
}