{
    "en-US": 1714364086.921788,
    "ar": 1714364103.219151,
    "de": 1714364118.9194932,
    "es-ES": 1714364134.5790029,
    "es-MX": 1714364150.568129,
    "fr": 1714364166.2983372,
    "it": 1714364182.118918,
    "ja": 1714364199.925281,
    "ko": 1714364217.011526,
    "pl": 1714364232.548768,
    "pt-BR": 1714364248.2655325,
    "ru": 1714364264.0413783,
    "tr": 1714364279.8473966
}