{
    "en-US": 1719915308.6048906,
    "ar": 1719915323.721421,
    "de": 1719915338.8337486,
    "es-ES": 1719915353.944553,
    "es-MX": 1719915369.0802963,
    "fr": 1719915384.1891654,
    "it": 1719915399.3174312,
    "ja": 1719915414.4312487,
    "ko": 1719915429.546557,
    "pl": 1719915444.644879,
    "pt-BR": 1719915459.7876127,
    "ru": 1719915474.9036846,
    "tr": 1719915490.0189993
}