{
    "en-US": 1714518753.8350205,
    "ar": 1714518769.110388,
    "de": 1714518784.3566773,
    "es-ES": 1714518799.5700712,
    "es-MX": 1714518815.603613,
    "fr": 1714518831.3585687,
    "it": 1714518846.6028483,
    "ja": 1714518864.9159918,
    "ko": 1714518880.183307,
    "pl": 1714518895.4170218,
    "pt-BR": 1714518910.6441898,
    "ru": 1714518925.8665984,
    "tr": 1714518941.0811806
}