{
    "en-US": 1715897590.4830456,
    "ar": 1715897606.688309,
    "de": 1715897622.568608,
    "es-ES": 1715897638.348109,
    "es-MX": 1715897654.1983314,
    "fr": 1715897669.9549832,
    "it": 1715897685.7602093,
    "ja": 1715897703.1771474,
    "ko": 1715897720.3068388,
    "pl": 1715897736.221483,
    "pt-BR": 1715897752.0225258,
    "ru": 1715897767.685537,
    "tr": 1715897783.5876718
}