{
    "en-US": 1714486337.9953563,
    "ar": 1714486354.127142,
    "de": 1714486369.7485747,
    "es-ES": 1714486385.4308405,
    "es-MX": 1714486401.2216878,
    "fr": 1714486416.8157988,
    "it": 1714486432.6669261,
    "ja": 1714486450.741545,
    "ko": 1714486467.8247604,
    "pl": 1714486483.5485222,
    "pt-BR": 1714486499.1560814,
    "ru": 1714486515.125304,
    "tr": 1714486531.0138485
}