{
    "en-US": 1721920480.97579,
    "ar": 1721920496.0795069,
    "de": 1721920511.1997716,
    "es-ES": 1721920526.3126235,
    "es-MX": 1721920541.436157,
    "fr": 1721920556.6391606,
    "it": 1721920571.7652478,
    "ja": 1721920586.8585818,
    "ko": 1721920601.966894,
    "pl": 1721920617.0642717,
    "pt-BR": 1721920632.1816745,
    "ru": 1721920647.2970574,
    "tr": 1721920662.394553
}