{
    "en-US": 1718104460.8052838,
    "ar": 1718104476.7440104,
    "de": 1718104492.495054,
    "es-ES": 1718104507.6199105,
    "es-MX": 1718104522.736739,
    "fr": 1718104537.848026,
    "it": 1718104552.9637055,
    "ja": 1718104568.0893903,
    "ko": 1718104583.2364256,
    "pl": 1718104598.3339179,
    "pt-BR": 1718104613.4476445,
    "ru": 1718104628.5446901,
    "tr": 1718104643.65659
}