{
    "en-US": 1718129920.5883827,
    "ar": 1718129936.8634222,
    "de": 1718129951.9970794,
    "es-ES": 1718129967.1227205,
    "es-MX": 1718129982.2972038,
    "fr": 1718129997.4172165,
    "it": 1718130012.6443822,
    "ja": 1718130027.770373,
    "ko": 1718130042.9320717,
    "pl": 1718130058.041262,
    "pt-BR": 1718130073.2661576,
    "ru": 1718130088.3815384,
    "tr": 1718130103.5223079
}