{
    "en-US": 1718871452.7865741,
    "ar": 1718871469.0581403,
    "de": 1718871485.1300836,
    "es-ES": 1718871500.8950455,
    "es-MX": 1718871516.0975072,
    "fr": 1718871531.312985,
    "it": 1718871546.4906638,
    "ja": 1718871561.6779737,
    "ko": 1718871576.8625696,
    "pl": 1718871592.0650306,
    "pt-BR": 1718871607.2456877,
    "ru": 1718871622.4157236,
    "tr": 1718871637.5912008
}