{
    "en-US": 1718143999.7669992,
    "ar": 1718144015.8776717,
    "de": 1718144031.7278383,
    "es-ES": 1718144046.9244108,
    "es-MX": 1718144062.1698112,
    "fr": 1718144077.340996,
    "it": 1718144092.5173366,
    "ja": 1718144107.6855102,
    "ko": 1718144122.8722496,
    "pl": 1718144138.0439968,
    "pt-BR": 1718144153.2295556,
    "ru": 1718144168.4052067,
    "tr": 1718144183.585584
}