{
    "en-US": 1715907186.6524098,
    "ar": 1715907202.7964833,
    "de": 1715907218.4305098,
    "es-ES": 1715907233.7802672,
    "es-MX": 1715907249.4409344,
    "fr": 1715907265.1977258,
    "it": 1715907280.9119425,
    "ja": 1715907298.5823743,
    "ko": 1715907315.7021327,
    "pl": 1715907331.3946736,
    "pt-BR": 1715907346.797154,
    "ru": 1715907362.6273375,
    "tr": 1715907378.49394
}