{
    "en-US": 1716538579.290807,
    "ar": 1716538595.3973293,
    "de": 1716538611.2860966,
    "es-ES": 1716538627.1192465,
    "es-MX": 1716538643.1585913,
    "fr": 1716538659.1110506,
    "it": 1716538674.9776764,
    "ja": 1716538692.3160567,
    "ko": 1716538709.44212,
    "pl": 1716538725.312886,
    "pt-BR": 1716538741.409266,
    "ru": 1716538758.481083,
    "tr": 1716538774.3714375
}