{
    "en-US": 1716221802.179929,
    "ar": 1716221818.0551872,
    "de": 1716221833.7398176,
    "es-ES": 1716221849.4368699,
    "es-MX": 1716221864.9123201,
    "fr": 1716221880.335086,
    "it": 1716221896.1339195,
    "ja": 1716221916.4286082,
    "ko": 1716221933.961919,
    "pl": 1716221949.3686419,
    "pt-BR": 1716221965.2756994,
    "ru": 1716221981.1050794,
    "tr": 1716221996.5540466
}