{
    "en-US": 1720862020.4164011,
    "ar": 1720862035.516597,
    "de": 1720862050.6155355,
    "es-ES": 1720862065.6957486,
    "es-MX": 1720862080.8057573,
    "fr": 1720862095.8974943,
    "it": 1720862111.0116358,
    "ja": 1720862126.0960827,
    "ko": 1720862141.2000825,
    "pl": 1720862156.2832253,
    "pt-BR": 1720862171.387157,
    "ru": 1720862186.4744473,
    "tr": 1720862201.586585
}