{
    "en-US": 1716149621.7691257,
    "ar": 1716149637.9066248,
    "de": 1716149653.6880217,
    "es-ES": 1716149669.4166324,
    "es-MX": 1716149685.2046623,
    "fr": 1716149700.7260194,
    "it": 1716149716.5699785,
    "ja": 1716149734.197201,
    "ko": 1716149751.0500782,
    "pl": 1716149766.5999377,
    "pt-BR": 1716149782.447274,
    "ru": 1716149798.051845,
    "tr": 1716149813.8858254
}