{
    "en-US": 1721243452.304223,
    "ar": 1721243467.4333732,
    "de": 1721243482.5630856,
    "es-ES": 1721243497.67536,
    "es-MX": 1721243512.793929,
    "fr": 1721243527.8962626,
    "it": 1721243543.0287952,
    "ja": 1721243558.1203094,
    "ko": 1721243573.222662,
    "pl": 1721243588.3287635,
    "pt-BR": 1721243603.443432,
    "ru": 1721243618.5366364,
    "tr": 1721243633.6801553
}