{
    "en-US": 1715408110.7001648,
    "ar": 1715408126.8619306,
    "de": 1715408142.578811,
    "es-ES": 1715408158.269395,
    "es-MX": 1715408173.9785507,
    "fr": 1715408189.7367184,
    "it": 1715408205.489116,
    "ja": 1715408223.2761118,
    "ko": 1715408240.327654,
    "pl": 1715408256.3465426,
    "pt-BR": 1715408272.2043614,
    "ru": 1715408288.0247486,
    "tr": 1715408303.8321488
}