{
    "en-US": 1720520075.4675622,
    "ar": 1720520090.6273062,
    "de": 1720520105.7876177,
    "es-ES": 1720520120.9478114,
    "es-MX": 1720520136.1137996,
    "fr": 1720520151.2604709,
    "it": 1720520166.4349296,
    "ja": 1720520181.5940948,
    "ko": 1720520196.74551,
    "pl": 1720520211.893381,
    "pt-BR": 1720520227.0730314,
    "ru": 1720520242.229796,
    "tr": 1720520257.3908098
}