{
    "en-US": 1720614327.8119128,
    "ar": 1720614342.9441888,
    "de": 1720614358.1077495,
    "es-ES": 1720614373.200902,
    "es-MX": 1720614388.3385158,
    "fr": 1720614403.44618,
    "it": 1720614418.5602632,
    "ja": 1720614433.6556354,
    "ko": 1720614448.7612457,
    "pl": 1720614463.8564897,
    "pt-BR": 1720614479.1829858,
    "ru": 1720614494.281217,
    "tr": 1720614509.3894103
}