{
    "en-US": 1716747319.461787,
    "ar": 1716747335.6670432,
    "de": 1716747351.8173726,
    "es-ES": 1716747367.3055317,
    "es-MX": 1716747383.2251487,
    "fr": 1716747398.8579915,
    "it": 1716747414.499693,
    "ja": 1716747431.3660874,
    "ko": 1716747448.189697,
    "pl": 1716747463.814042,
    "pt-BR": 1716747479.6754615,
    "ru": 1716747495.921781,
    "tr": 1716747511.9220278
}