{
    "en-US": 1720502038.6933513,
    "ar": 1720502053.8097537,
    "de": 1720502068.9088614,
    "es-ES": 1720502083.9956555,
    "es-MX": 1720502099.110704,
    "fr": 1720502114.2058158,
    "it": 1720502129.3355265,
    "ja": 1720502144.4442005,
    "ko": 1720502159.5356016,
    "pl": 1720502174.6295772,
    "pt-BR": 1720502189.7316847,
    "ru": 1720502204.8129616,
    "tr": 1720502219.9252262
}