{
    "en-US": 1716085869.3722339,
    "ar": 1716085885.1479008,
    "de": 1716085900.5062551,
    "es-ES": 1716085915.8520508,
    "es-MX": 1716085931.2413504,
    "fr": 1716085946.6369026,
    "it": 1716085962.025517,
    "ja": 1716085979.6211233,
    "ko": 1716085996.2111697,
    "pl": 1716086011.6187553,
    "pt-BR": 1716086027.0487473,
    "ru": 1716086042.5351574,
    "tr": 1716086057.971
}