{
    "en-US": 1719976484.041507,
    "ar": 1719976499.2252958,
    "de": 1719976514.4078355,
    "es-ES": 1719976529.5789254,
    "es-MX": 1719976544.767293,
    "fr": 1719976559.9348412,
    "it": 1719976575.1416233,
    "ja": 1719976590.3145933,
    "ko": 1719976605.4868846,
    "pl": 1719976620.6634567,
    "pt-BR": 1719976635.8446774,
    "ru": 1719976651.0191584,
    "tr": 1719976666.2237797
}