{
    "en-US": 1718165807.6443193,
    "ar": 1718165822.776581,
    "de": 1718165837.9761848,
    "es-ES": 1718165853.081113,
    "es-MX": 1718165868.1912122,
    "fr": 1718165883.297423,
    "it": 1718165898.4573646,
    "ja": 1718165913.5625737,
    "ko": 1718165928.710895,
    "pl": 1718165943.8085382,
    "pt-BR": 1718165958.9201334,
    "ru": 1718165974.036346,
    "tr": 1718165989.1840827
}