{
    "en-US": 1718745146.642575,
    "ar": 1718745162.9623206,
    "de": 1718745179.2499206,
    "es-ES": 1718745195.222527,
    "es-MX": 1718745210.4255497,
    "fr": 1718745225.6111863,
    "it": 1718745240.7929637,
    "ja": 1718745255.9690607,
    "ko": 1718745271.1540253,
    "pl": 1718745286.3549538,
    "pt-BR": 1718745301.5443084,
    "ru": 1718745316.7132084,
    "tr": 1718745331.8900723
}