{
    "en-US": 1718939800.0995035,
    "ar": 1718939816.2715595,
    "de": 1718939832.2669868,
    "es-ES": 1718939847.9062035,
    "es-MX": 1718939863.053809,
    "fr": 1718939878.2337093,
    "it": 1718939893.3560705,
    "ja": 1718939908.4705677,
    "ko": 1718939923.5759935,
    "pl": 1718939938.7108762,
    "pt-BR": 1718939953.82872,
    "ru": 1718939968.9407954,
    "tr": 1718939984.0767634
}