{
    "en-US": 1718860385.1890583,
    "ar": 1718860401.299247,
    "de": 1718860417.144633,
    "es-ES": 1718860432.3439772,
    "es-MX": 1718860447.5225263,
    "fr": 1718860462.6845424,
    "it": 1718860477.8640337,
    "ja": 1718860493.0263503,
    "ko": 1718860508.2155519,
    "pl": 1718860523.397011,
    "pt-BR": 1718860538.5761938,
    "ru": 1718860553.7514522,
    "tr": 1718860568.935178
}