{
    "en-US": 1721409292.1536026,
    "ar": 1721409307.2661147,
    "de": 1721409322.3944783,
    "es-ES": 1721409337.5236192,
    "es-MX": 1721409352.65946,
    "fr": 1721409367.7609844,
    "it": 1721409382.8871005,
    "ja": 1721409397.9865623,
    "ko": 1721409413.0928438,
    "pl": 1721409428.214662,
    "pt-BR": 1721409443.3391109,
    "ru": 1721409458.4352622,
    "tr": 1721409473.52927
}