{
    "en-US": 1720505894.6724076,
    "ar": 1720505909.8504002,
    "de": 1720505925.0238242,
    "es-ES": 1720505940.1848722,
    "es-MX": 1720505955.374285,
    "fr": 1720505970.5325537,
    "it": 1720505985.719267,
    "ja": 1720506000.8830996,
    "ko": 1720506016.0492177,
    "pl": 1720506031.2082844,
    "pt-BR": 1720506046.3998172,
    "ru": 1720506061.5658758,
    "tr": 1720506076.7259939
}