{
    "en-US": 1716685030.0917947,
    "ar": 1716685046.1607296,
    "de": 1716685061.5220861,
    "es-ES": 1716685077.1058137,
    "es-MX": 1716685092.6305828,
    "fr": 1716685108.1343358,
    "it": 1716685123.932868,
    "ja": 1716685141.4620686,
    "ko": 1716685158.2357814,
    "pl": 1716685173.741905,
    "pt-BR": 1716685189.462813,
    "ru": 1716685205.0223625,
    "tr": 1716685220.8161316
}