{
    "en-US": 1720088058.4624493,
    "ar": 1720088073.5814185,
    "de": 1720088088.6917155,
    "es-ES": 1720088103.7914517,
    "es-MX": 1720088118.9187624,
    "fr": 1720088134.0191987,
    "it": 1720088149.1441054,
    "ja": 1720088164.243393,
    "ko": 1720088179.3436956,
    "pl": 1720088194.4437952,
    "pt-BR": 1720088209.6040392,
    "ru": 1720088224.7049198,
    "tr": 1720088239.8169622
}