{
    "en-US": 1716632006.5920799,
    "ar": 1716632022.5783777,
    "de": 1716632038.3080106,
    "es-ES": 1716632054.072918,
    "es-MX": 1716632069.9821472,
    "fr": 1716632085.8016496,
    "it": 1716632101.655533,
    "ja": 1716632117.9969633,
    "ko": 1716632134.277147,
    "pl": 1716632149.901421,
    "pt-BR": 1716632165.7587361,
    "ru": 1716632181.7994359,
    "tr": 1716632197.6818845
}