{
    "en-US": 1717352218.5205727,
    "ar": 1717352234.702034,
    "de": 1717352250.3263829,
    "es-ES": 1717352266.0432832,
    "es-MX": 1717352281.9179468,
    "fr": 1717352297.6779675,
    "it": 1717352313.4248624,
    "ja": 1717352330.1784174,
    "ko": 1717352346.9202006,
    "pl": 1717352362.7134495,
    "pt-BR": 1717352378.5355968,
    "ru": 1717352394.3072057,
    "tr": 1717352410.040404
}