{
    "en-US": 1717830813.3602617,
    "ar": 1717830829.515032,
    "de": 1717830845.2408187,
    "es-ES": 1717830860.3678684,
    "es-MX": 1717830875.4940042,
    "fr": 1717830890.6179466,
    "it": 1717830905.734478,
    "ja": 1717830920.840343,
    "ko": 1717830935.959396,
    "pl": 1717830951.0569932,
    "pt-BR": 1717830966.1853313,
    "ru": 1717830981.2827048,
    "tr": 1717830996.406316
}