{
    "en-US": 1716602079.788262,
    "ar": 1716602095.941855,
    "de": 1716602111.703306,
    "es-ES": 1716602127.2030976,
    "es-MX": 1716602143.2029202,
    "fr": 1716602158.813802,
    "it": 1716602174.780339,
    "ja": 1716602192.055258,
    "ko": 1716602208.9051964,
    "pl": 1716602224.548619,
    "pt-BR": 1716602240.4028132,
    "ru": 1716602256.0547204,
    "tr": 1716602272.1812046
}