{
    "en-US": 1718418668.8811955,
    "ar": 1718418685.0552857,
    "de": 1718418700.855047,
    "es-ES": 1718418716.482668,
    "es-MX": 1718418731.619077,
    "fr": 1718418746.761351,
    "it": 1718418761.877571,
    "ja": 1718418776.9872837,
    "ko": 1718418792.0962255,
    "pl": 1718418807.1900532,
    "pt-BR": 1718418822.3015962,
    "ru": 1718418837.4307706,
    "tr": 1718418852.5366666
}