{
    "en-US": 1716704200.5827508,
    "ar": 1716704216.5657473,
    "de": 1716704232.0891223,
    "es-ES": 1716704247.8784354,
    "es-MX": 1716704263.7880285,
    "fr": 1716704279.460308,
    "it": 1716704295.4158685,
    "ja": 1716704312.960309,
    "ko": 1716704330.2831006,
    "pl": 1716704346.144064,
    "pt-BR": 1716704362.069293,
    "ru": 1716704377.9979079,
    "tr": 1716704393.9261293
}