{
    "en-US": 1719087198.9921088,
    "ar": 1719087215.1539872,
    "de": 1719087230.8743305,
    "es-ES": 1719087246.0085092,
    "es-MX": 1719087261.1656199,
    "fr": 1719087276.2737863,
    "it": 1719087291.3854692,
    "ja": 1719087306.4935565,
    "ko": 1719087321.6248295,
    "pl": 1719087336.7274024,
    "pt-BR": 1719087351.8438518,
    "ru": 1719087366.946383,
    "tr": 1719087382.059261
}