{
    "en-US": 1721470407.7311137,
    "ar": 1721470422.8831837,
    "de": 1721470438.0403652,
    "es-ES": 1721470453.1989598,
    "es-MX": 1721470468.3746414,
    "fr": 1721470483.5301473,
    "it": 1721470498.701661,
    "ja": 1721470513.8545911,
    "ko": 1721470529.008201,
    "pl": 1721470544.1603482,
    "pt-BR": 1721470559.333066,
    "ru": 1721470574.4934797,
    "tr": 1721470589.6427848
}