{
    "en-US": 1722050207.001304,
    "ar": 1722050222.1681886,
    "de": 1722050237.352684,
    "es-ES": 1722050252.5115957,
    "es-MX": 1722050267.6865268,
    "fr": 1722050282.839281,
    "it": 1722050298.0362601,
    "ja": 1722050313.1977327,
    "ko": 1722050328.360224,
    "pl": 1722050343.5307562,
    "pt-BR": 1722050358.693258,
    "ru": 1722050373.8538837,
    "tr": 1722050389.0272677
}