{
    "en-US": 1720897909.7110834,
    "ar": 1720897924.8687716,
    "de": 1720897940.0347931,
    "es-ES": 1720897955.1975355,
    "es-MX": 1720897970.3731382,
    "fr": 1720897985.5325935,
    "it": 1720898000.6913183,
    "ja": 1720898015.849258,
    "ko": 1720898031.0047169,
    "pl": 1720898046.1720972,
    "pt-BR": 1720898061.3789365,
    "ru": 1720898076.5567565,
    "tr": 1720898091.7204206
}