{
    "en-US": 1718349231.4684985,
    "ar": 1718349247.7854717,
    "de": 1718349263.5947556,
    "es-ES": 1718349278.7784638,
    "es-MX": 1718349294.0133178,
    "fr": 1718349309.1843996,
    "it": 1718349324.3679354,
    "ja": 1718349339.5394046,
    "ko": 1718349354.7439148,
    "pl": 1718349369.9146404,
    "pt-BR": 1718349385.0893707,
    "ru": 1718349400.2630656,
    "tr": 1718349415.4390051
}