{
    "en-US": 1721373331.5188887,
    "ar": 1721373346.6198475,
    "de": 1721373361.7320964,
    "es-ES": 1721373376.8188891,
    "es-MX": 1721373391.9258475,
    "fr": 1721373407.0197623,
    "it": 1721373422.1323783,
    "ja": 1721373437.2269793,
    "ko": 1721373452.3421035,
    "pl": 1721373467.4605217,
    "pt-BR": 1721373482.5601094,
    "ru": 1721373497.666039,
    "tr": 1721373512.7664158
}