{
    "en-US": 1719196727.827254,
    "ar": 1719196743.8703833,
    "de": 1719196759.309915,
    "es-ES": 1719196774.4588737,
    "es-MX": 1719196789.6183884,
    "fr": 1719196804.7431571,
    "it": 1719196819.8797276,
    "ja": 1719196834.992997,
    "ko": 1719196850.1390884,
    "pl": 1719196865.241129,
    "pt-BR": 1719196880.3573523,
    "ru": 1719196895.4658153,
    "tr": 1719196910.6159165
}