{
    "en-US": 1715857878.6397207,
    "ar": 1715857894.8962383,
    "de": 1715857910.6872106,
    "es-ES": 1715857926.4009902,
    "es-MX": 1715857942.2024426,
    "fr": 1715857957.9910734,
    "it": 1715857973.777711,
    "ja": 1715857991.7532687,
    "ko": 1715858008.9016616,
    "pl": 1715858024.5857904,
    "pt-BR": 1715858040.1337676,
    "ru": 1715858055.9998336,
    "tr": 1715858071.948531
}