{
    "en-US": 1718298758.6872451,
    "ar": 1718298775.079148,
    "de": 1718298790.9997423,
    "es-ES": 1718298806.2030456,
    "es-MX": 1718298821.4062877,
    "fr": 1718298836.5712426,
    "it": 1718298851.7520218,
    "ja": 1718298866.9246573,
    "ko": 1718298882.1149778,
    "pl": 1718298897.2965002,
    "pt-BR": 1718298912.488041,
    "ru": 1718298927.6652877,
    "tr": 1718298942.8550458
}