{
    "en-US": 1721211286.4821472,
    "ar": 1721211301.639776,
    "de": 1721211316.8107224,
    "es-ES": 1721211331.9660075,
    "es-MX": 1721211347.1552742,
    "fr": 1721211362.3052018,
    "it": 1721211377.4699252,
    "ja": 1721211392.6281753,
    "ko": 1721211407.7873647,
    "pl": 1721211422.9459414,
    "pt-BR": 1721211438.1447852,
    "ru": 1721211453.2984972,
    "tr": 1721211468.4629622
}