{
    "en-US": 1718416681.5679393,
    "ar": 1718416697.7843404,
    "de": 1718416713.8635004,
    "es-ES": 1718416729.631394,
    "es-MX": 1718416744.8244753,
    "fr": 1718416760.0021634,
    "it": 1718416775.1803515,
    "ja": 1718416790.353575,
    "ko": 1718416805.534181,
    "pl": 1718416820.716822,
    "pt-BR": 1718416835.8978102,
    "ru": 1718416851.0698931,
    "tr": 1718416866.2451324
}