{
    "en-US": 1717161344.8447611,
    "ar": 1717161361.1123955,
    "de": 1717161376.7789314,
    "es-ES": 1717161392.4966097,
    "es-MX": 1717161408.3081222,
    "fr": 1717161424.1483188,
    "it": 1717161439.9405518,
    "ja": 1717161457.8772626,
    "ko": 1717161475.3962185,
    "pl": 1717161491.1943598,
    "pt-BR": 1717161507.0640588,
    "ru": 1717161522.8831391,
    "tr": 1717161538.8774574
}