{
    "en-US": 1715008419.45437,
    "ar": 1715008435.4041014,
    "de": 1715008451.1121829,
    "es-ES": 1715008466.8107972,
    "es-MX": 1715008482.5217779,
    "fr": 1715008498.1548464,
    "it": 1715008514.0526028,
    "ja": 1715008532.381371,
    "ko": 1715008549.6601667,
    "pl": 1715008565.5330386,
    "pt-BR": 1715008581.289521,
    "ru": 1715008597.237237,
    "tr": 1715008613.3190348
}