{
    "en-US": 1717395507.7459671,
    "ar": 1717395523.6844902,
    "de": 1717395539.3093815,
    "es-ES": 1717395554.6577601,
    "es-MX": 1717395570.4768891,
    "fr": 1717395586.1717944,
    "it": 1717395601.9113908,
    "ja": 1717395618.8942597,
    "ko": 1717395635.5851603,
    "pl": 1717395651.3139784,
    "pt-BR": 1717395667.2100644,
    "ru": 1717395682.9868453,
    "tr": 1717395698.7337654
}