{
    "en-US": 1719958463.3713322,
    "ar": 1719958478.4961398,
    "de": 1719958493.6225317,
    "es-ES": 1719958508.7571726,
    "es-MX": 1719958523.9048119,
    "fr": 1719958539.0353203,
    "it": 1719958554.151924,
    "ja": 1719958569.2737548,
    "ko": 1719958584.3943918,
    "pl": 1719958599.5248568,
    "pt-BR": 1719958614.6604676,
    "ru": 1719958629.7776291,
    "tr": 1719958644.8949564
}