{
    "en-US": 1716577891.9600756,
    "ar": 1716577908.13585,
    "de": 1716577923.519246,
    "es-ES": 1716577939.1924403,
    "es-MX": 1716577955.1057305,
    "fr": 1716577970.6173294,
    "it": 1716577986.4825664,
    "ja": 1716578004.1405783,
    "ko": 1716578021.2715032,
    "pl": 1716578036.7979538,
    "pt-BR": 1716578052.581223,
    "ru": 1716578068.1264944,
    "tr": 1716578084.1170845
}