{
    "en-US": 1715278525.7952795,
    "ar": 1715278542.086561,
    "de": 1715278557.9017956,
    "es-ES": 1715278573.8717346,
    "es-MX": 1715278589.4871607,
    "fr": 1715278605.280678,
    "it": 1715278621.0850124,
    "ja": 1715278638.5167086,
    "ko": 1715278655.6903684,
    "pl": 1715278671.483875,
    "pt-BR": 1715278687.2919128,
    "ru": 1715278703.2404168,
    "tr": 1715278719.0731308
}