{
    "en-US": 1717791263.5325274,
    "ar": 1717791279.8116875,
    "de": 1717791295.663594,
    "es-ES": 1717791310.8640387,
    "es-MX": 1717791326.0427098,
    "fr": 1717791341.204298,
    "it": 1717791356.388305,
    "ja": 1717791371.5566294,
    "ko": 1717791386.7509015,
    "pl": 1717791401.9248989,
    "pt-BR": 1717791417.1069517,
    "ru": 1717791432.277899,
    "tr": 1717791447.4515438
}