{
    "en-US": 1719555543.848591,
    "ar": 1719555559.0751173,
    "de": 1719555574.2903423,
    "es-ES": 1719555589.512342,
    "es-MX": 1719555604.7378602,
    "fr": 1719555619.9968846,
    "it": 1719555635.2136333,
    "ja": 1719555650.4251196,
    "ko": 1719555665.6347153,
    "pl": 1719555680.8474894,
    "pt-BR": 1719555696.0720375,
    "ru": 1719555711.3023624,
    "tr": 1719555726.511191
}