{
    "en-US": 1719162789.2174006,
    "ar": 1719162805.3470707,
    "de": 1719162821.4503963,
    "es-ES": 1719162836.6049607,
    "es-MX": 1719162851.7568471,
    "fr": 1719162866.8782434,
    "it": 1719162882.0187979,
    "ja": 1719162897.1311102,
    "ko": 1719162912.2736337,
    "pl": 1719162927.388348,
    "pt-BR": 1719162942.5044181,
    "ru": 1719162957.6083317,
    "tr": 1719162972.7424688
}