{
    "en-US": 1718968380.2588346,
    "ar": 1718968396.2620504,
    "de": 1718968412.0726864,
    "es-ES": 1718968427.2789984,
    "es-MX": 1718968442.513061,
    "fr": 1718968457.6746297,
    "it": 1718968472.8531942,
    "ja": 1718968488.017952,
    "ko": 1718968503.2171435,
    "pl": 1718968518.3895469,
    "pt-BR": 1718968533.5693822,
    "ru": 1718968548.743476,
    "tr": 1718968563.9193766
}