{
    "en-US": 1713687253.2762706,
    "ar": 1713687269.5384915,
    "de": 1713687285.1822581,
    "es-ES": 1713687300.8568263,
    "es-MX": 1713687317.0390482,
    "fr": 1713687332.9127173,
    "it": 1713687348.5636082,
    "ja": 1713687366.1569378,
    "ko": 1713687382.82217,
    "pl": 1713687398.544535,
    "pt-BR": 1713687414.25157,
    "ru": 1713687430.0128865,
    "tr": 1713687446.0045872
}