{
    "en-US": 1716549220.772798,
    "ar": 1716549236.9925303,
    "de": 1716549252.4959428,
    "es-ES": 1716549268.2684636,
    "es-MX": 1716549284.3668923,
    "fr": 1716549300.1990902,
    "it": 1716549316.0868363,
    "ja": 1716549333.7643175,
    "ko": 1716549350.4116006,
    "pl": 1716549366.2819614,
    "pt-BR": 1716549382.1591866,
    "ru": 1716549398.088924,
    "tr": 1716549414.0167704
}