{
    "en-US": 1720905238.235855,
    "ar": 1720905253.3385594,
    "de": 1720905268.4461644,
    "es-ES": 1720905283.5476923,
    "es-MX": 1720905298.6706302,
    "fr": 1720905313.7646437,
    "it": 1720905328.8746393,
    "ja": 1720905343.9774697,
    "ko": 1720905359.1026711,
    "pl": 1720905374.200871,
    "pt-BR": 1720905389.3677495,
    "ru": 1720905404.4646597,
    "tr": 1720905419.5642052
}