{
    "en-US": 1718266622.8391008,
    "ar": 1718266638.7789373,
    "de": 1718266654.8783834,
    "es-ES": 1718266670.058238,
    "es-MX": 1718266685.2282522,
    "fr": 1718266700.3979025,
    "it": 1718266715.570051,
    "ja": 1718266730.73432,
    "ko": 1718266745.920502,
    "pl": 1718266761.0783005,
    "pt-BR": 1718266776.2586517,
    "ru": 1718266791.4228072,
    "tr": 1718266806.6368392
}