{
    "en-US": 1714587354.7813404,
    "ar": 1714587370.9938257,
    "de": 1714587386.6576474,
    "es-ES": 1714587402.0116105,
    "es-MX": 1714587417.726134,
    "fr": 1714587433.4122,
    "it": 1714587449.0299804,
    "ja": 1714587467.1415055,
    "ko": 1714587484.6459548,
    "pl": 1714587500.3973663,
    "pt-BR": 1714587515.7745833,
    "ru": 1714587531.5748665,
    "tr": 1714587547.037846
}