{
    "en-US": 1715346822.8823617,
    "ar": 1715346838.978234,
    "de": 1715346854.7708304,
    "es-ES": 1715346870.8431861,
    "es-MX": 1715346886.6719346,
    "fr": 1715346902.5551853,
    "it": 1715346918.4346924,
    "ja": 1715346935.0568247,
    "ko": 1715346950.2879355,
    "pl": 1715346965.463153,
    "pt-BR": 1715346980.6571596,
    "ru": 1715346995.8321257,
    "tr": 1715347011.0079424
}