{
    "en-US": 1719634652.3237445,
    "ar": 1719634667.504682,
    "de": 1719634682.6822004,
    "es-ES": 1719634697.8445108,
    "es-MX": 1719634713.0447066,
    "fr": 1719634728.219115,
    "it": 1719634743.3896825,
    "ja": 1719634758.550503,
    "ko": 1719634773.719195,
    "pl": 1719634788.8819206,
    "pt-BR": 1719634804.0880346,
    "ru": 1719634819.2533545,
    "tr": 1719634834.415742
}