{
    "en-US": 1721629146.9330394,
    "ar": 1721629162.1029332,
    "de": 1721629177.2775776,
    "es-ES": 1721629192.4344776,
    "es-MX": 1721629207.6255422,
    "fr": 1721629222.7769692,
    "it": 1721629237.949759,
    "ja": 1721629253.1011949,
    "ko": 1721629268.273661,
    "pl": 1721629283.4515722,
    "pt-BR": 1721629298.647018,
    "ru": 1721629313.796721,
    "tr": 1721629328.945275
}