{
    "en-US": 1717036220.185902,
    "ar": 1717036236.2764382,
    "de": 1717036252.0971444,
    "es-ES": 1717036267.9064023,
    "es-MX": 1717036283.8032284,
    "fr": 1717036299.7293432,
    "it": 1717036315.9299018,
    "ja": 1717036332.0698683,
    "ko": 1717036348.3207219,
    "pl": 1717036363.9597726,
    "pt-BR": 1717036380.1767905,
    "ru": 1717036395.846672,
    "tr": 1717036411.7863662
}