{
    "en-US": 1720527915.022173,
    "ar": 1720527930.1340978,
    "de": 1720527945.2481248,
    "es-ES": 1720527960.345505,
    "es-MX": 1720527975.4503682,
    "fr": 1720527990.5701842,
    "it": 1720528005.6727839,
    "ja": 1720528020.7720978,
    "ko": 1720528035.8840663,
    "pl": 1720528050.9757004,
    "pt-BR": 1720528066.0999224,
    "ru": 1720528081.2474551,
    "tr": 1720528096.3745835
}