{
    "en-US": 1721110762.0524242,
    "ar": 1721110777.150694,
    "de": 1721110792.2480357,
    "es-ES": 1721110807.333204,
    "es-MX": 1721110822.4412344,
    "fr": 1721110837.5375133,
    "it": 1721110852.650748,
    "ja": 1721110867.74576,
    "ko": 1721110882.8369532,
    "pl": 1721110897.9409356,
    "pt-BR": 1721110913.0409448,
    "ru": 1721110928.1307642,
    "tr": 1721110943.2373757
}