{
    "en-US": 1718943375.4025834,
    "ar": 1718943391.7344718,
    "de": 1718943407.5870109,
    "es-ES": 1718943422.7987535,
    "es-MX": 1718943438.055008,
    "fr": 1718943453.2419918,
    "it": 1718943468.4269836,
    "ja": 1718943483.6002474,
    "ko": 1718943498.8058946,
    "pl": 1718943513.9756684,
    "pt-BR": 1718943529.15024,
    "ru": 1718943544.3320925,
    "tr": 1718943559.503391
}