{
    "en-US": 1721171736.1800864,
    "ar": 1721171751.2878106,
    "de": 1721171766.4121046,
    "es-ES": 1721171781.519764,
    "es-MX": 1721171796.6488104,
    "fr": 1721171811.75263,
    "it": 1721171826.898697,
    "ja": 1721171842.0193233,
    "ko": 1721171857.128329,
    "pl": 1721171872.2283933,
    "pt-BR": 1721171887.376072,
    "ru": 1721171902.4809244,
    "tr": 1721171917.6102452
}