{
    "en-US": 1721442826.5916107,
    "ar": 1721442841.7485857,
    "de": 1721442856.9150195,
    "es-ES": 1721442872.0738642,
    "es-MX": 1721442887.2650218,
    "fr": 1721442902.4176266,
    "it": 1721442917.5891411,
    "ja": 1721442932.741413,
    "ko": 1721442947.9020627,
    "pl": 1721442963.050365,
    "pt-BR": 1721442978.2272651,
    "ru": 1721442993.3880572,
    "tr": 1721443008.5459795
}