{
    "en-US": 1722186711.0621834,
    "ar": 1722186726.2646945,
    "de": 1722186741.4759276,
    "es-ES": 1722186756.642012,
    "es-MX": 1722186771.8656268,
    "fr": 1722186787.04654,
    "it": 1722186802.2168097,
    "ja": 1722186817.4027789,
    "ko": 1722186832.5746298,
    "pl": 1722186847.7356114,
    "pt-BR": 1722186862.902427,
    "ru": 1722186878.0683532,
    "tr": 1722186893.2395084
}