{
    "en-US": 1720635580.4535306,
    "ar": 1720635595.6151123,
    "de": 1720635610.7832775,
    "es-ES": 1720635625.9454098,
    "es-MX": 1720635641.1386204,
    "fr": 1720635656.3013663,
    "it": 1720635671.4646585,
    "ja": 1720635686.6190743,
    "ko": 1720635701.7770803,
    "pl": 1720635716.9371648,
    "pt-BR": 1720635732.1447458,
    "ru": 1720635747.306053,
    "tr": 1720635762.4559326
}