{
    "en-US": 1718370972.7465432,
    "ar": 1718370989.0380485,
    "de": 1718371004.7591844,
    "es-ES": 1718371019.897995,
    "es-MX": 1718371035.0200136,
    "fr": 1718371050.1255274,
    "it": 1718371065.2490814,
    "ja": 1718371080.373601,
    "ko": 1718371095.518066,
    "pl": 1718371110.6211114,
    "pt-BR": 1718371125.7446144,
    "ru": 1718371140.8469377,
    "tr": 1718371155.9673936
}