{
    "en-US": 1719306889.9590003,
    "ar": 1719306905.0737467,
    "de": 1719306920.1872292,
    "es-ES": 1719306935.2995088,
    "es-MX": 1719306950.4323723,
    "fr": 1719306965.5401676,
    "it": 1719306980.651554,
    "ja": 1719306995.7474036,
    "ko": 1719307010.84606,
    "pl": 1719307025.9445562,
    "pt-BR": 1719307041.083883,
    "ru": 1719307056.1858351,
    "tr": 1719307071.2900388
}