{
    "en-US": 1714378606.0850778,
    "ar": 1714378622.2126298,
    "de": 1714378637.8679109,
    "es-ES": 1714378653.5160084,
    "es-MX": 1714378669.18882,
    "fr": 1714378684.8786898,
    "it": 1714378700.6217988,
    "ja": 1714378718.0906706,
    "ko": 1714378735.0737188,
    "pl": 1714378750.8088555,
    "pt-BR": 1714378766.5029893,
    "ru": 1714378782.3192434,
    "tr": 1714378798.2998962
}