{
    "en-US": 1714198560.4777086,
    "ar": 1714198576.4307132,
    "de": 1714198592.1220124,
    "es-ES": 1714198607.8054159,
    "es-MX": 1714198623.5648382,
    "fr": 1714198639.238801,
    "it": 1714198654.9215317,
    "ja": 1714198671.2090054,
    "ko": 1714198687.456532,
    "pl": 1714198703.1601534,
    "pt-BR": 1714198718.8766856,
    "ru": 1714198734.637039,
    "tr": 1714198750.590136
}