{
    "en-US": 1716182085.4713125,
    "ar": 1716182101.4930124,
    "de": 1716182117.2394404,
    "es-ES": 1716182133.0360658,
    "es-MX": 1716182148.853978,
    "fr": 1716182164.711421,
    "it": 1716182180.487632,
    "ja": 1716182197.9749398,
    "ko": 1716182214.8732083,
    "pl": 1716182230.692726,
    "pt-BR": 1716182246.5514147,
    "ru": 1716182262.2017577,
    "tr": 1716182278.138793
}