{
    "en-US": 1719453602.5040526,
    "ar": 1719453617.679615,
    "de": 1719453632.8716447,
    "es-ES": 1719453648.06211,
    "es-MX": 1719453663.2357454,
    "fr": 1719453678.4060068,
    "it": 1719453693.5873513,
    "ja": 1719453708.7622635,
    "ko": 1719453723.9370756,
    "pl": 1719453739.118257,
    "pt-BR": 1719453754.305333,
    "ru": 1719453769.4848917,
    "tr": 1719453784.6557581
}