{
    "en-US": 1718406820.0702472,
    "ar": 1718406836.4104853,
    "de": 1718406852.5049691,
    "es-ES": 1718406867.7033222,
    "es-MX": 1718406882.8789535,
    "fr": 1718406898.0586486,
    "it": 1718406913.2340002,
    "ja": 1718406928.4075735,
    "ko": 1718406943.5966249,
    "pl": 1718406958.7636068,
    "pt-BR": 1718406973.9564621,
    "ru": 1718406989.1216576,
    "tr": 1718407004.3008397
}