{
    "en-US": 1714787312.6319456,
    "ar": 1714787328.799625,
    "de": 1714787344.544239,
    "es-ES": 1714787360.0370977,
    "es-MX": 1714787375.876585,
    "fr": 1714787391.6539643,
    "it": 1714787407.4097688,
    "ja": 1714787424.277074,
    "ko": 1714787440.5710635,
    "pl": 1714787456.3350794,
    "pt-BR": 1714787471.9011395,
    "ru": 1714787487.7238436,
    "tr": 1714787503.2928355
}