{
    "en-US": 1720728866.8044434,
    "ar": 1720728881.9708147,
    "de": 1720728897.1390557,
    "es-ES": 1720728912.2927568,
    "es-MX": 1720728927.4785202,
    "fr": 1720728942.6397972,
    "it": 1720728957.8289165,
    "ja": 1720728972.990518,
    "ko": 1720728988.1546462,
    "pl": 1720729003.3112338,
    "pt-BR": 1720729018.5176473,
    "ru": 1720729033.6893797,
    "tr": 1720729048.8555987
}