{
    "en-US": 1714006397.4304295,
    "ar": 1714006413.6870632,
    "de": 1714006429.405605,
    "es-ES": 1714006445.0833774,
    "es-MX": 1714006460.8466437,
    "fr": 1714006476.621499,
    "it": 1714006492.3501635,
    "ja": 1714006510.3994565,
    "ko": 1714006527.665807,
    "pl": 1714006543.4666758,
    "pt-BR": 1714006559.1919227,
    "ru": 1714006575.2364466,
    "tr": 1714006591.2526157
}