{
    "en-US": 1717093101.6270819,
    "ar": 1717093117.4699876,
    "de": 1717093133.1998062,
    "es-ES": 1717093148.55741,
    "es-MX": 1717093164.3749268,
    "fr": 1717093179.9092643,
    "it": 1717093195.963832,
    "ja": 1717093213.1019769,
    "ko": 1717093230.0463748,
    "pl": 1717093245.5664725,
    "pt-BR": 1717093261.3336165,
    "ru": 1717093277.227381,
    "tr": 1717093293.1934927
}