{
    "en-US": 1718817205.4390767,
    "ar": 1718817221.743366,
    "de": 1718817237.8522866,
    "es-ES": 1718817253.8262544,
    "es-MX": 1718817269.0252323,
    "fr": 1718817284.196311,
    "it": 1718817299.3729892,
    "ja": 1718817314.538238,
    "ko": 1718817329.7140725,
    "pl": 1718817344.8892999,
    "pt-BR": 1718817360.070216,
    "ru": 1718817375.2298763,
    "tr": 1718817390.3927271
}