{
    "en-US": 1716203529.3322875,
    "ar": 1716203545.195473,
    "de": 1716203560.559789,
    "es-ES": 1716203576.180139,
    "es-MX": 1716203591.8188229,
    "fr": 1716203607.218868,
    "it": 1716203622.836915,
    "ja": 1716203641.0419161,
    "ko": 1716203658.5419805,
    "pl": 1716203674.3059855,
    "pt-BR": 1716203689.9716828,
    "ru": 1716203705.4754906,
    "tr": 1716203721.2049603
}