{
    "en-US": 1715163240.453032,
    "ar": 1715163256.5451849,
    "de": 1715163272.1214075,
    "es-ES": 1715163287.4634013,
    "es-MX": 1715163303.1211615,
    "fr": 1715163318.5184767,
    "it": 1715163334.1267812,
    "ja": 1715163351.598136,
    "ko": 1715163368.9195137,
    "pl": 1715163384.619134,
    "pt-BR": 1715163400.2225752,
    "ru": 1715163416.1716614,
    "tr": 1715163432.1211534
}