{
    "en-US": 1718338654.0924928,
    "ar": 1718338669.2384465,
    "de": 1718338684.4343917,
    "es-ES": 1718338699.5381916,
    "es-MX": 1718338714.6559067,
    "fr": 1718338729.7585828,
    "it": 1718338744.88359,
    "ja": 1718338759.9902613,
    "ko": 1718338775.111983,
    "pl": 1718338790.2109373,
    "pt-BR": 1718338805.3220828,
    "ru": 1718338820.4266083,
    "tr": 1718338835.569934
}