{
    "en-US": 1717727779.3795784,
    "ar": 1717727795.2523034,
    "de": 1717727810.6326907,
    "es-ES": 1717727825.7681386,
    "es-MX": 1717727840.890327,
    "fr": 1717727855.994219,
    "it": 1717727871.1182687,
    "ja": 1717727886.2147264,
    "ko": 1717727901.321987,
    "pl": 1717727916.4219525,
    "pt-BR": 1717727931.529652,
    "ru": 1717727946.6603906,
    "tr": 1717727961.7823365
}