{
    "en-US": 1717590199.1222382,
    "ar": 1717590215.346722,
    "de": 1717590231.3425894,
    "es-ES": 1717590247.061801,
    "es-MX": 1717590262.8378143,
    "fr": 1717590278.74111,
    "it": 1717590294.6179135,
    "ja": 1717590311.6354601,
    "ko": 1717590328.880503,
    "pl": 1717590344.3878143,
    "pt-BR": 1717590360.0368693,
    "ru": 1717590375.9290638,
    "tr": 1717590392.0450351
}