{
    "en-US": 1714846473.4536872,
    "ar": 1714846489.648875,
    "de": 1714846505.3592277,
    "es-ES": 1714846521.0349069,
    "es-MX": 1714846536.8590858,
    "fr": 1714846552.3781085,
    "it": 1714846568.1879137,
    "ja": 1714846585.9566722,
    "ko": 1714846602.6313999,
    "pl": 1714846618.4190164,
    "pt-BR": 1714846634.1823874,
    "ru": 1714846650.2334778,
    "tr": 1714846666.3057935
}