{
    "en-US": 1716920183.9638171,
    "ar": 1716920199.9616196,
    "de": 1716920215.8564615,
    "es-ES": 1716920231.3490798,
    "es-MX": 1716920247.5878162,
    "fr": 1716920263.5305414,
    "it": 1716920279.5010457,
    "ja": 1716920296.6863642,
    "ko": 1716920313.9428344,
    "pl": 1716920330.0687523,
    "pt-BR": 1716920345.6816692,
    "ru": 1716920361.6637366,
    "tr": 1716920377.3461683
}