{
    "en-US": 1719276940.6413713,
    "ar": 1719276955.8217502,
    "de": 1719276971.0144246,
    "es-ES": 1719276986.1937215,
    "es-MX": 1719277001.4011605,
    "fr": 1719277016.5711956,
    "it": 1719277031.7608285,
    "ja": 1719277046.9387221,
    "ko": 1719277062.1207874,
    "pl": 1719277077.2938464,
    "pt-BR": 1719277092.5000534,
    "ru": 1719277107.672351,
    "tr": 1719277122.8494248
}