{
    "en-US": 1718522066.0915086,
    "ar": 1718522082.1693988,
    "de": 1718522097.781878,
    "es-ES": 1718522112.8970633,
    "es-MX": 1718522128.0124867,
    "fr": 1718522143.1024938,
    "it": 1718522158.200064,
    "ja": 1718522173.2974308,
    "ko": 1718522188.405944,
    "pl": 1718522203.5065575,
    "pt-BR": 1718522218.6041121,
    "ru": 1718522233.6997344,
    "tr": 1718522248.800313
}