{
    "en-US": 1713903215.6933434,
    "ar": 1713903231.9379323,
    "de": 1713903247.664303,
    "es-ES": 1713903263.3553047,
    "es-MX": 1713903279.1280086,
    "fr": 1713903294.8322628,
    "it": 1713903310.5823112,
    "ja": 1713903328.931721,
    "ko": 1713903346.2869773,
    "pl": 1713903362.086516,
    "pt-BR": 1713903378.046218,
    "ru": 1713903393.857431,
    "tr": 1713903409.7036502
}