{
    "en-US": 1718518698.4999762,
    "ar": 1718518714.7852464,
    "de": 1718518730.562421,
    "es-ES": 1718518745.7595227,
    "es-MX": 1718518760.9758713,
    "fr": 1718518776.143699,
    "it": 1718518791.3309445,
    "ja": 1718518806.4931924,
    "ko": 1718518821.7044795,
    "pl": 1718518836.9114683,
    "pt-BR": 1718518852.0822282,
    "ru": 1718518867.246352,
    "tr": 1718518882.4385388
}