{
    "en-US": 1717827387.8875933,
    "ar": 1717827404.0447302,
    "de": 1717827419.6747754,
    "es-ES": 1717827434.797241,
    "es-MX": 1717827449.9042892,
    "fr": 1717827465.0102572,
    "it": 1717827480.1301658,
    "ja": 1717827495.227756,
    "ko": 1717827510.3512843,
    "pl": 1717827525.448493,
    "pt-BR": 1717827540.5942123,
    "ru": 1717827555.7057424,
    "tr": 1717827570.8179052
}