{
    "en-US": 1718931299.8197427,
    "ar": 1718931316.1471298,
    "de": 1718931332.3589017,
    "es-ES": 1718931347.5597384,
    "es-MX": 1718931362.7822657,
    "fr": 1718931377.9618018,
    "it": 1718931393.143116,
    "ja": 1718931408.3219802,
    "ko": 1718931423.5284705,
    "pl": 1718931438.7104604,
    "pt-BR": 1718931453.8858123,
    "ru": 1718931469.0597403,
    "tr": 1718931484.2358518
}