{
    "en-US": 1717064064.4463634,
    "ar": 1717064080.5259054,
    "de": 1717064096.298907,
    "es-ES": 1717064112.0480425,
    "es-MX": 1717064127.9049246,
    "fr": 1717064143.5404325,
    "it": 1717064159.4312344,
    "ja": 1717064175.9221568,
    "ko": 1717064192.4076543,
    "pl": 1717064208.2988641,
    "pt-BR": 1717064224.1475766,
    "ru": 1717064240.0305252,
    "tr": 1717064255.908139
}