{
    "en-US": 1714691706.903964,
    "ar": 1714691723.342851,
    "de": 1714691739.0975726,
    "es-ES": 1714691754.8104064,
    "es-MX": 1714691770.6394525,
    "fr": 1714691786.4184606,
    "it": 1714691802.212195,
    "ja": 1714691821.6284425,
    "ko": 1714691840.5791996,
    "pl": 1714691856.3487115,
    "pt-BR": 1714691871.9050229,
    "ru": 1714691887.7739933,
    "tr": 1714691903.6979253
}