{
    "en-US": 1713953635.9709885,
    "ar": 1713953652.1610713,
    "de": 1713953667.7929502,
    "es-ES": 1713953683.4154775,
    "es-MX": 1713953699.0899022,
    "fr": 1713953714.771286,
    "it": 1713953730.445629,
    "ja": 1713953747.0850258,
    "ko": 1713953763.291559,
    "pl": 1713953779.0211344,
    "pt-BR": 1713953794.6812587,
    "ru": 1713953810.3932078,
    "tr": 1713953826.1874897
}