{
    "en-US": 1716664297.0746124,
    "ar": 1716664313.263433,
    "de": 1716664328.924376,
    "es-ES": 1716664344.6208372,
    "es-MX": 1716664360.3760746,
    "fr": 1716664375.8944733,
    "it": 1716664391.913392,
    "ja": 1716664409.511478,
    "ko": 1716664426.307965,
    "pl": 1716664442.1148632,
    "pt-BR": 1716664457.8793142,
    "ru": 1716664473.7492507,
    "tr": 1716664489.578359
}