{
    "en-US": 1714230696.8715608,
    "ar": 1714230713.0600035,
    "de": 1714230728.66866,
    "es-ES": 1714230744.4323335,
    "es-MX": 1714230760.2045465,
    "fr": 1714230775.8981392,
    "it": 1714230791.4243891,
    "ja": 1714230809.1107676,
    "ko": 1714230826.206268,
    "pl": 1714230841.9105356,
    "pt-BR": 1714230857.7074506,
    "ru": 1714230873.6738968,
    "tr": 1714230889.7190921
}