{
    "en-US": 1717877548.6369498,
    "ar": 1717877563.8398821,
    "de": 1717877579.019384,
    "es-ES": 1717877594.1969779,
    "es-MX": 1717877609.4151087,
    "fr": 1717877624.5814626,
    "it": 1717877639.7726052,
    "ja": 1717877654.9369156,
    "ko": 1717877670.1109781,
    "pl": 1717877685.2721622,
    "pt-BR": 1717877700.4519563,
    "ru": 1717877715.624083,
    "tr": 1717877730.807231
}