{
    "en-US": 1720631558.6064312,
    "ar": 1720631573.7868044,
    "de": 1720631588.9607494,
    "es-ES": 1720631604.130412,
    "es-MX": 1720631619.3149424,
    "fr": 1720631634.4859526,
    "it": 1720631649.709874,
    "ja": 1720631664.885435,
    "ko": 1720631680.0748818,
    "pl": 1720631695.290447,
    "pt-BR": 1720631710.477694,
    "ru": 1720631725.6638331,
    "tr": 1720631740.8555782
}