{
    "en-US": 1717823590.9685624,
    "ar": 1717823606.0793192,
    "de": 1717823621.1949182,
    "es-ES": 1717823636.2953587,
    "es-MX": 1717823651.4184878,
    "fr": 1717823666.5052748,
    "it": 1717823681.6126416,
    "ja": 1717823696.705764,
    "ko": 1717823711.8152237,
    "pl": 1717823726.9069436,
    "pt-BR": 1717823742.0314655,
    "ru": 1717823757.1353042,
    "tr": 1717823772.2443624
}