{
    "en-US": 1714767215.3954284,
    "ar": 1714767231.7555537,
    "de": 1714767247.5782108,
    "es-ES": 1714767263.0843854,
    "es-MX": 1714767278.877092,
    "fr": 1714767294.8834503,
    "it": 1714767310.6267645,
    "ja": 1714767328.5380616,
    "ko": 1714767345.9880629,
    "pl": 1714767362.082829,
    "pt-BR": 1714767377.8812768,
    "ru": 1714767393.8252292,
    "tr": 1714767409.7027383
}