{
    "en-US": 1714752951.96417,
    "ar": 1714752968.2798123,
    "de": 1714752984.0857506,
    "es-ES": 1714752999.8495173,
    "es-MX": 1714753015.4373276,
    "fr": 1714753031.2658913,
    "it": 1714753046.944355,
    "ja": 1714753064.7127802,
    "ko": 1714753081.6855392,
    "pl": 1714753097.6343963,
    "pt-BR": 1714753113.2036886,
    "ru": 1714753129.4354,
    "tr": 1714753145.2318175
}