{
    "en-US": 1716700306.9487388,
    "ar": 1716700322.746953,
    "de": 1716700338.4455214,
    "es-ES": 1716700353.9100196,
    "es-MX": 1716700369.9404223,
    "fr": 1716700385.5716343,
    "it": 1716700401.456832,
    "ja": 1716700417.8753529,
    "ko": 1716700434.1022508,
    "pl": 1716700449.710787,
    "pt-BR": 1716700465.4957347,
    "ru": 1716700481.1234019,
    "tr": 1716700496.983871
}