{
    "en-US": 1720156365.5181544,
    "ar": 1720156380.6972032,
    "de": 1720156395.875876,
    "es-ES": 1720156411.0505366,
    "es-MX": 1720156426.2429366,
    "fr": 1720156441.4044802,
    "it": 1720156456.5780194,
    "ja": 1720156471.7437458,
    "ko": 1720156486.9125335,
    "pl": 1720156502.0754914,
    "pt-BR": 1720156517.2693958,
    "ru": 1720156532.44432,
    "tr": 1720156547.6184142
}