{
    "en-US": 1715177484.571715,
    "ar": 1715177500.8029087,
    "de": 1715177516.8486073,
    "es-ES": 1715177532.8115692,
    "es-MX": 1715177548.6634548,
    "fr": 1715177564.515581,
    "it": 1715177580.3467813,
    "ja": 1715177596.8823934,
    "ko": 1715177613.156234,
    "pl": 1715177628.9989393,
    "pt-BR": 1715177644.8608754,
    "ru": 1715177660.6781657,
    "tr": 1715177676.5373445
}