{
    "en-US": 1717071832.5721805,
    "ar": 1717071848.6394393,
    "de": 1717071864.42793,
    "es-ES": 1717071880.1081612,
    "es-MX": 1717071895.8951466,
    "fr": 1717071911.954484,
    "it": 1717071927.816064,
    "ja": 1717071945.9327407,
    "ko": 1717071963.8132038,
    "pl": 1717071979.7979412,
    "pt-BR": 1717071995.6801586,
    "ru": 1717072011.6354132,
    "tr": 1717072027.74418
}