{
    "en-US": 1714943445.3383224,
    "ar": 1714943461.1313376,
    "de": 1714943476.855323,
    "es-ES": 1714943492.3406746,
    "es-MX": 1714943508.261231,
    "fr": 1714943523.9977171,
    "it": 1714943539.7268157,
    "ja": 1714943556.2544322,
    "ko": 1714943572.4939437,
    "pl": 1714943588.2483594,
    "pt-BR": 1714943603.97111,
    "ru": 1714943619.8163226,
    "tr": 1714943635.3795803
}