{
    "en-US": 1716160445.0669487,
    "ar": 1716160461.0258875,
    "de": 1716160477.0288491,
    "es-ES": 1716160492.5213187,
    "es-MX": 1716160508.3041093,
    "fr": 1716160523.8346798,
    "it": 1716160539.6371,
    "ja": 1716160556.9223957,
    "ko": 1716160573.7632763,
    "pl": 1716160589.534512,
    "pt-BR": 1716160605.323992,
    "ru": 1716160620.9821444,
    "tr": 1716160636.779886
}