{
    "en-US": 1716992008.2401707,
    "ar": 1716992024.5348728,
    "de": 1716992040.371572,
    "es-ES": 1716992056.2468197,
    "es-MX": 1716992072.4707875,
    "fr": 1716992088.108233,
    "it": 1716992104.1042256,
    "ja": 1716992121.7611592,
    "ko": 1716992138.743058,
    "pl": 1716992154.685919,
    "pt-BR": 1716992170.6461954,
    "ru": 1716992186.681111,
    "tr": 1716992202.6336284
}