{
    "en-US": 1718702171.4333415,
    "ar": 1718702187.6148503,
    "de": 1718702203.5508924,
    "es-ES": 1718702218.9478395,
    "es-MX": 1718702234.0863786,
    "fr": 1718702249.1972854,
    "it": 1718702264.331243,
    "ja": 1718702279.4293134,
    "ko": 1718702294.5400891,
    "pl": 1718702309.6389382,
    "pt-BR": 1718702324.7515848,
    "ru": 1718702339.8514223,
    "tr": 1718702354.9820957
}