{
    "en-US": 1722284116.1438928,
    "ar": 1722284131.3158371,
    "de": 1722284146.4857361,
    "es-ES": 1722284161.6489925,
    "es-MX": 1722284176.8380847,
    "fr": 1722284192.0006156,
    "it": 1722284207.1887136,
    "ja": 1722284222.3530102,
    "ko": 1722284237.517788,
    "pl": 1722284252.6815898,
    "pt-BR": 1722284267.845427,
    "ru": 1722284283.0058022,
    "tr": 1722284298.1781936
}