{
    "en-US": 1719818072.8920715,
    "ar": 1719818088.0878808,
    "de": 1719818103.2661877,
    "es-ES": 1719818118.4419644,
    "es-MX": 1719818133.6262567,
    "fr": 1719818148.8054945,
    "it": 1719818163.9926333,
    "ja": 1719818179.1633954,
    "ko": 1719818194.3319838,
    "pl": 1719818209.4986928,
    "pt-BR": 1719818224.6908267,
    "ru": 1719818239.9336116,
    "tr": 1719818255.20333
}