{
    "en-US": 1715112702.5837026,
    "ar": 1715112718.7812319,
    "de": 1715112734.4351606,
    "es-ES": 1715112749.7763336,
    "es-MX": 1715112765.5950298,
    "fr": 1715112781.0209885,
    "it": 1715112797.0936687,
    "ja": 1715112815.088935,
    "ko": 1715112832.2117546,
    "pl": 1715112848.1117992,
    "pt-BR": 1715112863.9835873,
    "ru": 1715112879.4465938,
    "tr": 1715112895.2646506
}