{
    "en-US": 1716847904.2812426,
    "ar": 1716847920.4887507,
    "de": 1716847936.2801304,
    "es-ES": 1716847952.08698,
    "es-MX": 1716847967.722473,
    "fr": 1716847983.342557,
    "it": 1716847999.564062,
    "ja": 1716848016.9573505,
    "ko": 1716848033.9542959,
    "pl": 1716848049.6192818,
    "pt-BR": 1716848065.5655358,
    "ru": 1716848081.4103456,
    "tr": 1716848097.3600786
}