{
    "en-US": 1713773912.112704,
    "ar": 1713773928.6521814,
    "de": 1713773944.3184047,
    "es-ES": 1713773959.9812722,
    "es-MX": 1713773975.6714077,
    "fr": 1713773991.373746,
    "it": 1713774007.085097,
    "ja": 1713774025.5969248,
    "ko": 1713774043.6564124,
    "pl": 1713774059.4044898,
    "pt-BR": 1713774075.1366723,
    "ru": 1713774090.9830754,
    "tr": 1713774106.8160021
}