{
    "en-US": 1714446785.5043907,
    "ar": 1714446801.5803986,
    "de": 1714446817.4816186,
    "es-ES": 1714446833.1337612,
    "es-MX": 1714446848.8354592,
    "fr": 1714446864.584886,
    "it": 1714446880.1695156,
    "ja": 1714446896.5922003,
    "ko": 1714446913.0915353,
    "pl": 1714446928.8084114,
    "pt-BR": 1714446944.3611636,
    "ru": 1714446960.1352096,
    "tr": 1714446976.1356044
}