{
    "en-US": 1714129845.5705264,
    "ar": 1714129861.5768027,
    "de": 1714129877.282561,
    "es-ES": 1714129892.9908717,
    "es-MX": 1714129908.7035255,
    "fr": 1714129924.2450125,
    "it": 1714129939.9195728,
    "ja": 1714129956.416866,
    "ko": 1714129972.4065354,
    "pl": 1714129988.327049,
    "pt-BR": 1714130004.0401986,
    "ru": 1714130019.9817896,
    "tr": 1714130035.7635226
}