{
    "en-US": 1714302623.1432383,
    "ar": 1714302639.182202,
    "de": 1714302654.7217808,
    "es-ES": 1714302670.2296286,
    "es-MX": 1714302685.7918189,
    "fr": 1714302701.3828077,
    "it": 1714302716.958894,
    "ja": 1714302735.0551796,
    "ko": 1714302752.9674413,
    "pl": 1714302768.7043319,
    "pt-BR": 1714302784.316693,
    "ru": 1714302799.9988441,
    "tr": 1714302815.812153
}