{
    "en-US": 1716455724.8006368,
    "ar": 1716455740.8208053,
    "de": 1716455756.3860343,
    "es-ES": 1716455771.9862757,
    "es-MX": 1716455787.5913544,
    "fr": 1716455802.9623697,
    "it": 1716455818.3645492,
    "ja": 1716455835.642625,
    "ko": 1716455852.585024,
    "pl": 1716455868.2795265,
    "pt-BR": 1716455883.9405985,
    "ru": 1716455899.5985892,
    "tr": 1716455915.293744
}