{
    "en-US": 1715328950.2094398,
    "ar": 1715328966.2776632,
    "de": 1715328981.8182473,
    "es-ES": 1715328997.403519,
    "es-MX": 1715329012.799108,
    "fr": 1715329028.1974795,
    "it": 1715329043.840466,
    "ja": 1715329061.6477017,
    "ko": 1715329078.6957111,
    "pl": 1715329094.2895248,
    "pt-BR": 1715329109.9240308,
    "ru": 1715329125.8472621,
    "tr": 1715329141.7294097
}