{
    "en-US": 1714544233.9729376,
    "ar": 1714544250.0002408,
    "de": 1714544265.5999472,
    "es-ES": 1714544281.20346,
    "es-MX": 1714544296.796113,
    "fr": 1714544312.3801298,
    "it": 1714544327.9981015,
    "ja": 1714544345.8416407,
    "ko": 1714544362.8414743,
    "pl": 1714544378.470075,
    "pt-BR": 1714544394.077424,
    "ru": 1714544409.7360919,
    "tr": 1714544425.396389
}