{
    "en-US": 1716851644.13497,
    "ar": 1716851660.187223,
    "de": 1716851675.8652887,
    "es-ES": 1716851691.1947477,
    "es-MX": 1716851706.910502,
    "fr": 1716851722.4126647,
    "it": 1716851738.3164675,
    "ja": 1716851756.2430286,
    "ko": 1716851773.3206935,
    "pl": 1716851789.0764177,
    "pt-BR": 1716851804.9114852,
    "ru": 1716851820.789391,
    "tr": 1716851836.5991693
}