{
    "en-US": 1718641036.9545047,
    "ar": 1718641053.3310204,
    "de": 1718641069.1076117,
    "es-ES": 1718641084.242634,
    "es-MX": 1718641099.45838,
    "fr": 1718641114.5970309,
    "it": 1718641129.746425,
    "ja": 1718641144.877465,
    "ko": 1718641160.0363362,
    "pl": 1718641175.1749716,
    "pt-BR": 1718641190.2932289,
    "ru": 1718641205.4030282,
    "tr": 1718641220.542679
}