{
    "en-US": 1713939499.2086725,
    "ar": 1713939515.234902,
    "de": 1713939530.7406995,
    "es-ES": 1713939546.0931158,
    "es-MX": 1713939561.6997087,
    "fr": 1713939577.2347481,
    "it": 1713939592.7801409,
    "ja": 1713939610.936877,
    "ko": 1713939628.7171814,
    "pl": 1713939644.311636,
    "pt-BR": 1713939659.7016428,
    "ru": 1713939675.3481874,
    "tr": 1713939690.7611063
}