{
    "en-US": 1720102453.7268925,
    "ar": 1720102468.8679128,
    "de": 1720102483.9991636,
    "es-ES": 1720102499.1442654,
    "es-MX": 1720102514.2753327,
    "fr": 1720102529.4026031,
    "it": 1720102544.5490022,
    "ja": 1720102559.6626658,
    "ko": 1720102574.7753327,
    "pl": 1720102589.9264069,
    "pt-BR": 1720102605.0416877,
    "ru": 1720102620.1734939,
    "tr": 1720102635.3074806
}