{
    "en-US": 1719363342.9118629,
    "ar": 1719363358.024998,
    "de": 1719363373.1533136,
    "es-ES": 1719363388.2564032,
    "es-MX": 1719363403.3826215,
    "fr": 1719363418.527903,
    "it": 1719363433.6951194,
    "ja": 1719363448.8000777,
    "ko": 1719363463.928064,
    "pl": 1719363479.0282936,
    "pt-BR": 1719363494.1659582,
    "ru": 1719363509.3176334,
    "tr": 1719363524.4286656
}