{
    "en-US": 1713978855.5082042,
    "ar": 1713978871.6422071,
    "de": 1713978887.4043233,
    "es-ES": 1713978902.9474466,
    "es-MX": 1713978918.4988406,
    "fr": 1713978934.2738805,
    "it": 1713978950.0931876,
    "ja": 1713978968.299059,
    "ko": 1713978983.5839221,
    "pl": 1713978998.8366354,
    "pt-BR": 1713979014.0747316,
    "ru": 1713979029.3027225,
    "tr": 1713979045.3217485
}