{
    "en-US": 1721722723.8229017,
    "ar": 1721722738.988207,
    "de": 1721722754.1601775,
    "es-ES": 1721722769.3208327,
    "es-MX": 1721722784.541728,
    "fr": 1721722799.7197998,
    "it": 1721722814.8956864,
    "ja": 1721722830.07407,
    "ko": 1721722845.2339554,
    "pl": 1721722860.3963563,
    "pt-BR": 1721722875.5762436,
    "ru": 1721722890.7983706,
    "tr": 1721722905.9676406
}