{
    "en-US": 1716066694.37353,
    "ar": 1716066710.1592221,
    "de": 1716066725.8770328,
    "es-ES": 1716066741.2331157,
    "es-MX": 1716066756.9813445,
    "fr": 1716066772.3795152,
    "it": 1716066788.0278697,
    "ja": 1716066805.6609025,
    "ko": 1716066822.8176641,
    "pl": 1716066838.2244468,
    "pt-BR": 1716066853.6580882,
    "ru": 1716066869.1451921,
    "tr": 1716066884.8710656
}