{
    "en-US": 1722047825.3542268,
    "ar": 1722047840.4541955,
    "de": 1722047855.5550177,
    "es-ES": 1722047870.6511667,
    "es-MX": 1722047885.765892,
    "fr": 1722047900.8817668,
    "it": 1722047915.9913664,
    "ja": 1722047931.081422,
    "ko": 1722047946.1784096,
    "pl": 1722047961.261729,
    "pt-BR": 1722047976.3779223,
    "ru": 1722047991.4783578,
    "tr": 1722048006.574012
}