{
    "en-US": 1714701322.019739,
    "ar": 1714701338.1258345,
    "de": 1714701353.7494216,
    "es-ES": 1714701369.4381564,
    "es-MX": 1714701385.1331882,
    "fr": 1714701400.823471,
    "it": 1714701416.456022,
    "ja": 1714701434.653897,
    "ko": 1714701451.8976233,
    "pl": 1714701467.5302682,
    "pt-BR": 1714701483.1782167,
    "ru": 1714701498.9291751,
    "tr": 1714701514.638286
}