{
    "en-US": 1722359626.9595644,
    "ar": 1722359642.1834054,
    "de": 1722359657.4132662,
    "es-ES": 1722359672.6618814,
    "es-MX": 1722359687.878126,
    "fr": 1722359703.1033344,
    "it": 1722359718.345182,
    "ja": 1722359733.5704393,
    "ko": 1722359748.7672074,
    "pl": 1722359763.9917054,
    "pt-BR": 1722359779.2167068,
    "ru": 1722359794.4282038,
    "tr": 1722359809.6382616
}