{
    "en-US": 1720981494.4027264,
    "ar": 1720981509.5789104,
    "de": 1720981524.751506,
    "es-ES": 1720981539.9171193,
    "es-MX": 1720981555.1129537,
    "fr": 1720981570.2632413,
    "it": 1720981585.428825,
    "ja": 1720981600.5878491,
    "ko": 1720981615.7474673,
    "pl": 1720981630.9086635,
    "pt-BR": 1720981646.0995471,
    "ru": 1720981661.2643104,
    "tr": 1720981676.4283252
}