{
    "en-US": 1715742985.6106842,
    "ar": 1715743001.4120436,
    "de": 1715743017.1820009,
    "es-ES": 1715743032.9180582,
    "es-MX": 1715743048.6703236,
    "fr": 1715743064.4888842,
    "it": 1715743080.3217952,
    "ja": 1715743096.4881566,
    "ko": 1715743112.7686703,
    "pl": 1715743128.5962646,
    "pt-BR": 1715743144.4077885,
    "ru": 1715743160.2224522,
    "tr": 1715743176.1219654
}