{
    "en-US": 1720264332.618992,
    "ar": 1720264347.7433891,
    "de": 1720264362.8553598,
    "es-ES": 1720264377.9548051,
    "es-MX": 1720264393.0994208,
    "fr": 1720264408.195757,
    "it": 1720264423.3046243,
    "ja": 1720264438.4005315,
    "ko": 1720264453.5052547,
    "pl": 1720264468.6001422,
    "pt-BR": 1720264483.7311869,
    "ru": 1720264498.832452,
    "tr": 1720264513.9312122
}