{
    "en-US": 1718993903.0160491,
    "ar": 1718993919.6084962,
    "de": 1718993935.5009115,
    "es-ES": 1718993950.735071,
    "es-MX": 1718993966.0167217,
    "fr": 1718993981.2216802,
    "it": 1718993996.4366221,
    "ja": 1718994011.6433625,
    "ko": 1718994026.9039912,
    "pl": 1718994042.1095862,
    "pt-BR": 1718994057.3252735,
    "ru": 1718994072.530906,
    "tr": 1718994087.7530143
}