{
    "en-US": 1714032934.5688796,
    "ar": 1714032950.7395563,
    "de": 1714032966.4405847,
    "es-ES": 1714032982.0830684,
    "es-MX": 1714032997.79093,
    "fr": 1714033013.476508,
    "it": 1714033029.1538358,
    "ja": 1714033046.7420366,
    "ko": 1714033063.7428286,
    "pl": 1714033079.4307618,
    "pt-BR": 1714033095.288459,
    "ru": 1714033110.9607706,
    "tr": 1714033126.708971
}