{
    "en-US": 1719256323.8020542,
    "ar": 1719256338.9557698,
    "de": 1719256354.0854352,
    "es-ES": 1719256369.18682,
    "es-MX": 1719256384.3256295,
    "fr": 1719256399.4418197,
    "it": 1719256414.5819414,
    "ja": 1719256429.701078,
    "ko": 1719256444.8214843,
    "pl": 1719256459.9289646,
    "pt-BR": 1719256475.0866597,
    "ru": 1719256490.1930716,
    "tr": 1719256505.3227644
}