{
    "en-US": 1718147606.296616,
    "ar": 1718147622.3613966,
    "de": 1718147638.0771441,
    "es-ES": 1718147653.235396,
    "es-MX": 1718147668.4148028,
    "fr": 1718147683.5261905,
    "it": 1718147698.6504657,
    "ja": 1718147713.7770758,
    "ko": 1718147728.927282,
    "pl": 1718147744.0355978,
    "pt-BR": 1718147759.1729472,
    "ru": 1718147774.2785368,
    "tr": 1718147789.3909283
}