{
    "en-US": 1720854778.7266765,
    "ar": 1720854793.8992417,
    "de": 1720854809.065917,
    "es-ES": 1720854824.2232683,
    "es-MX": 1720854839.4159684,
    "fr": 1720854854.5700362,
    "it": 1720854869.744507,
    "ja": 1720854884.907163,
    "ko": 1720854900.0709984,
    "pl": 1720854915.232232,
    "pt-BR": 1720854930.425492,
    "ru": 1720854945.5892513,
    "tr": 1720854960.7609758
}