{
    "en-US": 1717755282.0899756,
    "ar": 1717755298.352848,
    "de": 1717755314.014838,
    "es-ES": 1717755329.1605248,
    "es-MX": 1717755344.2972069,
    "fr": 1717755359.3928685,
    "it": 1717755374.538759,
    "ja": 1717755389.6490471,
    "ko": 1717755404.7896426,
    "pl": 1717755419.9028335,
    "pt-BR": 1717755435.0324771,
    "ru": 1717755450.1514454,
    "tr": 1717755465.291033
}