{
    "en-US": 1720772262.2222161,
    "ar": 1720772277.3860486,
    "de": 1720772292.5612695,
    "es-ES": 1720772307.7215786,
    "es-MX": 1720772322.9132378,
    "fr": 1720772338.0674245,
    "it": 1720772353.238734,
    "ja": 1720772368.416556,
    "ko": 1720772383.5911608,
    "pl": 1720772398.7478778,
    "pt-BR": 1720772413.9566612,
    "ru": 1720772429.1286764,
    "tr": 1720772444.2899532
}