{
    "en-US": 1715955204.7109797,
    "ar": 1715955220.931144,
    "de": 1715955236.0872676,
    "es-ES": 1715955251.2283118,
    "es-MX": 1715955266.3900294,
    "fr": 1715955282.3401318,
    "it": 1715955297.9120233,
    "ja": 1715955316.7343366,
    "ko": 1715955331.8887138,
    "pl": 1715955347.0172718,
    "pt-BR": 1715955362.1460748,
    "ru": 1715955377.307629,
    "tr": 1715955392.4577866
}