{
    "en-US": 1720462702.211876,
    "ar": 1720462717.300211,
    "de": 1720462732.400277,
    "es-ES": 1720462747.4905193,
    "es-MX": 1720462762.621037,
    "fr": 1720462777.7419934,
    "it": 1720462792.8967404,
    "ja": 1720462807.9868956,
    "ko": 1720462823.0923877,
    "pl": 1720462838.1916819,
    "pt-BR": 1720462853.288338,
    "ru": 1720462868.377831,
    "tr": 1720462883.5173106
}