{
    "en-US": 1717376100.621079,
    "ar": 1717376116.7501614,
    "de": 1717376132.3872397,
    "es-ES": 1717376147.7368574,
    "es-MX": 1717376163.4685602,
    "fr": 1717376179.2447548,
    "it": 1717376195.0551002,
    "ja": 1717376212.5742917,
    "ko": 1717376229.5010645,
    "pl": 1717376245.357558,
    "pt-BR": 1717376261.223032,
    "ru": 1717376276.95611,
    "tr": 1717376292.477553
}