{
    "en-US": 1720926993.4517467,
    "ar": 1720927008.63916,
    "de": 1720927023.822312,
    "es-ES": 1720927038.9862602,
    "es-MX": 1720927054.1863585,
    "fr": 1720927069.3516023,
    "it": 1720927084.5288203,
    "ja": 1720927099.6986854,
    "ko": 1720927114.865858,
    "pl": 1720927130.033347,
    "pt-BR": 1720927145.22192,
    "ru": 1720927160.3936372,
    "tr": 1720927175.562585
}