{
    "en-US": 1715811203.159661,
    "ar": 1715811219.239826,
    "de": 1715811235.017156,
    "es-ES": 1715811250.5293324,
    "es-MX": 1715811266.4310226,
    "fr": 1715811282.2165427,
    "it": 1715811298.1245418,
    "ja": 1715811314.6468773,
    "ko": 1715811330.9248083,
    "pl": 1715811346.7623909,
    "pt-BR": 1715811362.2999763,
    "ru": 1715811377.8488076,
    "tr": 1715811393.6909044
}