{
    "en-US": 1718478709.287599,
    "ar": 1718478725.5232768,
    "de": 1718478741.1877012,
    "es-ES": 1718478756.368769,
    "es-MX": 1718478771.5387576,
    "fr": 1718478786.7013085,
    "it": 1718478801.8724046,
    "ja": 1718478817.0333662,
    "ko": 1718478832.2104268,
    "pl": 1718478847.372914,
    "pt-BR": 1718478862.5482864,
    "ru": 1718478877.7132835,
    "tr": 1718478892.8963141
}