{
    "en-US": 1719267272.8420458,
    "ar": 1719267287.9777417,
    "de": 1719267303.0864837,
    "es-ES": 1719267318.1841197,
    "es-MX": 1719267333.3164992,
    "fr": 1719267348.4177732,
    "it": 1719267363.5354996,
    "ja": 1719267378.6495667,
    "ko": 1719267393.7554405,
    "pl": 1719267408.8492317,
    "pt-BR": 1719267423.9754267,
    "ru": 1719267439.065477,
    "tr": 1719267454.1569571
}