{
    "en-US": 1717676605.2393842,
    "ar": 1717676623.348139,
    "de": 1717676638.5082803,
    "es-ES": 1717676653.634457,
    "es-MX": 1717676668.7518377,
    "fr": 1717676683.8663762,
    "it": 1717676699.0085468,
    "ja": 1717676714.1522586,
    "ko": 1717676729.2711456,
    "pl": 1717676744.382863,
    "pt-BR": 1717676759.5060673,
    "ru": 1717676774.614416,
    "tr": 1717676789.732102
}