{
    "en-US": 1721484771.8896976,
    "ar": 1721484786.992761,
    "de": 1721484802.1173701,
    "es-ES": 1721484817.2268875,
    "es-MX": 1721484832.3441396,
    "fr": 1721484847.4522445,
    "it": 1721484862.567659,
    "ja": 1721484877.6612716,
    "ko": 1721484892.7699528,
    "pl": 1721484907.868373,
    "pt-BR": 1721484922.9808047,
    "ru": 1721484938.0873733,
    "tr": 1721484953.2092323
}