{
    "en-US": 1718054042.85055,
    "ar": 1718054059.1488607,
    "de": 1718054075.2462628,
    "es-ES": 1718054090.4402971,
    "es-MX": 1718054105.6215131,
    "fr": 1718054120.7911983,
    "it": 1718054135.9702373,
    "ja": 1718054151.1956549,
    "ko": 1718054166.4302108,
    "pl": 1718054181.712564,
    "pt-BR": 1718054196.9551613,
    "ru": 1718054212.2031121,
    "tr": 1718054227.4597359
}