{
    "en-US": 1717085788.1922154,
    "ar": 1717085804.427647,
    "de": 1717085820.1539352,
    "es-ES": 1717085835.5652108,
    "es-MX": 1717085851.3836699,
    "fr": 1717085866.8641658,
    "it": 1717085882.7808638,
    "ja": 1717085900.252471,
    "ko": 1717085917.4346857,
    "pl": 1717085932.860674,
    "pt-BR": 1717085948.3446457,
    "ru": 1717085964.0045316,
    "tr": 1717085979.8888774
}