{
    "en-US": 1722259116.0407946,
    "ar": 1722259131.1398697,
    "de": 1722259146.250693,
    "es-ES": 1722259161.3487654,
    "es-MX": 1722259176.4695036,
    "fr": 1722259191.559008,
    "it": 1722259206.660779,
    "ja": 1722259221.753556,
    "ko": 1722259236.8453522,
    "pl": 1722259251.9470408,
    "pt-BR": 1722259267.0775595,
    "ru": 1722259282.178152,
    "tr": 1722259297.2696817
}