{
    "en-US": 1716056168.7123268,
    "ar": 1716056184.9509158,
    "de": 1716056200.6786754,
    "es-ES": 1716056216.4964325,
    "es-MX": 1716056232.0485253,
    "fr": 1716056247.7054856,
    "it": 1716056263.5445147,
    "ja": 1716056280.8625302,
    "ko": 1716056297.7816298,
    "pl": 1716056313.3351927,
    "pt-BR": 1716056329.1689749,
    "ru": 1716056344.7739618,
    "tr": 1716056360.6443682
}