{
    "en-US": 1718067344.6568675,
    "ar": 1718067360.9696815,
    "de": 1718067376.6445537,
    "es-ES": 1718067391.766886,
    "es-MX": 1718067406.8764014,
    "fr": 1718067421.9761097,
    "it": 1718067437.087937,
    "ja": 1718067452.1840682,
    "ko": 1718067467.3089669,
    "pl": 1718067482.4063115,
    "pt-BR": 1718067497.5311716,
    "ru": 1718067512.6243653,
    "tr": 1718067527.7370124
}