{
    "en-US": 1721060220.8785577,
    "ar": 1721060236.056848,
    "de": 1721060251.2264621,
    "es-ES": 1721060266.3898752,
    "es-MX": 1721060282.1171923,
    "fr": 1721060297.2834861,
    "it": 1721060312.4813669,
    "ja": 1721060327.645505,
    "ko": 1721060342.8108242,
    "pl": 1721060357.993106,
    "pt-BR": 1721060373.2118826,
    "ru": 1721060388.3759356,
    "tr": 1721060403.557724
}