{
    "en-US": 1717369986.3881626,
    "ar": 1717370001.6076398,
    "de": 1717370017.6706393,
    "es-ES": 1717370033.3837662,
    "es-MX": 1717370049.1410043,
    "fr": 1717370064.5634532,
    "it": 1717370080.4046326,
    "ja": 1717370097.8967116,
    "ko": 1717370114.751798,
    "pl": 1717370130.638709,
    "pt-BR": 1717370146.5086572,
    "ru": 1717370162.834829,
    "tr": 1717370178.811054
}