{
    "en-US": 1721402143.8906605,
    "ar": 1721402159.003125,
    "de": 1721402174.1414897,
    "es-ES": 1721402189.269259,
    "es-MX": 1721402204.4071674,
    "fr": 1721402219.5106409,
    "it": 1721402234.6520107,
    "ja": 1721402249.760926,
    "ko": 1721402264.8755171,
    "pl": 1721402279.9892263,
    "pt-BR": 1721402295.1014662,
    "ru": 1721402310.215449,
    "tr": 1721402325.3601558
}