{
    "en-US": 1718277183.0148938,
    "ar": 1718277199.3178685,
    "de": 1718277215.5273314,
    "es-ES": 1718277230.7241657,
    "es-MX": 1718277245.9042387,
    "fr": 1718277261.0821855,
    "it": 1718277276.2625315,
    "ja": 1718277291.435296,
    "ko": 1718277306.6289465,
    "pl": 1718277321.7942364,
    "pt-BR": 1718277336.9708505,
    "ru": 1718277352.1490955,
    "tr": 1718277367.328236
}