{
    "en-US": 1721279633.0495017,
    "ar": 1721279648.160163,
    "de": 1721279663.267673,
    "es-ES": 1721279678.3621974,
    "es-MX": 1721279693.4869149,
    "fr": 1721279708.5891268,
    "it": 1721279723.7147665,
    "ja": 1721279738.8061495,
    "ko": 1721279753.9080598,
    "pl": 1721279769.0141277,
    "pt-BR": 1721279784.1383967,
    "ru": 1721279799.2270586,
    "tr": 1721279814.3428788
}