{
    "en-US": 1720441529.1290176,
    "ar": 1720441544.3085253,
    "de": 1720441559.487611,
    "es-ES": 1720441574.655111,
    "es-MX": 1720441589.846369,
    "fr": 1720441605.0193796,
    "it": 1720441620.1948519,
    "ja": 1720441635.3668375,
    "ko": 1720441650.5301325,
    "pl": 1720441665.6928725,
    "pt-BR": 1720441680.8764858,
    "ru": 1720441696.0364451,
    "tr": 1720441711.2247388
}