{
    "en-US": 1719580544.40338,
    "ar": 1719580559.5992205,
    "de": 1719580574.7884662,
    "es-ES": 1719580589.9572062,
    "es-MX": 1719580605.1255462,
    "fr": 1719580620.2937331,
    "it": 1719580635.4806228,
    "ja": 1719580650.6626515,
    "ko": 1719580665.8389792,
    "pl": 1719580681.0023699,
    "pt-BR": 1719580696.174184,
    "ru": 1719580711.3447332,
    "tr": 1719580726.514395
}