{
    "en-US": 1714983387.4270513,
    "ar": 1714983403.7379177,
    "de": 1714983419.3847287,
    "es-ES": 1714983434.880043,
    "es-MX": 1714983450.4630134,
    "fr": 1714983466.0305984,
    "it": 1714983481.8470838,
    "ja": 1714983503.2765362,
    "ko": 1714983520.3882334,
    "pl": 1714983536.0359342,
    "pt-BR": 1714983551.6245666,
    "ru": 1714983567.4094272,
    "tr": 1714983583.2730668
}