{
    "en-US": 1721481254.9232476,
    "ar": 1721481270.1145766,
    "de": 1721481285.3819003,
    "es-ES": 1721481300.53979,
    "es-MX": 1721481315.722675,
    "fr": 1721481330.8872483,
    "it": 1721481346.0524533,
    "ja": 1721481361.2147722,
    "ko": 1721481376.3942912,
    "pl": 1721481391.548757,
    "pt-BR": 1721481406.7233512,
    "ru": 1721481421.8962975,
    "tr": 1721481437.0572805
}