{
    "en-US": 1715350286.4310603,
    "ar": 1715350302.5918639,
    "de": 1715350318.4232345,
    "es-ES": 1715350334.252368,
    "es-MX": 1715350350.1733932,
    "fr": 1715350366.2125683,
    "it": 1715350382.1625135,
    "ja": 1715350398.8530033,
    "ko": 1715350415.337399,
    "pl": 1715350431.3339746,
    "pt-BR": 1715350447.2934108,
    "ru": 1715350463.238224,
    "tr": 1715350479.1203198
}