{
    "en-US": 1720934107.5222461,
    "ar": 1720934122.6850808,
    "de": 1720934137.8335912,
    "es-ES": 1720934152.9821396,
    "es-MX": 1720934168.1535017,
    "fr": 1720934183.2975256,
    "it": 1720934198.4565039,
    "ja": 1720934213.6003368,
    "ko": 1720934228.7447217,
    "pl": 1720934243.8889856,
    "pt-BR": 1720934259.1029649,
    "ru": 1720934274.2473598,
    "tr": 1720934289.4098961
}