{
    "en-US": 1722057203.2280333,
    "ar": 1722057218.392921,
    "de": 1722057233.5546584,
    "es-ES": 1722057248.7173424,
    "es-MX": 1722057263.8795435,
    "fr": 1722057279.0519686,
    "it": 1722057294.2274804,
    "ja": 1722057309.3851752,
    "ko": 1722057324.545728,
    "pl": 1722057339.6962748,
    "pt-BR": 1722057354.8531725,
    "ru": 1722057370.0321145,
    "tr": 1722057385.1929321
}