{
    "en-US": 1721542619.4198244,
    "ar": 1721542634.6109283,
    "de": 1721542649.7842257,
    "es-ES": 1721542664.943943,
    "es-MX": 1721542680.1187475,
    "fr": 1721542695.2707179,
    "it": 1721542710.4364622,
    "ja": 1721542725.6209316,
    "ko": 1721542740.7855954,
    "pl": 1721542755.943716,
    "pt-BR": 1721542771.1284773,
    "ru": 1721542786.2818177,
    "tr": 1721542801.4503844
}