{
    "en-US": 1718907536.9954474,
    "ar": 1718907553.1409276,
    "de": 1718907569.2910602,
    "es-ES": 1718907584.5826051,
    "es-MX": 1718907599.8185093,
    "fr": 1718907615.01238,
    "it": 1718907630.2157214,
    "ja": 1718907645.4240458,
    "ko": 1718907660.6348293,
    "pl": 1718907675.8111768,
    "pt-BR": 1718907691.0192466,
    "ru": 1718907706.2063603,
    "tr": 1718907721.4390755
}