{
    "en-US": 1716815744.0909803,
    "ar": 1716815759.952322,
    "de": 1716815775.8215892,
    "es-ES": 1716815791.5800593,
    "es-MX": 1716815807.5445476,
    "fr": 1716815823.1551082,
    "it": 1716815839.1390455,
    "ja": 1716815855.5778775,
    "ko": 1716815871.9490974,
    "pl": 1716815887.8844376,
    "pt-BR": 1716815903.7851412,
    "ru": 1716815919.7737772,
    "tr": 1716815935.4220042
}