{
    "en-US": 1714626789.0776958,
    "ar": 1714626805.066405,
    "de": 1714626820.770123,
    "es-ES": 1714626836.2532938,
    "es-MX": 1714626852.17017,
    "fr": 1714626868.079122,
    "it": 1714626883.8030815,
    "ja": 1714626900.087497,
    "ko": 1714626916.36864,
    "pl": 1714626932.0840359,
    "pt-BR": 1714626947.8043675,
    "ru": 1714626963.535154,
    "tr": 1714626979.3323996
}