{
    "en-US": 1717568317.075591,
    "ar": 1717568333.2024791,
    "de": 1717568349.2915914,
    "es-ES": 1717568365.489277,
    "es-MX": 1717568381.471924,
    "fr": 1717568397.6762738,
    "it": 1717568413.5528991,
    "ja": 1717568431.1581905,
    "ko": 1717568448.3048503,
    "pl": 1717568464.2573133,
    "pt-BR": 1717568480.1908572,
    "ru": 1717568496.5390725,
    "tr": 1717568512.448616
}