{
    "en-US": 1715695955.7059681,
    "ar": 1715695971.4282079,
    "de": 1715695987.491733,
    "es-ES": 1715696003.2290921,
    "es-MX": 1715696018.6462038,
    "fr": 1715696034.079117,
    "it": 1715696049.874837,
    "ja": 1715696068.3234744,
    "ko": 1715696086.2167847,
    "pl": 1715696102.0923262,
    "pt-BR": 1715696118.018539,
    "ru": 1715696133.7951677,
    "tr": 1715696149.815374
}