{
    "en-US": 1718421270.1277354,
    "ar": 1718421286.1860852,
    "de": 1718421302.2265925,
    "es-ES": 1718421317.3691416,
    "es-MX": 1718421332.4815047,
    "fr": 1718421347.5746086,
    "it": 1718421362.6909363,
    "ja": 1718421377.7919095,
    "ko": 1718421392.9157877,
    "pl": 1718421408.0153666,
    "pt-BR": 1718421423.1257017,
    "ru": 1718421438.222571,
    "tr": 1718421453.3505094
}