{
    "en-US": 1717873903.2718406,
    "ar": 1717873919.5227695,
    "de": 1717873935.6790452,
    "es-ES": 1717873950.8737423,
    "es-MX": 1717873966.0612931,
    "fr": 1717873981.2323773,
    "it": 1717873996.4138322,
    "ja": 1717874011.5803852,
    "ko": 1717874026.7745166,
    "pl": 1717874041.9357138,
    "pt-BR": 1717874057.1125193,
    "ru": 1717874072.274975,
    "tr": 1717874087.4486198
}