{
    "en-US": 1717150493.9938657,
    "ar": 1717150509.705655,
    "de": 1717150525.4133918,
    "es-ES": 1717150541.0030599,
    "es-MX": 1717150556.7970495,
    "fr": 1717150572.6071393,
    "it": 1717150588.3435025,
    "ja": 1717150605.4118001,
    "ko": 1717150622.2757683,
    "pl": 1717150637.9897592,
    "pt-BR": 1717150653.6235635,
    "ru": 1717150669.0385506,
    "tr": 1717150684.732689
}