{
    "en-US": 1719709240.9573429,
    "ar": 1719709256.0809655,
    "de": 1719709271.2041357,
    "es-ES": 1719709286.3361466,
    "es-MX": 1719709301.4564602,
    "fr": 1719709316.5692391,
    "it": 1719709331.7135065,
    "ja": 1719709346.8161294,
    "ko": 1719709361.9214196,
    "pl": 1719709377.0226896,
    "pt-BR": 1719709392.1514165,
    "ru": 1719709407.2636614,
    "tr": 1719709422.408515
}