{
    "en-US": 1713946557.577269,
    "ar": 1713946573.9385073,
    "de": 1713946589.424562,
    "es-ES": 1713946605.0566428,
    "es-MX": 1713946620.7195375,
    "fr": 1713946636.4520397,
    "it": 1713946652.3415074,
    "ja": 1713946669.7845018,
    "ko": 1713946686.780073,
    "pl": 1713946702.466183,
    "pt-BR": 1713946718.173066,
    "ru": 1713946733.908408,
    "tr": 1713946749.612126
}