{
    "en-US": 1714252242.2681532,
    "ar": 1714252258.4531305,
    "de": 1714252274.1101735,
    "es-ES": 1714252289.7593048,
    "es-MX": 1714252305.4585147,
    "fr": 1714252321.1369019,
    "it": 1714252336.8923898,
    "ja": 1714252354.588523,
    "ko": 1714252371.6881757,
    "pl": 1714252387.3851893,
    "pt-BR": 1714252403.1133952,
    "ru": 1714252418.9222953,
    "tr": 1714252434.6946094
}