{
    "en-US": 1720415779.762375,
    "ar": 1720415794.8678555,
    "de": 1720415809.9885,
    "es-ES": 1720415825.0954762,
    "es-MX": 1720415840.2335186,
    "fr": 1720415855.3388777,
    "it": 1720415870.4485726,
    "ja": 1720415885.5536177,
    "ko": 1720415900.6594708,
    "pl": 1720415915.7663934,
    "pt-BR": 1720415930.8938978,
    "ru": 1720415946.005888,
    "tr": 1720415961.1101215
}