{
    "en-US": 1713708675.745621,
    "ar": 1713708692.0597706,
    "de": 1713708707.7584066,
    "es-ES": 1713708723.4339051,
    "es-MX": 1713708738.9820504,
    "fr": 1713708754.6828983,
    "it": 1713708770.4084284,
    "ja": 1713708787.4206998,
    "ko": 1713708804.2253876,
    "pl": 1713708820.0887365,
    "pt-BR": 1713708835.8548365,
    "ru": 1713708851.855247,
    "tr": 1713708867.828377
}