{
    "en-US": 1718672174.4400983,
    "ar": 1718672190.811755,
    "de": 1718672206.9300804,
    "es-ES": 1718672223.2250743,
    "es-MX": 1718672239.0929306,
    "fr": 1718672254.3013124,
    "it": 1718672269.4934018,
    "ja": 1718672284.680471,
    "ko": 1718672299.862067,
    "pl": 1718672315.036575,
    "pt-BR": 1718672330.466336,
    "ru": 1718672345.6460948,
    "tr": 1718672360.8343554
}