{
    "en-US": 1720203437.8068988,
    "ar": 1720203453.0093594,
    "de": 1720203468.182143,
    "es-ES": 1720203483.3339348,
    "es-MX": 1720203498.5411742,
    "fr": 1720203513.6923423,
    "it": 1720203528.8686435,
    "ja": 1720203544.0362124,
    "ko": 1720203559.2341976,
    "pl": 1720203574.402666,
    "pt-BR": 1720203589.641119,
    "ru": 1720203604.8069913,
    "tr": 1720203619.971034
}