{
    "en-US": 1719994653.5157459,
    "ar": 1719994668.627392,
    "de": 1719994683.7432868,
    "es-ES": 1719994698.8397021,
    "es-MX": 1719994713.978418,
    "fr": 1719994729.1142838,
    "it": 1719994744.2230213,
    "ja": 1719994759.3216827,
    "ko": 1719994774.4290023,
    "pl": 1719994789.5244853,
    "pt-BR": 1719994804.6709208,
    "ru": 1719994819.776907,
    "tr": 1719994834.893766
}