{
    "en-US": 1713784239.1716156,
    "ar": 1713784255.3509386,
    "de": 1713784270.9129422,
    "es-ES": 1713784286.4609494,
    "es-MX": 1713784302.1236038,
    "fr": 1713784317.7483416,
    "it": 1713784333.3161535,
    "ja": 1713784351.3584073,
    "ko": 1713784368.51324,
    "pl": 1713784384.1366608,
    "pt-BR": 1713784399.759656,
    "ru": 1713784415.482711,
    "tr": 1713784431.1473322
}