{
    "en-US": 1714889755.204281,
    "ar": 1714889771.4614065,
    "de": 1714889787.163333,
    "es-ES": 1714889802.8171139,
    "es-MX": 1714889818.5211744,
    "fr": 1714889834.0410976,
    "it": 1714889849.7862515,
    "ja": 1714889867.6430404,
    "ko": 1714889884.5705273,
    "pl": 1714889900.2869244,
    "pt-BR": 1714889916.0317614,
    "ru": 1714889932.0312097,
    "tr": 1714889947.8426542
}