{
    "en-US": 1716545694.1953075,
    "ar": 1716545710.1957173,
    "de": 1716545725.540319,
    "es-ES": 1716545741.08086,
    "es-MX": 1716545756.8059962,
    "fr": 1716545772.2869632,
    "it": 1716545788.0157847,
    "ja": 1716545805.4895823,
    "ko": 1716545822.8409395,
    "pl": 1716545838.4993591,
    "pt-BR": 1716545854.2509823,
    "ru": 1716545870.1191566,
    "tr": 1716545886.1612937
}