{
    "en-US": 1720394084.6706634,
    "ar": 1720394099.8630018,
    "de": 1720394115.041743,
    "es-ES": 1720394130.2124577,
    "es-MX": 1720394145.3918526,
    "fr": 1720394160.5567453,
    "it": 1720394175.729855,
    "ja": 1720394190.9098423,
    "ko": 1720394206.0770473,
    "pl": 1720394221.2410254,
    "pt-BR": 1720394236.4165297,
    "ru": 1720394251.579626,
    "tr": 1720394266.7496302
}