{
    "en-US": 1722342285.868934,
    "ar": 1722342301.0591218,
    "de": 1722342316.245875,
    "es-ES": 1722342331.4256487,
    "es-MX": 1722342346.6094463,
    "fr": 1722342361.8007705,
    "it": 1722342377.0014856,
    "ja": 1722342392.181553,
    "ko": 1722342407.3627052,
    "pl": 1722342422.5381205,
    "pt-BR": 1722342437.7280517,
    "ru": 1722342452.9080846,
    "tr": 1722342468.1015086
}