{
    "en-US": 1717694051.0304494,
    "ar": 1717694067.1838489,
    "de": 1717694083.3585992,
    "es-ES": 1717694099.4854763,
    "es-MX": 1717694114.730157,
    "fr": 1717694129.960581,
    "it": 1717694145.1891162,
    "ja": 1717694160.358732,
    "ko": 1717694175.5399396,
    "pl": 1717694190.739296,
    "pt-BR": 1717694205.953811,
    "ru": 1717694221.1164806,
    "tr": 1717694236.3017452
}