{
    "en-US": 1720070148.9674442,
    "ar": 1720070164.087295,
    "de": 1720070179.1990044,
    "es-ES": 1720070194.3054578,
    "es-MX": 1720070209.4327219,
    "fr": 1720070224.5315962,
    "it": 1720070239.6582017,
    "ja": 1720070254.7560844,
    "ko": 1720070269.8590384,
    "pl": 1720070284.9627788,
    "pt-BR": 1720070300.0918748,
    "ru": 1720070315.1989627,
    "tr": 1720070330.3038685
}