{
    "en-US": 1715771521.0652497,
    "ar": 1715771537.1992006,
    "de": 1715771552.9446428,
    "es-ES": 1715771568.718151,
    "es-MX": 1715771584.3978808,
    "fr": 1715771600.190994,
    "it": 1715771615.958244,
    "ja": 1715771633.594405,
    "ko": 1715771650.508098,
    "pl": 1715771666.3750951,
    "pt-BR": 1715771682.3617458,
    "ru": 1715771697.948707,
    "tr": 1715771713.819897
}