{
    "en-US": 1719346423.3712559,
    "ar": 1719346438.5407186,
    "de": 1719346453.6973965,
    "es-ES": 1719346468.8217986,
    "es-MX": 1719346483.9513185,
    "fr": 1719346499.0921266,
    "it": 1719346514.2222643,
    "ja": 1719346529.3368168,
    "ko": 1719346544.479798,
    "pl": 1719346559.606223,
    "pt-BR": 1719346574.7382007,
    "ru": 1719346589.9101763,
    "tr": 1719346605.0309327
}