{
    "en-US": 1721492117.3751242,
    "ar": 1721492132.473101,
    "de": 1721492147.5962307,
    "es-ES": 1721492162.6909168,
    "es-MX": 1721492177.8067493,
    "fr": 1721492192.8999493,
    "it": 1721492208.0428789,
    "ja": 1721492223.1370506,
    "ko": 1721492238.2341907,
    "pl": 1721492253.334762,
    "pt-BR": 1721492268.4546826,
    "ru": 1721492283.5471847,
    "tr": 1721492298.6766453
}