{
    "en-US": 1720964202.8312426,
    "ar": 1720964217.9314387,
    "de": 1720964233.029917,
    "es-ES": 1720964248.1291654,
    "es-MX": 1720964263.2482934,
    "fr": 1720964278.3744159,
    "it": 1720964293.4744835,
    "ja": 1720964308.5641627,
    "ko": 1720964323.6640315,
    "pl": 1720964338.7515402,
    "pt-BR": 1720964353.8602407,
    "ru": 1720964368.9764013,
    "tr": 1720964384.0771425
}