{
    "en-US": 1717917203.756314,
    "ar": 1717917219.8793406,
    "de": 1717917235.7263165,
    "es-ES": 1717917251.6634188,
    "es-MX": 1717917266.7886848,
    "fr": 1717917281.8976607,
    "it": 1717917297.011403,
    "ja": 1717917312.1146386,
    "ko": 1717917327.2301066,
    "pl": 1717917342.3489027,
    "pt-BR": 1717917357.4591334,
    "ru": 1717917372.559707,
    "tr": 1717917387.6742198
}