{
    "en-US": 1717539256.847002,
    "ar": 1717539273.3474302,
    "de": 1717539289.2750607,
    "es-ES": 1717539304.9233077,
    "es-MX": 1717539320.690526,
    "fr": 1717539336.485161,
    "it": 1717539352.2794118,
    "ja": 1717539370.1661756,
    "ko": 1717539387.3051922,
    "pl": 1717539403.4511402,
    "pt-BR": 1717539419.1915886,
    "ru": 1717539434.9862213,
    "tr": 1717539450.8737967
}