{
    "en-US": 1721527818.3912518,
    "ar": 1721527833.5561357,
    "de": 1721527848.7251072,
    "es-ES": 1721527863.8782597,
    "es-MX": 1721527879.0528924,
    "fr": 1721527894.1989303,
    "it": 1721527909.4077306,
    "ja": 1721527924.5616987,
    "ko": 1721527939.7292528,
    "pl": 1721527954.8780603,
    "pt-BR": 1721527970.0519059,
    "ru": 1721527985.211154,
    "tr": 1721528000.3832371
}