{
    "en-US": 1715400928.804975,
    "ar": 1715400944.9908066,
    "de": 1715400960.3721251,
    "es-ES": 1715400975.9682431,
    "es-MX": 1715400991.6595178,
    "fr": 1715401007.2908444,
    "it": 1715401022.937985,
    "ja": 1715401040.7793183,
    "ko": 1715401058.1237311,
    "pl": 1715401073.8255355,
    "pt-BR": 1715401089.4658022,
    "ru": 1715401105.2373195,
    "tr": 1715401121.0266805
}