{
    "en-US": 1719526461.1598742,
    "ar": 1719526476.2653744,
    "de": 1719526491.391083,
    "es-ES": 1719526506.4902143,
    "es-MX": 1719526521.6391366,
    "fr": 1719526536.7299035,
    "it": 1719526551.836959,
    "ja": 1719526566.944082,
    "ko": 1719526582.0561504,
    "pl": 1719526597.1553366,
    "pt-BR": 1719526612.2913275,
    "ru": 1719526627.3998153,
    "tr": 1719526642.5205333
}