{
    "en-US": 1719443659.7131605,
    "ar": 1719443674.8610873,
    "de": 1719443690.0045402,
    "es-ES": 1719443705.1106327,
    "es-MX": 1719443720.226994,
    "fr": 1719443735.3354118,
    "it": 1719443750.5016427,
    "ja": 1719443765.6371682,
    "ko": 1719443780.7405381,
    "pl": 1719443795.8410895,
    "pt-BR": 1719443810.9667342,
    "ru": 1719443826.069439,
    "tr": 1719443841.2024496
}