{
    "en-US": 1714441858.3990571,
    "ar": 1714441874.4569001,
    "de": 1714441890.2185283,
    "es-ES": 1714441905.713585,
    "es-MX": 1714441921.4949303,
    "fr": 1714441937.211616,
    "it": 1714441952.9385686,
    "ja": 1714441969.3887813,
    "ko": 1714441985.7004392,
    "pl": 1714442001.787489,
    "pt-BR": 1714442017.5502517,
    "ru": 1714442033.58945,
    "tr": 1714442049.5936499
}