{
    "en-US": 1713712321.4048855,
    "ar": 1713712337.7482615,
    "de": 1713712353.4245274,
    "es-ES": 1713712369.0850463,
    "es-MX": 1713712384.8917367,
    "fr": 1713712400.620046,
    "it": 1713712416.518098,
    "ja": 1713712434.0047581,
    "ko": 1713712450.7911298,
    "pl": 1713712466.5077038,
    "pt-BR": 1713712482.0538404,
    "ru": 1713712498.0518827,
    "tr": 1713712513.8731315
}