{
    "en-US": 1714597911.1722796,
    "ar": 1714597927.4248888,
    "de": 1714597943.5619018,
    "es-ES": 1714597959.0773203,
    "es-MX": 1714597974.8631372,
    "fr": 1714597990.5985153,
    "it": 1714598006.3882058,
    "ja": 1714598024.5707536,
    "ko": 1714598042.0802944,
    "pl": 1714598057.9302573,
    "pt-BR": 1714598073.7346468,
    "ru": 1714598089.3822036,
    "tr": 1714598105.5518494
}