{
    "en-US": 1716660903.551427,
    "ar": 1716660919.704028,
    "de": 1716660935.4682443,
    "es-ES": 1716660950.9385407,
    "es-MX": 1716660966.8223457,
    "fr": 1716660982.4539928,
    "it": 1716660998.5626287,
    "ja": 1716661015.6172006,
    "ko": 1716661032.6233692,
    "pl": 1716661048.494009,
    "pt-BR": 1716661064.2169757,
    "ru": 1716661080.1685486,
    "tr": 1716661096.1115596
}