{
    "en-US": 1715710539.6980836,
    "ar": 1715710555.4364572,
    "de": 1715710570.7875295,
    "es-ES": 1715710586.666492,
    "es-MX": 1715710602.3819997,
    "fr": 1715710617.7944262,
    "it": 1715710633.5134313,
    "ja": 1715710653.1355922,
    "ko": 1715710670.371479,
    "pl": 1715710686.1304824,
    "pt-BR": 1715710701.8998108,
    "ru": 1715710717.3748407,
    "tr": 1715710733.2154746
}