{
    "en-US": 1720404265.2163353,
    "ar": 1720404280.4134574,
    "de": 1720404295.5890176,
    "es-ES": 1720404310.7548642,
    "es-MX": 1720404325.9650414,
    "fr": 1720404341.1320686,
    "it": 1720404356.3105497,
    "ja": 1720404371.4724936,
    "ko": 1720404386.6446908,
    "pl": 1720404401.8239126,
    "pt-BR": 1720404417.0203204,
    "ru": 1720404432.1939082,
    "tr": 1720404447.3735132
}