{
    "en-US": 1721499400.8550959,
    "ar": 1721499416.036765,
    "de": 1721499431.1972244,
    "es-ES": 1721499446.3489962,
    "es-MX": 1721499461.504378,
    "fr": 1721499476.6524434,
    "it": 1721499491.810214,
    "ja": 1721499506.9777951,
    "ko": 1721499522.132587,
    "pl": 1721499537.2858028,
    "pt-BR": 1721499552.4489658,
    "ru": 1721499567.6060221,
    "tr": 1721499582.778271
}