{
    "en-US": 1717927998.01534,
    "ar": 1717928014.1062968,
    "de": 1717928030.0136747,
    "es-ES": 1717928045.9592,
    "es-MX": 1717928061.0794194,
    "fr": 1717928076.192702,
    "it": 1717928091.2965963,
    "ja": 1717928106.4083722,
    "ko": 1717928121.501761,
    "pl": 1717928136.6213903,
    "pt-BR": 1717928151.7262168,
    "ru": 1717928166.8230755,
    "tr": 1717928181.9145682
}