{
    "en-US": 1720081104.172865,
    "ar": 1720081119.2836688,
    "de": 1720081134.3958194,
    "es-ES": 1720081149.490501,
    "es-MX": 1720081164.6714706,
    "fr": 1720081179.7648537,
    "it": 1720081194.8870308,
    "ja": 1720081209.9891214,
    "ko": 1720081225.0860841,
    "pl": 1720081240.1791005,
    "pt-BR": 1720081255.3021226,
    "ru": 1720081270.404973,
    "tr": 1720081285.5111716
}