{
    "en-US": 1722128517.126034,
    "ar": 1722128532.3161745,
    "de": 1722128547.4896314,
    "es-ES": 1722128562.6577559,
    "es-MX": 1722128577.8346436,
    "fr": 1722128592.9887252,
    "it": 1722128608.1762698,
    "ja": 1722128623.3384652,
    "ko": 1722128638.5144985,
    "pl": 1722128653.6788297,
    "pt-BR": 1722128668.8573003,
    "ru": 1722128684.0300817,
    "tr": 1722128699.2241979
}