{
    "en-US": 1719853992.963944,
    "ar": 1719854008.1493468,
    "de": 1719854023.3386083,
    "es-ES": 1719854038.5317128,
    "es-MX": 1719854053.7223392,
    "fr": 1719854068.8920457,
    "it": 1719854084.1188762,
    "ja": 1719854099.282283,
    "ko": 1719854114.4598942,
    "pl": 1719854129.6186829,
    "pt-BR": 1719854144.7942326,
    "ru": 1719854159.9652886,
    "tr": 1719854175.1533685
}