{
    "en-US": 1719720913.0339234,
    "ar": 1719720928.2008026,
    "de": 1719720943.3867807,
    "es-ES": 1719720958.571648,
    "es-MX": 1719720973.7457623,
    "fr": 1719720988.9079187,
    "it": 1719721004.0960994,
    "ja": 1719721019.2595136,
    "ko": 1719721034.425042,
    "pl": 1719721049.6051457,
    "pt-BR": 1719721064.775461,
    "ru": 1719721079.9410079,
    "tr": 1719721095.1303012
}