{
    "en-US": 1721009309.1670775,
    "ar": 1721009324.329642,
    "de": 1721009339.501601,
    "es-ES": 1721009354.6661887,
    "es-MX": 1721009369.8583784,
    "fr": 1721009385.0181084,
    "it": 1721009400.1945155,
    "ja": 1721009415.3599246,
    "ko": 1721009430.5390785,
    "pl": 1721009445.7017999,
    "pt-BR": 1721009460.8929694,
    "ru": 1721009476.063666,
    "tr": 1721009491.2353787
}