{
    "en-US": 1719234879.7382438,
    "ar": 1719234894.932502,
    "de": 1719234910.1394372,
    "es-ES": 1719234925.306588,
    "es-MX": 1719234940.4753838,
    "fr": 1719234955.6394763,
    "it": 1719234970.8428202,
    "ja": 1719234986.0065687,
    "ko": 1719235001.1810005,
    "pl": 1719235016.3427808,
    "pt-BR": 1719235031.5166407,
    "ru": 1719235046.6813273,
    "tr": 1719235061.8890717
}