{
    "en-US": 1717143402.6687088,
    "ar": 1717143418.6739502,
    "de": 1717143434.21402,
    "es-ES": 1717143449.8519945,
    "es-MX": 1717143465.5217197,
    "fr": 1717143480.9822652,
    "it": 1717143496.741833,
    "ja": 1717143514.2238374,
    "ko": 1717143531.1555128,
    "pl": 1717143547.0577765,
    "pt-BR": 1717143562.8207033,
    "ru": 1717143578.600908,
    "tr": 1717143594.3594651
}