{
    "en-US": 1719887825.3307667,
    "ar": 1719887840.4427917,
    "de": 1719887855.5698447,
    "es-ES": 1719887870.6713674,
    "es-MX": 1719887885.821291,
    "fr": 1719887900.927099,
    "it": 1719887916.0458913,
    "ja": 1719887931.1505678,
    "ko": 1719887946.2917464,
    "pl": 1719887961.403281,
    "pt-BR": 1719887976.5488696,
    "ru": 1719887991.6567597,
    "tr": 1719888006.7714636
}