{
    "en-US": 1714357447.3348744,
    "ar": 1714357463.6227195,
    "de": 1714357479.3030996,
    "es-ES": 1714357494.8209221,
    "es-MX": 1714357510.5936675,
    "fr": 1714357526.577437,
    "it": 1714357542.3194299,
    "ja": 1714357559.6783123,
    "ko": 1714357576.6182992,
    "pl": 1714357592.4299798,
    "pt-BR": 1714357608.2162075,
    "ru": 1714357623.9791176,
    "tr": 1714357639.7586591
}