{
    "en-US": 1719190589.6405327,
    "ar": 1719190606.189944,
    "de": 1719190622.2453022,
    "es-ES": 1719190637.489967,
    "es-MX": 1719190652.7588065,
    "fr": 1719190667.9704425,
    "it": 1719190683.2123606,
    "ja": 1719190698.4388468,
    "ko": 1719190713.6879814,
    "pl": 1719190728.9161303,
    "pt-BR": 1719190744.1476216,
    "ru": 1719190759.3718944,
    "tr": 1719190774.6095555
}