{
    "en-US": 1714158639.1121151,
    "ar": 1714158655.3038015,
    "de": 1714158670.9578216,
    "es-ES": 1714158686.543932,
    "es-MX": 1714158702.3495867,
    "fr": 1714158718.1064327,
    "it": 1714158733.6987765,
    "ja": 1714158751.6647341,
    "ko": 1714158768.9227755,
    "pl": 1714158784.5412567,
    "pt-BR": 1714158800.0932164,
    "ru": 1714158815.7314262,
    "tr": 1714158831.3578913
}