{
    "en-US": 1713841976.106107,
    "ar": 1713841992.1903002,
    "de": 1713842007.576677,
    "es-ES": 1713842023.3325872,
    "es-MX": 1713842038.913068,
    "fr": 1713842054.5440414,
    "it": 1713842070.179928,
    "ja": 1713842087.5774958,
    "ko": 1713842104.6104102,
    "pl": 1713842120.2800007,
    "pt-BR": 1713842135.8826976,
    "ru": 1713842151.3950605,
    "tr": 1713842167.0558028
}