{
    "en-US": 1713702024.6112583,
    "ar": 1713702040.9871404,
    "de": 1713702056.49052,
    "es-ES": 1713702072.152589,
    "es-MX": 1713702087.878484,
    "fr": 1713702103.5815284,
    "it": 1713702119.230961,
    "ja": 1713702136.4311109,
    "ko": 1713702153.2904284,
    "pl": 1713702169.0317242,
    "pt-BR": 1713702184.7710187,
    "ru": 1713702200.5463252,
    "tr": 1713702216.3222973
}