{
    "en-US": 1716470076.5645926,
    "ar": 1716470092.609664,
    "de": 1716470108.3235877,
    "es-ES": 1716470124.0678656,
    "es-MX": 1716470139.7852488,
    "fr": 1716470155.5161092,
    "it": 1716470171.2729268,
    "ja": 1716470188.8436599,
    "ko": 1716470205.9167771,
    "pl": 1716470221.7502894,
    "pt-BR": 1716470237.5455482,
    "ru": 1716470253.209217,
    "tr": 1716470268.9196215
}