{
    "en-US": 1719040533.8618639,
    "ar": 1719040548.9894772,
    "de": 1719040564.1494899,
    "es-ES": 1719040579.2457962,
    "es-MX": 1719040594.3521478,
    "fr": 1719040609.452599,
    "it": 1719040624.57792,
    "ja": 1719040639.682816,
    "ko": 1719040654.7764566,
    "pl": 1719040669.8678625,
    "pt-BR": 1719040684.983905,
    "ru": 1719040700.075513,
    "tr": 1719040715.1939497
}