{
    "en-US": 1715647976.3724024,
    "ar": 1715647992.3832333,
    "de": 1715648008.0044243,
    "es-ES": 1715648023.3924136,
    "es-MX": 1715648039.1111178,
    "fr": 1715648054.8005068,
    "it": 1715648070.4729545,
    "ja": 1715648089.266066,
    "ko": 1715648106.5807328,
    "pl": 1715648122.3042636,
    "pt-BR": 1715648138.0608804,
    "ru": 1715648154.066379,
    "tr": 1715648169.9100678
}