{
    "en-US": 1720779319.288537,
    "ar": 1720779334.4533727,
    "de": 1720779349.628743,
    "es-ES": 1720779364.7871487,
    "es-MX": 1720779379.9860747,
    "fr": 1720779395.1401007,
    "it": 1720779410.3139822,
    "ja": 1720779425.4737947,
    "ko": 1720779440.635207,
    "pl": 1720779455.7935069,
    "pt-BR": 1720779470.9732676,
    "ru": 1720779486.143622,
    "tr": 1720779501.3040485
}