{
    "en-US": 1717067644.0682912,
    "ar": 1717067660.0116405,
    "de": 1717067675.359489,
    "es-ES": 1717067692.766984,
    "es-MX": 1717067708.0824118,
    "fr": 1717067723.536861,
    "it": 1717067739.021355,
    "ja": 1717067757.1581404,
    "ko": 1717067774.4523737,
    "pl": 1717067789.974923,
    "pt-BR": 1717067805.667448,
    "ru": 1717067821.2062218,
    "tr": 1717067836.7325962
}