{
    "en-US": 1722100391.9470212,
    "ar": 1722100407.1248927,
    "de": 1722100422.3220627,
    "es-ES": 1722100437.4863145,
    "es-MX": 1722100452.6497557,
    "fr": 1722100467.8079598,
    "it": 1722100483.0277803,
    "ja": 1722100498.200852,
    "ko": 1722100513.3631468,
    "pl": 1722100528.5343733,
    "pt-BR": 1722100543.7096388,
    "ru": 1722100558.8736951,
    "tr": 1722100574.0706263
}