{
    "en-US": 1722104296.7311301,
    "ar": 1722104311.9036753,
    "de": 1722104327.0789635,
    "es-ES": 1722104342.2405982,
    "es-MX": 1722104357.8931327,
    "fr": 1722104373.0688486,
    "it": 1722104388.2597458,
    "ja": 1722104403.4190512,
    "ko": 1722104418.581315,
    "pl": 1722104433.742198,
    "pt-BR": 1722104448.9183395,
    "ru": 1722104464.0827496,
    "tr": 1722104479.2606409
}