{
    "en-US": 1720970497.8150322,
    "ar": 1720970512.983285,
    "de": 1720970528.1527824,
    "es-ES": 1720970543.3109396,
    "es-MX": 1720970558.4814596,
    "fr": 1720970573.6388981,
    "it": 1720970588.8414245,
    "ja": 1720970604.0186484,
    "ko": 1720970619.1860034,
    "pl": 1720970634.3379884,
    "pt-BR": 1720970649.5132341,
    "ru": 1720970664.6697292,
    "tr": 1720970679.8539357
}