{
    "en-US": 1715066258.9710677,
    "ar": 1715066275.2029135,
    "de": 1715066290.8623495,
    "es-ES": 1715066306.549406,
    "es-MX": 1715066322.2626042,
    "fr": 1715066337.9821386,
    "it": 1715066353.7896588,
    "ja": 1715066371.1062725,
    "ko": 1715066387.9976335,
    "pl": 1715066403.8098612,
    "pt-BR": 1715066419.701434,
    "ru": 1715066435.498351,
    "tr": 1715066451.2309105
}