{
    "en-US": 1718449910.75609,
    "ar": 1718449926.9320362,
    "de": 1718449942.5911822,
    "es-ES": 1718449957.7060368,
    "es-MX": 1718449972.8335843,
    "fr": 1718449987.9308116,
    "it": 1718450003.0419257,
    "ja": 1718450018.138283,
    "ko": 1718450033.2470844,
    "pl": 1718450048.3453097,
    "pt-BR": 1718450063.452635,
    "ru": 1718450078.5873523,
    "tr": 1718450093.6959722
}