{
    "en-US": 1720235812.0994773,
    "ar": 1720235827.2265544,
    "de": 1720235842.3419147,
    "es-ES": 1720235857.4512923,
    "es-MX": 1720235872.5767279,
    "fr": 1720235887.6824658,
    "it": 1720235902.8227096,
    "ja": 1720235917.9277601,
    "ko": 1720235933.0329845,
    "pl": 1720235948.1342661,
    "pt-BR": 1720235963.2645137,
    "ru": 1720235978.3775117,
    "tr": 1720235993.5217993
}