{
    "en-US": 1716256510.360099,
    "ar": 1716256526.55279,
    "de": 1716256542.32539,
    "es-ES": 1716256558.1071846,
    "es-MX": 1716256573.9218574,
    "fr": 1716256589.1624398,
    "it": 1716256604.3410387,
    "ja": 1716256619.5112498,
    "ko": 1716256634.6831355,
    "pl": 1716256649.8579316,
    "pt-BR": 1716256665.035726,
    "ru": 1716256680.9162645,
    "tr": 1716256696.6892347
}