{
    "en-US": 1713759283.8790212,
    "ar": 1713759299.984142,
    "de": 1713759315.5350523,
    "es-ES": 1713759331.0296576,
    "es-MX": 1713759346.6512902,
    "fr": 1713759362.2245858,
    "it": 1713759377.7701755,
    "ja": 1713759395.7381907,
    "ko": 1713759413.7396429,
    "pl": 1713759429.3295298,
    "pt-BR": 1713759444.8801968,
    "ru": 1713759460.5453157,
    "tr": 1713759476.147347
}