{
    "en-US": 1718554512.3272755,
    "ar": 1718554527.4521465,
    "de": 1718554542.6075141,
    "es-ES": 1718554557.7108984,
    "es-MX": 1718554572.8280394,
    "fr": 1718554587.9336152,
    "it": 1718554603.0913594,
    "ja": 1718554618.2172022,
    "ko": 1718554633.3229542,
    "pl": 1718554648.4267583,
    "pt-BR": 1718554663.5519297,
    "ru": 1718554678.661279,
    "tr": 1718554693.8275304
}