{
    "en-US": 1717909976.669082,
    "ar": 1717909992.910702,
    "de": 1717910008.84658,
    "es-ES": 1717910023.9657984,
    "es-MX": 1717910039.0842063,
    "fr": 1717910054.1931129,
    "it": 1717910069.3030152,
    "ja": 1717910084.3946686,
    "ko": 1717910099.521078,
    "pl": 1717910114.6635792,
    "pt-BR": 1717910129.7748387,
    "ru": 1717910144.8806808,
    "tr": 1717910160.0098152
}