{
    "en-US": 1721315723.8000383,
    "ar": 1721315738.9999397,
    "de": 1721315754.1818085,
    "es-ES": 1721315769.3403852,
    "es-MX": 1721315784.5375388,
    "fr": 1721315799.6914122,
    "it": 1721315814.8704004,
    "ja": 1721315830.0471733,
    "ko": 1721315845.2301848,
    "pl": 1721315860.38818,
    "pt-BR": 1721315875.5794997,
    "ru": 1721315890.743993,
    "tr": 1721315905.915176
}