{
    "en-US": 1717935729.3929865,
    "ar": 1717935745.4117327,
    "de": 1717935761.466775,
    "es-ES": 1717935777.316195,
    "es-MX": 1717935792.5085855,
    "fr": 1717935807.6858444,
    "it": 1717935822.8611748,
    "ja": 1717935838.0306916,
    "ko": 1717935853.196422,
    "pl": 1717935868.3862205,
    "pt-BR": 1717935883.5638874,
    "ru": 1717935898.7412584,
    "tr": 1717935913.916983
}