{
    "en-US": 1719904428.473266,
    "ar": 1719904443.6483452,
    "de": 1719904458.8251429,
    "es-ES": 1719904474.0093026,
    "es-MX": 1719904489.2092862,
    "fr": 1719904504.3750145,
    "it": 1719904519.5524154,
    "ja": 1719904534.7234905,
    "ko": 1719904549.8960812,
    "pl": 1719904565.0715485,
    "pt-BR": 1719904580.2923756,
    "ru": 1719904595.807408,
    "tr": 1719904610.975215
}