{
    "en-US": 1715048997.4316044,
    "ar": 1715049013.4894097,
    "de": 1715049029.3186045,
    "es-ES": 1715049044.6001303,
    "es-MX": 1715049059.8377879,
    "fr": 1715049075.0544274,
    "it": 1715049090.2940834,
    "ja": 1715049105.504942,
    "ko": 1715049120.7795126,
    "pl": 1715049136.017862,
    "pt-BR": 1715049151.2549741,
    "ru": 1715049166.4860973,
    "tr": 1715049181.7048683
}