{
    "en-US": 1719836702.5079174,
    "ar": 1719836717.6278367,
    "de": 1719836732.7590935,
    "es-ES": 1719836747.8573923,
    "es-MX": 1719836762.9956515,
    "fr": 1719836778.1178505,
    "it": 1719836793.2487764,
    "ja": 1719836808.359774,
    "ko": 1719836823.4902766,
    "pl": 1719836838.599739,
    "pt-BR": 1719836853.7726452,
    "ru": 1719836868.9112594,
    "tr": 1719836884.025131
}