{
    "en-US": 1717894779.9210498,
    "ar": 1717894796.030882,
    "de": 1717894811.97177,
    "es-ES": 1717894827.6087015,
    "es-MX": 1717894842.7986667,
    "fr": 1717894857.914598,
    "it": 1717894873.0203247,
    "ja": 1717894888.2174115,
    "ko": 1717894903.3325138,
    "pl": 1717894918.4447277,
    "pt-BR": 1717894933.5925632,
    "ru": 1717894948.6919994,
    "tr": 1717894963.7997162
}