{
    "en-US": 1720739710.5731506,
    "ar": 1720739725.771618,
    "de": 1720739740.9587784,
    "es-ES": 1720739756.132468,
    "es-MX": 1720739771.3355608,
    "fr": 1720739786.5018547,
    "it": 1720739801.6920855,
    "ja": 1720739816.8653526,
    "ko": 1720739832.047267,
    "pl": 1720739847.225759,
    "pt-BR": 1720739862.4460766,
    "ru": 1720739877.6136234,
    "tr": 1720739892.7901044
}