{
    "en-US": 1719803727.50993,
    "ar": 1719803742.626334,
    "de": 1719803757.8037207,
    "es-ES": 1719803772.9009564,
    "es-MX": 1719803788.0573213,
    "fr": 1719803803.1654997,
    "it": 1719803818.290584,
    "ja": 1719803833.3888068,
    "ko": 1719803848.51965,
    "pl": 1719803863.6265807,
    "pt-BR": 1719803878.7690597,
    "ru": 1719803893.8698375,
    "tr": 1719803908.9865353
}