{
    "en-US": 1714814004.565403,
    "ar": 1714814020.6279457,
    "de": 1714814036.2855814,
    "es-ES": 1714814051.769158,
    "es-MX": 1714814067.7350976,
    "fr": 1714814083.4216127,
    "it": 1714814099.3817682,
    "ja": 1714814115.8160164,
    "ko": 1714814132.0361054,
    "pl": 1714814147.5748987,
    "pt-BR": 1714814163.3029306,
    "ru": 1714814178.8673894,
    "tr": 1714814194.627472
}