{
    "en-US": 1718385168.0896406,
    "ar": 1718385184.115707,
    "de": 1718385199.9765005,
    "es-ES": 1718385215.1779578,
    "es-MX": 1718385230.349894,
    "fr": 1718385245.5127804,
    "it": 1718385260.6952965,
    "ja": 1718385275.9429843,
    "ko": 1718385291.1289718,
    "pl": 1718385306.2935214,
    "pt-BR": 1718385321.4797087,
    "ru": 1718385336.6451013,
    "tr": 1718385351.8240988
}