{
    "en-US": 1719753239.2581396,
    "ar": 1719753254.4318147,
    "de": 1719753269.6105688,
    "es-ES": 1719753284.7833261,
    "es-MX": 1719753299.9752822,
    "fr": 1719753315.1406176,
    "it": 1719753330.311186,
    "ja": 1719753345.4747932,
    "ko": 1719753360.6371098,
    "pl": 1719753375.804768,
    "pt-BR": 1719753390.9968975,
    "ru": 1719753406.1576629,
    "tr": 1719753421.3359752
}