{
    "en-US": 1719857870.437928,
    "ar": 1719857885.5539527,
    "de": 1719857900.682245,
    "es-ES": 1719857915.816928,
    "es-MX": 1719857930.9461489,
    "fr": 1719857946.0642874,
    "it": 1719857961.2002437,
    "ja": 1719857976.3072486,
    "ko": 1719857991.448177,
    "pl": 1719858006.5931382,
    "pt-BR": 1719858021.7310534,
    "ru": 1719858036.835558,
    "tr": 1719858051.9509075
}