{
    "en-US": 1719404711.3223715,
    "ar": 1719404726.5047956,
    "de": 1719404741.6810143,
    "es-ES": 1719404756.8468022,
    "es-MX": 1719404772.050148,
    "fr": 1719404787.2190502,
    "it": 1719404802.4006581,
    "ja": 1719404817.570955,
    "ko": 1719404832.7423034,
    "pl": 1719404847.9046445,
    "pt-BR": 1719404863.1112564,
    "ru": 1719404878.279151,
    "tr": 1719404893.4479222
}