{
    "en-US": 1720674864.6309474,
    "ar": 1720674879.7997851,
    "de": 1720674894.9796996,
    "es-ES": 1720674910.1526263,
    "es-MX": 1720674925.35737,
    "fr": 1720674940.514827,
    "it": 1720674955.6826794,
    "ja": 1720674970.8445175,
    "ko": 1720674986.0133123,
    "pl": 1720675001.1798692,
    "pt-BR": 1720675016.3649406,
    "ru": 1720675031.5328941,
    "tr": 1720675046.7048504
}