{
    "en-US": 1718439386.286438,
    "ar": 1718439402.4788835,
    "de": 1718439418.1016607,
    "es-ES": 1718439433.2264209,
    "es-MX": 1718439448.4032035,
    "fr": 1718439463.4950726,
    "it": 1718439478.609723,
    "ja": 1718439493.7030756,
    "ko": 1718439508.7992606,
    "pl": 1718439523.8960233,
    "pt-BR": 1718439539.0348754,
    "ru": 1718439554.1371589,
    "tr": 1718439569.2372422
}