{
    "en-US": 1715339499.0338001,
    "ar": 1715339515.189046,
    "de": 1715339530.9725747,
    "es-ES": 1715339546.7717392,
    "es-MX": 1715339562.6185343,
    "fr": 1715339578.6510427,
    "it": 1715339594.4508798,
    "ja": 1715339611.0046601,
    "ko": 1715339627.3211184,
    "pl": 1715339643.321725,
    "pt-BR": 1715339659.2451622,
    "ru": 1715339675.073522,
    "tr": 1715339690.9319587
}