{
    "en-US": 1720084543.422249,
    "ar": 1720084558.605033,
    "de": 1720084573.783529,
    "es-ES": 1720084588.9575593,
    "es-MX": 1720084604.161749,
    "fr": 1720084619.3235614,
    "it": 1720084634.5002055,
    "ja": 1720084649.6634724,
    "ko": 1720084664.8374684,
    "pl": 1720084680.0175443,
    "pt-BR": 1720084695.2133086,
    "ru": 1720084710.3802955,
    "tr": 1720084725.5551856
}