{
    "en-US": 1720659427.8518634,
    "ar": 1720659443.0031707,
    "de": 1720659458.153656,
    "es-ES": 1720659473.2878752,
    "es-MX": 1720659488.4769764,
    "fr": 1720659503.6108618,
    "it": 1720659518.767002,
    "ja": 1720659533.9165957,
    "ko": 1720659549.066046,
    "pl": 1720659564.2414453,
    "pt-BR": 1720659579.410721,
    "ru": 1720659594.5509095,
    "tr": 1720659609.72861
}