{
    "en-US": 1721916822.6290953,
    "ar": 1721916837.747985,
    "de": 1721916852.864746,
    "es-ES": 1721916867.9585326,
    "es-MX": 1721916883.079043,
    "fr": 1721916898.1866677,
    "it": 1721916913.3280575,
    "ja": 1721916928.425774,
    "ko": 1721916943.5375483,
    "pl": 1721916958.653385,
    "pt-BR": 1721916973.785068,
    "ru": 1721916988.878453,
    "tr": 1721917004.032786
}