{
    "en-US": 1714652491.5787325,
    "ar": 1714652507.688473,
    "de": 1714652523.4224627,
    "es-ES": 1714652538.910863,
    "es-MX": 1714652554.6877904,
    "fr": 1714652570.4710352,
    "it": 1714652586.0026743,
    "ja": 1714652602.4692695,
    "ko": 1714652618.7439022,
    "pl": 1714652634.5509677,
    "pt-BR": 1714652650.317052,
    "ru": 1714652666.1571949,
    "tr": 1714652681.9483995
}