{
    "en-US": 1717344928.3611958,
    "ar": 1717344944.5228546,
    "de": 1717344960.235394,
    "es-ES": 1717344975.68901,
    "es-MX": 1717344991.265012,
    "fr": 1717345007.0763438,
    "it": 1717345023.0678046,
    "ja": 1717345039.9616263,
    "ko": 1717345057.5186088,
    "pl": 1717345073.3848815,
    "pt-BR": 1717345089.217013,
    "ru": 1717345105.0158377,
    "tr": 1717345120.9357555
}