{
    "en-US": 1716218066.9792476,
    "ar": 1716218083.260651,
    "de": 1716218098.955475,
    "es-ES": 1716218114.70486,
    "es-MX": 1716218130.5518272,
    "fr": 1716218146.4140825,
    "it": 1716218162.401508,
    "ja": 1716218181.3854625,
    "ko": 1716218198.9842281,
    "pl": 1716218214.8782065,
    "pt-BR": 1716218230.6635218,
    "ru": 1716218246.4411213,
    "tr": 1716218262.4963336
}