{
    "en-US": 1722143690.743653,
    "ar": 1722143705.8945456,
    "de": 1722143721.0139995,
    "es-ES": 1722143736.1173835,
    "es-MX": 1722143751.2178745,
    "fr": 1722143766.3027918,
    "it": 1722143781.4023023,
    "ja": 1722143796.532106,
    "ko": 1722143811.6319637,
    "pl": 1722143826.7268715,
    "pt-BR": 1722143841.8316863,
    "ru": 1722143856.9252083,
    "tr": 1722143872.0208032
}