{
    "en-US": 1716383724.70939,
    "ar": 1716383741.0121312,
    "de": 1716383756.7728782,
    "es-ES": 1716383772.5697083,
    "es-MX": 1716383788.405714,
    "fr": 1716383803.9531422,
    "it": 1716383819.8129299,
    "ja": 1716383837.2458766,
    "ko": 1716383854.2401068,
    "pl": 1716383869.7465615,
    "pt-BR": 1716383885.6553001,
    "ru": 1716383901.6130402,
    "tr": 1716383917.5165951
}