{
    "en-US": 1714345896.2361677,
    "ar": 1714345912.2861097,
    "de": 1714345927.6484492,
    "es-ES": 1714345942.9874246,
    "es-MX": 1714345958.682511,
    "fr": 1714345974.2522397,
    "it": 1714345989.8665838,
    "ja": 1714346007.2618825,
    "ko": 1714346024.1498048,
    "pl": 1714346039.7500665,
    "pt-BR": 1714346054.9544816,
    "ru": 1714346070.1176713,
    "tr": 1714346085.263413
}