{
    "en-US": 1714432307.1203825,
    "ar": 1714432323.11371,
    "de": 1714432338.8382583,
    "es-ES": 1714432354.3362334,
    "es-MX": 1714432370.2705746,
    "fr": 1714432385.9724474,
    "it": 1714432401.7289698,
    "ja": 1714432418.070507,
    "ko": 1714432434.3102424,
    "pl": 1714432450.052637,
    "pt-BR": 1714432466.1434395,
    "ru": 1714432482.0797865,
    "tr": 1714432498.014057
}