{
    "en-US": 1715357847.2677948,
    "ar": 1715357863.5389755,
    "de": 1715357879.2696655,
    "es-ES": 1715357895.0055726,
    "es-MX": 1715357910.6475458,
    "fr": 1715357926.5045476,
    "it": 1715357942.285329,
    "ja": 1715357961.831753,
    "ko": 1715357979.2523584,
    "pl": 1715357995.0578966,
    "pt-BR": 1715358010.4972713,
    "ru": 1715358026.4123633,
    "tr": 1715358042.3068235
}