{
    "en-US": 1720937990.3775263,
    "ar": 1720938005.4762456,
    "de": 1720938020.572756,
    "es-ES": 1720938035.6615918,
    "es-MX": 1720938050.7782931,
    "fr": 1720938065.8649921,
    "it": 1720938080.963876,
    "ja": 1720938096.0489504,
    "ko": 1720938111.1402073,
    "pl": 1720938126.2279341,
    "pt-BR": 1720938141.3438764,
    "ru": 1720938156.4332583,
    "tr": 1720938171.5228982
}