{
    "en-US": 1718543663.9527018,
    "ar": 1718543680.2637951,
    "de": 1718543695.8377666,
    "es-ES": 1718543711.108905,
    "es-MX": 1718543726.3762765,
    "fr": 1718543741.6134055,
    "it": 1718543756.8473618,
    "ja": 1718543772.0721564,
    "ko": 1718543787.3378687,
    "pl": 1718543802.5570395,
    "pt-BR": 1718543817.800135,
    "ru": 1718543833.0255718,
    "tr": 1718543848.2570112
}