{
    "en-US": 1720117071.749929,
    "ar": 1720117086.916362,
    "de": 1720117102.08713,
    "es-ES": 1720117117.2468657,
    "es-MX": 1720117132.4690685,
    "fr": 1720117147.627431,
    "it": 1720117162.8064907,
    "ja": 1720117177.968462,
    "ko": 1720117193.1274037,
    "pl": 1720117208.2828534,
    "pt-BR": 1720117223.485254,
    "ru": 1720117238.6475265,
    "tr": 1720117253.8118153
}