{
    "en-US": 1715458403.338062,
    "ar": 1715458419.4616342,
    "de": 1715458435.059528,
    "es-ES": 1715458450.6911652,
    "es-MX": 1715458466.0986016,
    "fr": 1715458481.7212615,
    "it": 1715458497.3588295,
    "ja": 1715458515.91857,
    "ko": 1715458533.3994904,
    "pl": 1715458549.0900643,
    "pt-BR": 1715458564.7602394,
    "ru": 1715458580.5419657,
    "tr": 1715458596.2594984
}