{
    "en-US": 1720340140.9176674,
    "ar": 1720340156.0320816,
    "de": 1720340171.1423714,
    "es-ES": 1720340186.240794,
    "es-MX": 1720340201.3637886,
    "fr": 1720340216.4702196,
    "it": 1720340231.6048543,
    "ja": 1720340246.707554,
    "ko": 1720340261.816354,
    "pl": 1720340276.917419,
    "pt-BR": 1720340292.034625,
    "ru": 1720340307.1434302,
    "tr": 1720340322.2733018
}