{
    "en-US": 1718493263.6092048,
    "ar": 1718493279.8496964,
    "de": 1718493295.3745854,
    "es-ES": 1718493310.5860853,
    "es-MX": 1718493325.766948,
    "fr": 1718493340.9310536,
    "it": 1718493356.1121376,
    "ja": 1718493371.2756472,
    "ko": 1718493386.4539456,
    "pl": 1718493401.6160693,
    "pt-BR": 1718493416.7924085,
    "ru": 1718493431.9650033,
    "tr": 1718493447.1536157
}