{
    "en-US": 1714425111.3201773,
    "ar": 1714425127.319152,
    "de": 1714425142.9861474,
    "es-ES": 1714425158.6965878,
    "es-MX": 1714425174.605617,
    "fr": 1714425190.329077,
    "it": 1714425206.0682578,
    "ja": 1714425222.5665267,
    "ko": 1714425239.00647,
    "pl": 1714425254.7669845,
    "pt-BR": 1714425270.492093,
    "ru": 1714425286.3119044,
    "tr": 1714425302.40507
}