{
    "en-US": 1720797289.5402608,
    "ar": 1720797304.6730688,
    "de": 1720797319.8275776,
    "es-ES": 1720797334.9460902,
    "es-MX": 1720797350.1459093,
    "fr": 1720797365.2645433,
    "it": 1720797380.3791566,
    "ja": 1720797395.490984,
    "ko": 1720797410.598784,
    "pl": 1720797425.7047756,
    "pt-BR": 1720797440.86557,
    "ru": 1720797455.9676352,
    "tr": 1720797471.0797095
}