{
    "en-US": 1720667898.2948234,
    "ar": 1720667913.3992395,
    "de": 1720667928.49554,
    "es-ES": 1720667943.5901532,
    "es-MX": 1720667958.7047884,
    "fr": 1720667973.8217177,
    "it": 1720667988.9315224,
    "ja": 1720668004.0267844,
    "ko": 1720668019.1112008,
    "pl": 1720668034.206424,
    "pt-BR": 1720668049.3162737,
    "ru": 1720668064.4276805,
    "tr": 1720668079.522038
}