{
    "en-US": 1714956766.2775376,
    "ar": 1714956782.5597281,
    "de": 1714956798.3147533,
    "es-ES": 1714956814.1222804,
    "es-MX": 1714956830.162286,
    "fr": 1714956846.1960638,
    "it": 1714956862.053262,
    "ja": 1714956879.7846553,
    "ko": 1714956896.916067,
    "pl": 1714956912.596198,
    "pt-BR": 1714956928.4120576,
    "ru": 1714956944.4352317,
    "tr": 1714956960.4476342
}