{
    "en-US": 1715274676.3332143,
    "ar": 1715274692.4532666,
    "de": 1715274708.278166,
    "es-ES": 1715274723.7993302,
    "es-MX": 1715274739.3714728,
    "fr": 1715274755.1930814,
    "it": 1715274771.0160878,
    "ja": 1715274787.6124873,
    "ko": 1715274803.9178236,
    "pl": 1715274819.479182,
    "pt-BR": 1715274835.3903549,
    "ru": 1715274850.9878678,
    "tr": 1715274866.877737
}