{
    "en-US": 1714108318.6174066,
    "ar": 1714108334.6166716,
    "de": 1714108350.2967002,
    "es-ES": 1714108365.9951344,
    "es-MX": 1714108381.7319918,
    "fr": 1714108397.6445172,
    "it": 1714108413.3898861,
    "ja": 1714108429.8336227,
    "ko": 1714108446.0155072,
    "pl": 1714108461.96196,
    "pt-BR": 1714108477.9430938,
    "ru": 1714108493.6776564,
    "tr": 1714108509.4720566
}