{
    "en-US": 1722320318.6562853,
    "ar": 1722320333.8241467,
    "de": 1722320349.0004861,
    "es-ES": 1722320364.164057,
    "es-MX": 1722320379.3507917,
    "fr": 1722320394.5139244,
    "it": 1722320409.6782494,
    "ja": 1722320424.8328996,
    "ko": 1722320439.9952276,
    "pl": 1722320455.1541097,
    "pt-BR": 1722320470.3499234,
    "ru": 1722320485.5203075,
    "tr": 1722320500.6905785
}