{
    "en-US": 1722291383.3510926,
    "ar": 1722291398.4510543,
    "de": 1722291413.550879,
    "es-ES": 1722291428.6419141,
    "es-MX": 1722291443.7500014,
    "fr": 1722291458.8436983,
    "it": 1722291473.9701056,
    "ja": 1722291489.0668323,
    "ko": 1722291504.1782906,
    "pl": 1722291519.2654932,
    "pt-BR": 1722291534.3799348,
    "ru": 1722291549.4626167,
    "tr": 1722291564.574065
}