{
    "en-US": 1714072259.4477043,
    "ar": 1714072276.0303688,
    "de": 1714072291.793718,
    "es-ES": 1714072307.4646482,
    "es-MX": 1714072323.169059,
    "fr": 1714072338.9094307,
    "it": 1714072354.8604434,
    "ja": 1714072372.7468567,
    "ko": 1714072390.2579653,
    "pl": 1714072406.2004824,
    "pt-BR": 1714072421.9732614,
    "ru": 1714072438.1323264,
    "tr": 1714072454.208078
}