{
    "en-US": 1717438677.3338828,
    "ar": 1717438693.3677104,
    "de": 1717438708.7296646,
    "es-ES": 1717438724.232161,
    "es-MX": 1717438740.088869,
    "fr": 1717438755.8575919,
    "it": 1717438771.7344742,
    "ja": 1717438788.946972,
    "ko": 1717438805.9936883,
    "pl": 1717438821.8254673,
    "pt-BR": 1717438837.7725203,
    "ru": 1717438853.5213044,
    "tr": 1717438869.4101362
}