{
    "en-US": 1714083077.7549732,
    "ar": 1714083093.8311524,
    "de": 1714083109.5304594,
    "es-ES": 1714083125.2054865,
    "es-MX": 1714083140.9566808,
    "fr": 1714083156.7039876,
    "it": 1714083172.4187083,
    "ja": 1714083188.8085299,
    "ko": 1714083205.1760116,
    "pl": 1714083221.1435516,
    "pt-BR": 1714083236.936882,
    "ru": 1714083252.732138,
    "tr": 1714083268.511062
}