{
    "en-US": 1719591347.0581775,
    "ar": 1719591362.2428026,
    "de": 1719591377.4243903,
    "es-ES": 1719591392.6015728,
    "es-MX": 1719591407.8028703,
    "fr": 1719591422.9677215,
    "it": 1719591438.142745,
    "ja": 1719591453.3163588,
    "ko": 1719591468.4885554,
    "pl": 1719591483.6567714,
    "pt-BR": 1719591498.851541,
    "ru": 1719591514.025937,
    "tr": 1719591529.2038965
}