{
    "en-US": 1719522806.9813755,
    "ar": 1719522822.1582868,
    "de": 1719522837.3283725,
    "es-ES": 1719522852.494617,
    "es-MX": 1719522867.7083492,
    "fr": 1719522882.8707209,
    "it": 1719522898.0614772,
    "ja": 1719522913.2243178,
    "ko": 1719522928.4002523,
    "pl": 1719522943.5759182,
    "pt-BR": 1719522958.7631783,
    "ru": 1719522973.9460382,
    "tr": 1719522989.1576643
}