{
    "en-US": 1716531477.8807445,
    "ar": 1716531493.04083,
    "de": 1716531508.1708286,
    "es-ES": 1716531523.3245306,
    "es-MX": 1716531539.0647717,
    "fr": 1716531554.4313123,
    "it": 1716531570.0847435,
    "ja": 1716531587.0084565,
    "ko": 1716531603.9740624,
    "pl": 1716531619.7364671,
    "pt-BR": 1716531635.5262237,
    "ru": 1716531651.3592184,
    "tr": 1716531667.1645808
}