{
    "en-US": 1717189980.6150334,
    "ar": 1717189996.6569035,
    "de": 1717190012.1676838,
    "es-ES": 1717190027.6727593,
    "es-MX": 1717190043.2934527,
    "fr": 1717190058.9453597,
    "it": 1717190075.0815327,
    "ja": 1717190092.3146057,
    "ko": 1717190109.4820251,
    "pl": 1717190124.7094686,
    "pt-BR": 1717190140.3032627,
    "ru": 1717190155.886879,
    "tr": 1717190171.7835763
}