{
    "en-US": 1718752469.9475145,
    "ar": 1718752486.3468874,
    "de": 1718752502.6450617,
    "es-ES": 1718752518.7753143,
    "es-MX": 1718752533.9913719,
    "fr": 1718752549.1737432,
    "it": 1718752564.401198,
    "ja": 1718752579.5933855,
    "ko": 1718752594.813736,
    "pl": 1718752610.0294218,
    "pt-BR": 1718752625.2287958,
    "ru": 1718752640.408024,
    "tr": 1718752655.6341143
}