{
    "en-US": 1717261946.9508598,
    "ar": 1717261962.741234,
    "de": 1717261978.5566463,
    "es-ES": 1717261994.3540726,
    "es-MX": 1717262010.2738743,
    "fr": 1717262025.9095502,
    "it": 1717262041.9755266,
    "ja": 1717262058.4763548,
    "ko": 1717262074.7481363,
    "pl": 1717262090.7086635,
    "pt-BR": 1717262106.620207,
    "ru": 1717262122.4899573,
    "tr": 1717262138.4936182
}