{
    "en-US": 1716258439.2033665,
    "ar": 1716258455.3145416,
    "de": 1716258470.9705603,
    "es-ES": 1716258486.6601946,
    "es-MX": 1716258502.4171314,
    "fr": 1716258517.820099,
    "it": 1716258533.4532406,
    "ja": 1716258550.9927616,
    "ko": 1716258567.9858868,
    "pl": 1716258583.4066186,
    "pt-BR": 1716258598.8044999,
    "ru": 1716258614.6187031,
    "tr": 1716258630.4223976
}