{
    "en-US": 1714876069.671389,
    "ar": 1714876086.31345,
    "de": 1714876102.0340629,
    "es-ES": 1714876117.745257,
    "es-MX": 1714876133.2242484,
    "fr": 1714876149.048463,
    "it": 1714876165.0801148,
    "ja": 1714876183.677862,
    "ko": 1714876201.4131033,
    "pl": 1714876217.2405198,
    "pt-BR": 1714876233.0284224,
    "ru": 1714876248.643956,
    "tr": 1714876264.7957263
}