{
    "en-US": 1720444657.9746733,
    "ar": 1720444673.1455758,
    "de": 1720444688.3200145,
    "es-ES": 1720444703.4993577,
    "es-MX": 1720444718.6786017,
    "fr": 1720444733.8455353,
    "it": 1720444749.0263388,
    "ja": 1720444764.197841,
    "ko": 1720444779.3622124,
    "pl": 1720444794.5274856,
    "pt-BR": 1720444809.7295725,
    "ru": 1720444824.9132943,
    "tr": 1720444840.0874527
}