{
    "en-US": 1721523694.186639,
    "ar": 1721523709.3657646,
    "de": 1721523724.5317364,
    "es-ES": 1721523739.6902285,
    "es-MX": 1721523754.8701384,
    "fr": 1721523770.0404468,
    "it": 1721523785.232824,
    "ja": 1721523800.3979416,
    "ko": 1721523815.563759,
    "pl": 1721523830.7247672,
    "pt-BR": 1721523845.9041219,
    "ru": 1721523861.0659077,
    "tr": 1721523876.2467928
}