{
    "en-US": 1716667997.4014897,
    "ar": 1716668013.2076743,
    "de": 1716668028.8984141,
    "es-ES": 1716668044.753788,
    "es-MX": 1716668060.6562057,
    "fr": 1716668076.2187426,
    "it": 1716668092.3112411,
    "ja": 1716668109.795968,
    "ko": 1716668126.7632582,
    "pl": 1716668142.6314385,
    "pt-BR": 1716668158.4656153,
    "ru": 1716668174.0741792,
    "tr": 1716668190.173382
}