{
    "en-US": 1714611139.1949835,
    "ar": 1714611155.5654283,
    "de": 1714611171.4056041,
    "es-ES": 1714611186.8927994,
    "es-MX": 1714611202.6526484,
    "fr": 1714611218.456048,
    "it": 1714611234.2016191,
    "ja": 1714611253.2147136,
    "ko": 1714611271.1073897,
    "pl": 1714611286.8492868,
    "pt-BR": 1714611302.860001,
    "ru": 1714611318.7989771,
    "tr": 1714611334.6896195
}