{
    "en-US": 1716765182.2010992,
    "ar": 1716765197.9358022,
    "de": 1716765213.525543,
    "es-ES": 1716765229.1191082,
    "es-MX": 1716765244.6166444,
    "fr": 1716765260.298966,
    "it": 1716765276.1328397,
    "ja": 1716765293.661936,
    "ko": 1716765310.5163558,
    "pl": 1716765326.2785268,
    "pt-BR": 1716765342.2858887,
    "ru": 1716765357.7915213,
    "tr": 1716765373.856784
}