{
    "en-US": 1718986591.0104876,
    "ar": 1718986606.2404823,
    "de": 1718986621.4972267,
    "es-ES": 1718986636.6878169,
    "es-MX": 1718986651.9319887,
    "fr": 1718986667.131047,
    "it": 1718986682.3513155,
    "ja": 1718986697.542997,
    "ko": 1718986712.737371,
    "pl": 1718986727.9363725,
    "pt-BR": 1718986743.1771624,
    "ru": 1718986758.39431,
    "tr": 1718986773.6072264
}