{
    "en-US": 1719940405.640931,
    "ar": 1719940420.761353,
    "de": 1719940435.9070058,
    "es-ES": 1719940451.0332375,
    "es-MX": 1719940466.1735306,
    "fr": 1719940481.300502,
    "it": 1719940496.4691703,
    "ja": 1719940511.593284,
    "ko": 1719940526.710737,
    "pl": 1719940541.824598,
    "pt-BR": 1719940556.9476795,
    "ru": 1719940572.0616553,
    "tr": 1719940587.220965
}