{
    "en-US": 1719429066.21832,
    "ar": 1719429081.6189184,
    "de": 1719429096.811476,
    "es-ES": 1719429111.987785,
    "es-MX": 1719429127.1737475,
    "fr": 1719429142.3482265,
    "it": 1719429157.5673454,
    "ja": 1719429172.736657,
    "ko": 1719429187.91032,
    "pl": 1719429203.0783916,
    "pt-BR": 1719429218.2571676,
    "ru": 1719429233.4241636,
    "tr": 1719429248.641211
}