{
    "en-US": 1715631205.3393693,
    "ar": 1715631221.512381,
    "de": 1715631237.2381876,
    "es-ES": 1715631252.969354,
    "es-MX": 1715631268.76396,
    "fr": 1715631284.4864469,
    "it": 1715631300.290849,
    "ja": 1715631317.7704682,
    "ko": 1715631334.8534353,
    "pl": 1715631350.8119419,
    "pt-BR": 1715631366.7857404,
    "ru": 1715631382.8861957,
    "tr": 1715631398.7568865
}