{
    "en-US": 1716459306.3712382,
    "ar": 1716459322.4253752,
    "de": 1716459338.0528674,
    "es-ES": 1716459353.648332,
    "es-MX": 1716459369.2457004,
    "fr": 1716459384.874831,
    "it": 1716459400.525049,
    "ja": 1716459418.3167987,
    "ko": 1716459435.420503,
    "pl": 1716459450.8206582,
    "pt-BR": 1716459466.504257,
    "ru": 1716459482.3020327,
    "tr": 1716459498.0960226
}