{
    "en-US": 1721340755.5752714,
    "ar": 1721340770.7407036,
    "de": 1721340785.9054532,
    "es-ES": 1721340801.0625992,
    "es-MX": 1721340816.239447,
    "fr": 1721340831.3873441,
    "it": 1721340846.5757842,
    "ja": 1721340861.7263434,
    "ko": 1721340876.8882506,
    "pl": 1721340892.046829,
    "pt-BR": 1721340907.2148716,
    "ru": 1721340922.3710616,
    "tr": 1721340937.5487962
}