{
    "en-US": 1722280410.7921362,
    "ar": 1722280425.9094188,
    "de": 1722280441.0215557,
    "es-ES": 1722280456.1119606,
    "es-MX": 1722280471.226663,
    "fr": 1722280486.3193069,
    "it": 1722280501.4436812,
    "ja": 1722280516.5339208,
    "ko": 1722280531.6538446,
    "pl": 1722280546.7452748,
    "pt-BR": 1722280561.8585122,
    "ru": 1722280576.954363,
    "tr": 1722280592.0715914
}