{
    "en-US": 1720227264.4222643,
    "ar": 1720227279.5988376,
    "de": 1720227294.7835882,
    "es-ES": 1720227309.9524674,
    "es-MX": 1720227325.1336854,
    "fr": 1720227340.3016884,
    "it": 1720227355.4937582,
    "ja": 1720227370.6711025,
    "ko": 1720227385.8499117,
    "pl": 1720227401.0233984,
    "pt-BR": 1720227416.1992009,
    "ru": 1720227431.3742568,
    "tr": 1720227446.559584
}