{
    "en-US": 1713968027.8793418,
    "ar": 1713968043.7285733,
    "de": 1713968059.4422858,
    "es-ES": 1713968075.134594,
    "es-MX": 1713968090.680535,
    "fr": 1713968106.4457333,
    "it": 1713968122.1925476,
    "ja": 1713968138.7932978,
    "ko": 1713968155.0792654,
    "pl": 1713968171.1227574,
    "pt-BR": 1713968187.108402,
    "ru": 1713968203.1426134,
    "tr": 1713968219.5469465
}