{
    "en-US": 1714601556.7653677,
    "ar": 1714601573.041491,
    "de": 1714601588.7915387,
    "es-ES": 1714601604.5306756,
    "es-MX": 1714601620.3419201,
    "fr": 1714601635.9138162,
    "it": 1714601651.7236416,
    "ja": 1714601669.460881,
    "ko": 1714601686.4369252,
    "pl": 1714601702.1922626,
    "pt-BR": 1714601718.0438988,
    "ru": 1714601733.9858165,
    "tr": 1714601749.636356
}