{
    "en-US": 1717110875.4548616,
    "ar": 1717110891.391962,
    "de": 1717110907.3838665,
    "es-ES": 1717110923.222784,
    "es-MX": 1717110939.3873599,
    "fr": 1717110955.242958,
    "it": 1717110971.1775706,
    "ja": 1717110988.9857938,
    "ko": 1717111006.3761158,
    "pl": 1717111022.028237,
    "pt-BR": 1717111037.9771247,
    "ru": 1717111053.7113745,
    "tr": 1717111069.7102354
}