{
    "en-US": 1719785573.212031,
    "ar": 1719785588.3580985,
    "de": 1719785603.5028853,
    "es-ES": 1719785618.6246328,
    "es-MX": 1719785633.7605298,
    "fr": 1719785648.8643076,
    "it": 1719785663.9787385,
    "ja": 1719785679.0755508,
    "ko": 1719785694.1861174,
    "pl": 1719785709.3000972,
    "pt-BR": 1719785724.4164379,
    "ru": 1719785739.5203385,
    "tr": 1719785754.6360528
}