{
    "en-US": 1715185011.2649863,
    "ar": 1715185027.780656,
    "de": 1715185043.4251368,
    "es-ES": 1715185058.7649038,
    "es-MX": 1715185074.4930844,
    "fr": 1715185090.2303338,
    "it": 1715185106.225413,
    "ja": 1715185126.1141057,
    "ko": 1715185144.4665349,
    "pl": 1715185160.3048408,
    "pt-BR": 1715185175.7138948,
    "ru": 1715185191.606436,
    "tr": 1715185207.7415423
}