{
    "en-US": 1717330843.5967784,
    "ar": 1717330859.769495,
    "de": 1717330875.522988,
    "es-ES": 1717330891.253444,
    "es-MX": 1717330907.2822108,
    "fr": 1717330923.1546779,
    "it": 1717330939.013224,
    "ja": 1717330956.4483507,
    "ko": 1717330973.4339433,
    "pl": 1717330989.6562226,
    "pt-BR": 1717331005.2701375,
    "ru": 1717331021.2314951,
    "tr": 1717331037.418479
}