{
    "en-US": 1722255939.7847927,
    "ar": 1722255954.8878715,
    "de": 1722255970.013149,
    "es-ES": 1722255985.1266682,
    "es-MX": 1722256000.241482,
    "fr": 1722256015.353926,
    "it": 1722256030.4687698,
    "ja": 1722256045.5602875,
    "ko": 1722256060.6995358,
    "pl": 1722256075.7898777,
    "pt-BR": 1722256090.9214892,
    "ru": 1722256106.022535,
    "tr": 1722256121.1314905
}