{
    "en-US": 1716481017.433253,
    "ar": 1716481033.6698973,
    "de": 1716481049.521392,
    "es-ES": 1716481065.0279984,
    "es-MX": 1716481080.8047442,
    "fr": 1716481096.3546388,
    "it": 1716481112.2911181,
    "ja": 1716481128.4497561,
    "ko": 1716481144.7346704,
    "pl": 1716481160.2826042,
    "pt-BR": 1716481176.183479,
    "ru": 1716481192.1686318,
    "tr": 1716481208.1200302
}