{
    "en-US": 1717834506.7368102,
    "ar": 1717834522.777285,
    "de": 1717834538.373019,
    "es-ES": 1717834553.484978,
    "es-MX": 1717834568.6101003,
    "fr": 1717834583.7147286,
    "it": 1717834598.8492777,
    "ja": 1717834613.9424548,
    "ko": 1717834629.0541387,
    "pl": 1717834644.1468363,
    "pt-BR": 1717834659.2482724,
    "ru": 1717834674.3522527,
    "tr": 1717834689.461534
}