{
    "en-US": 1715325207.678743,
    "ar": 1715325223.7635548,
    "de": 1715325239.4723256,
    "es-ES": 1715325255.156633,
    "es-MX": 1715325270.904295,
    "fr": 1715325286.7020454,
    "it": 1715325302.7272243,
    "ja": 1715325319.236803,
    "ko": 1715325335.5732365,
    "pl": 1715325351.3245244,
    "pt-BR": 1715325367.1191337,
    "ru": 1715325383.3247623,
    "tr": 1715325399.1144104
}