{
    "en-US": 1720275082.1476493,
    "ar": 1720275097.3151884,
    "de": 1720275112.4923265,
    "es-ES": 1720275127.6612206,
    "es-MX": 1720275142.8441675,
    "fr": 1720275158.0074918,
    "it": 1720275173.2226071,
    "ja": 1720275188.388744,
    "ko": 1720275203.5551875,
    "pl": 1720275218.7128425,
    "pt-BR": 1720275233.8918052,
    "ru": 1720275249.0545135,
    "tr": 1720275264.2606623
}