{
    "en-US": 1720419609.1180117,
    "ar": 1720419624.2189965,
    "de": 1720419639.3285844,
    "es-ES": 1720419654.4230838,
    "es-MX": 1720419669.5346537,
    "fr": 1720419684.6551397,
    "it": 1720419699.7655234,
    "ja": 1720419714.8760884,
    "ko": 1720419729.9729326,
    "pl": 1720419745.0705507,
    "pt-BR": 1720419760.1949265,
    "ru": 1720419775.3100958,
    "tr": 1720419790.4110923
}