{
    "en-US": 1721160862.6375992,
    "ar": 1721160877.8124132,
    "de": 1721160893.004699,
    "es-ES": 1721160908.1627023,
    "es-MX": 1721160923.3458126,
    "fr": 1721160938.4981737,
    "it": 1721160953.6646864,
    "ja": 1721160968.8204923,
    "ko": 1721160983.9819934,
    "pl": 1721160999.1438427,
    "pt-BR": 1721161014.339022,
    "ru": 1721161029.4975443,
    "tr": 1721161044.652576
}