{
    "en-US": 1720182138.4415767,
    "ar": 1720182153.6134653,
    "de": 1720182168.7878802,
    "es-ES": 1720182183.9624045,
    "es-MX": 1720182199.1604197,
    "fr": 1720182214.324997,
    "it": 1720182229.5022774,
    "ja": 1720182244.6639655,
    "ko": 1720182259.8262303,
    "pl": 1720182274.9871435,
    "pt-BR": 1720182290.1736062,
    "ru": 1720182305.339269,
    "tr": 1720182320.50448
}