{
    "en-US": 1714309964.7991712,
    "ar": 1714309980.7640412,
    "de": 1714309996.4842482,
    "es-ES": 1714310012.1587853,
    "es-MX": 1714310027.6794314,
    "fr": 1714310043.4056745,
    "it": 1714310059.14748,
    "ja": 1714310075.6172419,
    "ko": 1714310091.7817378,
    "pl": 1714310107.486507,
    "pt-BR": 1714310123.188835,
    "ru": 1714310138.9376233,
    "tr": 1714310154.709002
}