{
    "en-US": 1720718011.937345,
    "ar": 1720718027.105012,
    "de": 1720718042.2957637,
    "es-ES": 1720718057.4577193,
    "es-MX": 1720718072.6355436,
    "fr": 1720718087.7966664,
    "it": 1720718102.989492,
    "ja": 1720718118.1622841,
    "ko": 1720718133.3259463,
    "pl": 1720718148.4874463,
    "pt-BR": 1720718163.6645427,
    "ru": 1720718178.8301837,
    "tr": 1720718194.0253108
}