{
    "en-US": 1715670809.8751519,
    "ar": 1715670825.9017105,
    "de": 1715670841.471915,
    "es-ES": 1715670856.9162757,
    "es-MX": 1715670872.5346622,
    "fr": 1715670888.1394641,
    "it": 1715670903.75076,
    "ja": 1715670920.8894327,
    "ko": 1715670937.7123787,
    "pl": 1715670953.314829,
    "pt-BR": 1715670968.7120843,
    "ru": 1715670984.3755834,
    "tr": 1715671000.1942701
}