{
    "en-US": 1715242548.1735554,
    "ar": 1715242564.3674552,
    "de": 1715242579.881562,
    "es-ES": 1715242595.6112857,
    "es-MX": 1715242611.3477943,
    "fr": 1715242627.11317,
    "it": 1715242642.8425717,
    "ja": 1715242660.0245724,
    "ko": 1715242676.7927437,
    "pl": 1715242692.527845,
    "pt-BR": 1715242708.252483,
    "ru": 1715242724.074299,
    "tr": 1715242739.8643436
}