{
    "en-US": 1719062208.1635904,
    "ar": 1719062223.367077,
    "de": 1719062238.612527,
    "es-ES": 1719062253.773105,
    "es-MX": 1719062268.9542313,
    "fr": 1719062284.1279528,
    "it": 1719062299.3326666,
    "ja": 1719062314.4949248,
    "ko": 1719062329.6631298,
    "pl": 1719062344.8276474,
    "pt-BR": 1719062360.003005,
    "ru": 1719062375.1604984,
    "tr": 1719062390.352882
}