{
    "en-US": 1717049895.4179375,
    "ar": 1717049911.443812,
    "de": 1717049927.0782743,
    "es-ES": 1717049942.6744423,
    "es-MX": 1717049958.4182093,
    "fr": 1717049974.1357303,
    "it": 1717049989.97194,
    "ja": 1717050008.1374876,
    "ko": 1717050025.1965842,
    "pl": 1717050040.9235718,
    "pt-BR": 1717050056.6957521,
    "ru": 1717050072.5231009,
    "tr": 1717050088.3128872
}