{
    "en-US": 1718727390.8997762,
    "ar": 1718727407.3169558,
    "de": 1718727423.3272429,
    "es-ES": 1718727438.544656,
    "es-MX": 1718727453.725476,
    "fr": 1718727468.9022856,
    "it": 1718727484.07925,
    "ja": 1718727499.2486484,
    "ko": 1718727514.4383395,
    "pl": 1718727529.6150637,
    "pt-BR": 1718727544.8048992,
    "ru": 1718727559.9750645,
    "tr": 1718727575.1471863
}