{
    "en-US": 1718136880.4642963,
    "ar": 1718136896.7594328,
    "de": 1718136912.750072,
    "es-ES": 1718136928.443239,
    "es-MX": 1718136944.4855976,
    "fr": 1718136960.6702323,
    "it": 1718136975.8169467,
    "ja": 1718136990.94679,
    "ko": 1718137006.1559224,
    "pl": 1718137021.3308039,
    "pt-BR": 1718137036.4708836,
    "ru": 1718137051.6183994,
    "tr": 1718137066.745782
}