{
    "en-US": 1717838117.9017518,
    "ar": 1717838134.0636892,
    "de": 1717838149.6096501,
    "es-ES": 1717838164.7233741,
    "es-MX": 1717838179.8359146,
    "fr": 1717838194.9369624,
    "it": 1717838210.0476394,
    "ja": 1717838225.1450934,
    "ko": 1717838240.2810538,
    "pl": 1717838255.3792834,
    "pt-BR": 1717838270.4918203,
    "ru": 1717838285.5925062,
    "tr": 1717838300.7050655
}