{
    "en-US": 1714493749.1347904,
    "ar": 1714493765.4087873,
    "de": 1714493781.159449,
    "es-ES": 1714493796.9317255,
    "es-MX": 1714493812.708122,
    "fr": 1714493828.4640856,
    "it": 1714493844.2287362,
    "ja": 1714493862.029705,
    "ko": 1714493879.3687797,
    "pl": 1714493895.1121862,
    "pt-BR": 1714493910.880894,
    "ru": 1714493926.7374797,
    "tr": 1714493942.5679595
}