{
    "en-US": 1717209442.521075,
    "ar": 1717209458.5163994,
    "de": 1717209474.2415018,
    "es-ES": 1717209489.75292,
    "es-MX": 1717209505.3589153,
    "fr": 1717209520.9976308,
    "it": 1717209536.6315143,
    "ja": 1717209553.8780892,
    "ko": 1717209570.5957613,
    "pl": 1717209586.4298158,
    "pt-BR": 1717209602.0688784,
    "ru": 1717209618.1256583,
    "tr": 1717209633.8521965
}