{
    "en-US": 1717557459.3619683,
    "ar": 1717557475.3186116,
    "de": 1717557491.0220516,
    "es-ES": 1717557506.6340086,
    "es-MX": 1717557522.5063725,
    "fr": 1717557538.246254,
    "it": 1717557554.0038316,
    "ja": 1717557572.6466246,
    "ko": 1717557590.1150653,
    "pl": 1717557605.6077769,
    "pt-BR": 1717557621.349245,
    "ru": 1717557637.1492393,
    "tr": 1717557652.9947777
}