{
    "en-US": 1718334916.6740382,
    "ar": 1718334932.9588795,
    "de": 1718334948.7968376,
    "es-ES": 1718334964.0073469,
    "es-MX": 1718334979.2330356,
    "fr": 1718334994.4050212,
    "it": 1718335009.6022162,
    "ja": 1718335024.7722144,
    "ko": 1718335039.9720213,
    "pl": 1718335055.1636868,
    "pt-BR": 1718335070.3564086,
    "ru": 1718335085.539961,
    "tr": 1718335100.72927
}