{
    "en-US": 1720451690.3136003,
    "ar": 1720451705.473065,
    "de": 1720451720.644846,
    "es-ES": 1720451735.7998161,
    "es-MX": 1720451750.9789276,
    "fr": 1720451766.139995,
    "it": 1720451781.3129447,
    "ja": 1720451796.4772875,
    "ko": 1720451811.6420088,
    "pl": 1720451826.8018465,
    "pt-BR": 1720451841.9908247,
    "ru": 1720451857.2025602,
    "tr": 1720451872.3670523
}