{
    "en-US": 1719587637.6158617,
    "ar": 1719587652.7521806,
    "de": 1719587667.9314826,
    "es-ES": 1719587683.0436509,
    "es-MX": 1719587698.1823223,
    "fr": 1719587713.3020518,
    "it": 1719587728.5440257,
    "ja": 1719587743.6771114,
    "ko": 1719587758.8105562,
    "pl": 1719587773.9385092,
    "pt-BR": 1719587789.080485,
    "ru": 1719587804.2039518,
    "tr": 1719587819.35938
}