{
    "en-US": 1716938036.7506895,
    "ar": 1716938053.012936,
    "de": 1716938069.064253,
    "es-ES": 1716938084.7871034,
    "es-MX": 1716938100.8052127,
    "fr": 1716938116.306445,
    "it": 1716938132.2316618,
    "ja": 1716938150.1609476,
    "ko": 1716938167.0170338,
    "pl": 1716938182.5052257,
    "pt-BR": 1716938197.9915154,
    "ru": 1716938213.833373,
    "tr": 1716938229.6952994
}