{
    "en-US": 1715551872.8671634,
    "ar": 1715551888.987421,
    "de": 1715551904.7025397,
    "es-ES": 1715551920.3504477,
    "es-MX": 1715551936.1232572,
    "fr": 1715551951.8313532,
    "it": 1715551967.5848505,
    "ja": 1715551985.2123678,
    "ko": 1715552002.2549794,
    "pl": 1715552018.0048916,
    "pt-BR": 1715552033.7865546,
    "ru": 1715552049.600805,
    "tr": 1715552065.3654456
}