{
    "en-US": 1715865315.5314236,
    "ar": 1715865331.881909,
    "de": 1715865347.7404475,
    "es-ES": 1715865363.4103854,
    "es-MX": 1715865379.1217587,
    "fr": 1715865394.845462,
    "it": 1715865410.6323981,
    "ja": 1715865429.996471,
    "ko": 1715865448.6550565,
    "pl": 1715865464.3457847,
    "pt-BR": 1715865480.1567922,
    "ru": 1715865495.6855395,
    "tr": 1715865511.4965248
}