{
    "en-US": 1718713468.8456817,
    "ar": 1718713485.1827028,
    "de": 1718713501.0266297,
    "es-ES": 1718713516.165529,
    "es-MX": 1718713531.3015451,
    "fr": 1718713546.4165845,
    "it": 1718713561.544333,
    "ja": 1718713576.6552653,
    "ko": 1718713591.8199022,
    "pl": 1718713606.916642,
    "pt-BR": 1718713622.04323,
    "ru": 1718713637.1465974,
    "tr": 1718713652.25958
}