{
    "en-US": 1714659101.0586653,
    "ar": 1714659117.343374,
    "de": 1714659133.1040215,
    "es-ES": 1714659148.603447,
    "es-MX": 1714659164.4308467,
    "fr": 1714659180.3018637,
    "it": 1714659196.2213337,
    "ja": 1714659213.628414,
    "ko": 1714659230.5185025,
    "pl": 1714659246.397198,
    "pt-BR": 1714659261.9608202,
    "ru": 1714659278.1006577,
    "tr": 1714659294.4911988
}