{
    "en-US": 1714734663.6454895,
    "ar": 1714734679.8077016,
    "de": 1714734695.5096474,
    "es-ES": 1714734711.242394,
    "es-MX": 1714734726.9678473,
    "fr": 1714734742.4912338,
    "it": 1714734758.203237,
    "ja": 1714734775.6003737,
    "ko": 1714734792.5130146,
    "pl": 1714734808.4533896,
    "pt-BR": 1714734823.9802425,
    "ru": 1714734839.7845724,
    "tr": 1714734855.5731885
}