{
    "en-US": 1719901193.7351203,
    "ar": 1719901208.9138925,
    "de": 1719901224.0895507,
    "es-ES": 1719901239.2586877,
    "es-MX": 1719901254.4695015,
    "fr": 1719901269.6479003,
    "it": 1719901284.8312457,
    "ja": 1719901300.002483,
    "ko": 1719901315.1804485,
    "pl": 1719901330.3535001,
    "pt-BR": 1719901345.5484827,
    "ru": 1719901360.718579,
    "tr": 1719901375.89617
}