{
    "en-US": 1716405057.9516506,
    "ar": 1716405074.208859,
    "de": 1716405089.9928374,
    "es-ES": 1716405105.5570636,
    "es-MX": 1716405121.1142788,
    "fr": 1716405137.0757978,
    "it": 1716405153.000321,
    "ja": 1716405170.6448872,
    "ko": 1716405188.018697,
    "pl": 1716405203.5577705,
    "pt-BR": 1716405219.4972067,
    "ru": 1716405235.3136208,
    "tr": 1716405251.1840267
}