{
    "en-US": 1715246015.201181,
    "ar": 1715246031.3946958,
    "de": 1715246047.1160984,
    "es-ES": 1715246062.8315165,
    "es-MX": 1715246078.5688808,
    "fr": 1715246094.3425438,
    "it": 1715246109.9288552,
    "ja": 1715246127.8333075,
    "ko": 1715246144.709722,
    "pl": 1715246160.4503481,
    "pt-BR": 1715246176.220397,
    "ru": 1715246192.337917,
    "tr": 1715246208.1819544
}