{
    "en-US": 1713676389.1055691,
    "ar": 1713676405.1134958,
    "de": 1713676420.6240232,
    "es-ES": 1713676436.1567965,
    "es-MX": 1713676451.7277982,
    "fr": 1713676467.2978373,
    "it": 1713676482.853398,
    "ja": 1713676501.3963797,
    "ko": 1713676519.4587703,
    "pl": 1713676535.0191298,
    "pt-BR": 1713676550.6117349,
    "ru": 1713676566.3267825,
    "tr": 1713676581.923052
}