{
    "en-US": 1719494185.1559584,
    "ar": 1719494200.3333154,
    "de": 1719494215.5150123,
    "es-ES": 1719494230.6855838,
    "es-MX": 1719494245.8854976,
    "fr": 1719494261.0499272,
    "it": 1719494276.2291617,
    "ja": 1719494291.424015,
    "ko": 1719494306.593657,
    "pl": 1719494321.756356,
    "pt-BR": 1719494336.9583108,
    "ru": 1719494352.1315734,
    "tr": 1719494367.2951396
}