{
    "en-US": 1717575434.0827367,
    "ar": 1717575450.1600888,
    "de": 1717575466.12495,
    "es-ES": 1717575481.783186,
    "es-MX": 1717575497.4946463,
    "fr": 1717575513.2519586,
    "it": 1717575529.2260423,
    "ja": 1717575546.7948742,
    "ko": 1717575563.8547778,
    "pl": 1717575579.32865,
    "pt-BR": 1717575595.1011016,
    "ru": 1717575610.732761,
    "tr": 1717575626.4768548
}