{
    "en-US": 1714092646.9286854,
    "ar": 1714092663.067487,
    "de": 1714092678.6412985,
    "es-ES": 1714092693.9808779,
    "es-MX": 1714092709.7286496,
    "fr": 1714092725.318666,
    "it": 1714092740.8937395,
    "ja": 1714092758.578816,
    "ko": 1714092775.316941,
    "pl": 1714092790.918634,
    "pt-BR": 1714092806.6512265,
    "ru": 1714092822.3537538,
    "tr": 1714092838.0567613
}