{
    "en-US": 1715761033.7445552,
    "ar": 1715761049.8552763,
    "de": 1715761065.4528053,
    "es-ES": 1715761081.0942438,
    "es-MX": 1715761096.7421284,
    "fr": 1715761112.3609555,
    "it": 1715761127.994174,
    "ja": 1715761145.9109619,
    "ko": 1715761163.3990269,
    "pl": 1715761179.0502899,
    "pt-BR": 1715761194.913094,
    "ru": 1715761210.3835547,
    "tr": 1715761226.4689317
}