{
    "en-US": 1721358985.5157328,
    "ar": 1721359000.6211445,
    "de": 1721359015.7287452,
    "es-ES": 1721359030.818607,
    "es-MX": 1721359045.9310691,
    "fr": 1721359061.0420735,
    "it": 1721359076.143857,
    "ja": 1721359091.236231,
    "ko": 1721359106.33349,
    "pl": 1721359121.4318643,
    "pt-BR": 1721359136.9207294,
    "ru": 1721359260.238895,
    "tr": 1721359275.3351011
}