{
    "en-US": 1714061751.8158836,
    "ar": 1714061768.262174,
    "de": 1714061783.6241274,
    "es-ES": 1714061799.2368207,
    "es-MX": 1714061814.864738,
    "fr": 1714061830.6639688,
    "it": 1714061846.0747032,
    "ja": 1714061864.475294,
    "ko": 1714061882.505631,
    "pl": 1714061898.1630793,
    "pt-BR": 1714061913.798992,
    "ru": 1714061929.6013384,
    "tr": 1714061945.2845383
}