{
    "en-US": 1716771283.0834522,
    "ar": 1716771299.2186997,
    "de": 1716771314.9507582,
    "es-ES": 1716771330.4717968,
    "es-MX": 1716771346.3830025,
    "fr": 1716771362.0274267,
    "it": 1716771377.9772289,
    "ja": 1716771395.4810503,
    "ko": 1716771412.3421416,
    "pl": 1716771428.301873,
    "pt-BR": 1716771444.2509735,
    "ru": 1716771459.900445,
    "tr": 1716771476.0891857
}