{
    "en-US": 1717060519.7705579,
    "ar": 1717060535.8188918,
    "de": 1717060551.616118,
    "es-ES": 1717060567.401463,
    "es-MX": 1717060583.4860263,
    "fr": 1717060599.3891344,
    "it": 1717060615.382866,
    "ja": 1717060632.6216867,
    "ko": 1717060649.7286894,
    "pl": 1717060665.6487858,
    "pt-BR": 1717060681.5479212,
    "ru": 1717060697.6854646,
    "tr": 1717060713.6347547
}