{
    "en-US": 1722277119.9521937,
    "ar": 1722277135.137562,
    "de": 1722277150.3251455,
    "es-ES": 1722277165.5010874,
    "es-MX": 1722277180.7036355,
    "fr": 1722277195.871614,
    "it": 1722277211.0829494,
    "ja": 1722277226.253669,
    "ko": 1722277241.4486916,
    "pl": 1722277256.6113522,
    "pt-BR": 1722277271.817527,
    "ru": 1722277286.9859958,
    "tr": 1722277302.1908274
}