{
    "en-US": 1717647336.430542,
    "ar": 1717647352.420611,
    "de": 1717647367.9647622,
    "es-ES": 1717647383.156622,
    "es-MX": 1717647398.333804,
    "fr": 1717647413.500425,
    "it": 1717647428.690933,
    "ja": 1717647443.854937,
    "ko": 1717647459.0519438,
    "pl": 1717647474.2291534,
    "pt-BR": 1717647489.416518,
    "ru": 1717647504.588721,
    "tr": 1717647519.781369
}