{
    "en-US": 1714777988.4585798,
    "ar": 1714778004.6203659,
    "de": 1714778020.3056011,
    "es-ES": 1714778035.6604002,
    "es-MX": 1714778051.3179631,
    "fr": 1714778066.9495635,
    "it": 1714778082.6520395,
    "ja": 1714778100.9419246,
    "ko": 1714778118.0515668,
    "pl": 1714778133.7605162,
    "pt-BR": 1714778149.1712723,
    "ru": 1714778164.3993077,
    "tr": 1714778179.569223
}