{
    "en-US": 1715627448.1180031,
    "ar": 1715627464.1622958,
    "de": 1715627479.8832746,
    "es-ES": 1715627495.4897182,
    "es-MX": 1715627510.9094708,
    "fr": 1715627526.6980276,
    "it": 1715627542.3717437,
    "ja": 1715627560.508902,
    "ko": 1715627577.6845765,
    "pl": 1715627593.168863,
    "pt-BR": 1715627608.9424272,
    "ru": 1715627624.4394035,
    "tr": 1715627640.3686545
}