{
    "en-US": 1722330885.1898718,
    "ar": 1722330900.295728,
    "de": 1722330915.4071345,
    "es-ES": 1722330930.499416,
    "es-MX": 1722330945.610949,
    "fr": 1722330960.7031362,
    "it": 1722330975.8305256,
    "ja": 1722330990.925253,
    "ko": 1722331006.036163,
    "pl": 1722331021.128396,
    "pt-BR": 1722331036.2398,
    "ru": 1722331051.334011,
    "tr": 1722331066.4584532
}