{
    "en-US": 1721596330.7947419,
    "ar": 1721596345.8802297,
    "de": 1721596361.0088005,
    "es-ES": 1721596376.1058767,
    "es-MX": 1721596391.2208748,
    "fr": 1721596406.3224206,
    "it": 1721596421.4186928,
    "ja": 1721596436.5061073,
    "ko": 1721596451.6188908,
    "pl": 1721596466.7113779,
    "pt-BR": 1721596481.8151512,
    "ru": 1721596496.92833,
    "tr": 1721596512.0276394
}