{
    "en-US": 1716977744.3188,
    "ar": 1716977760.2059972,
    "de": 1716977775.7056808,
    "es-ES": 1716977791.1642315,
    "es-MX": 1716977806.7738996,
    "fr": 1716977822.3931084,
    "it": 1716977837.9991643,
    "ja": 1716977855.2199934,
    "ko": 1716977871.960565,
    "pl": 1716977890.3074524,
    "pt-BR": 1716977906.2627056,
    "ru": 1716977922.150751,
    "tr": 1716977938.105049
}