{
    "en-US": 1722041822.2001514,
    "ar": 1722041837.3037834,
    "de": 1722041852.390261,
    "es-ES": 1722041867.4853766,
    "es-MX": 1722041882.6153388,
    "fr": 1722041897.7170007,
    "it": 1722041912.8226485,
    "ja": 1722041927.910769,
    "ko": 1722041942.9962597,
    "pl": 1722041958.0893192,
    "pt-BR": 1722041973.185383,
    "ru": 1722041988.2789156,
    "tr": 1722042003.395928
}