{
    "en-US": 1719626346.1826427,
    "ar": 1719626361.2979023,
    "de": 1719626376.4333315,
    "es-ES": 1719626391.5445325,
    "es-MX": 1719626406.660335,
    "fr": 1719626421.8044956,
    "it": 1719626436.927574,
    "ja": 1719626452.0327806,
    "ko": 1719626467.1443684,
    "pl": 1719626482.256261,
    "pt-BR": 1719626497.3715985,
    "ru": 1719626512.5264459,
    "tr": 1719626527.7002213
}