{
    "en-US": 1717625576.312602,
    "ar": 1717625592.521675,
    "de": 1717625608.6401937,
    "es-ES": 1717625623.8355312,
    "es-MX": 1717625639.0249639,
    "fr": 1717625654.1864314,
    "it": 1717625669.361621,
    "ja": 1717625684.5323114,
    "ko": 1717625699.7189777,
    "pl": 1717625714.8863454,
    "pt-BR": 1717625730.0633914,
    "ru": 1717625745.2325487,
    "tr": 1717625760.403737
}