{
    "en-US": 1719076272.912188,
    "ar": 1719076289.1071453,
    "de": 1719076304.840539,
    "es-ES": 1719076319.9614124,
    "es-MX": 1719076335.1360488,
    "fr": 1719076350.2519732,
    "it": 1719076365.3938906,
    "ja": 1719076380.4938433,
    "ko": 1719076395.6160064,
    "pl": 1719076410.7212837,
    "pt-BR": 1719076425.8454006,
    "ru": 1719076440.9629226,
    "tr": 1719076456.076814
}