{
    "en-US": 1719929644.2973459,
    "ar": 1719929659.4473574,
    "de": 1719929674.5867763,
    "es-ES": 1719929689.7190092,
    "es-MX": 1719929704.895768,
    "fr": 1719929720.0524564,
    "it": 1719929735.2053585,
    "ja": 1719929750.342676,
    "ko": 1719929765.462201,
    "pl": 1719929780.5657477,
    "pt-BR": 1719929795.7143626,
    "ru": 1719929810.825153,
    "tr": 1719929825.9693635
}