{
    "en-US": 1719781995.4234447,
    "ar": 1719782010.543203,
    "de": 1719782025.6592827,
    "es-ES": 1719782040.7655268,
    "es-MX": 1719782055.917022,
    "fr": 1719782071.020517,
    "it": 1719782086.1286309,
    "ja": 1719782101.2623618,
    "ko": 1719782116.3831184,
    "pl": 1719782131.4919765,
    "pt-BR": 1719782146.6376283,
    "ru": 1719782161.7415423,
    "tr": 1719782176.8550858
}