{
    "en-US": 1717388265.6544087,
    "ar": 1717388281.74495,
    "de": 1717388297.3656776,
    "es-ES": 1717388312.9279017,
    "es-MX": 1717388328.4351306,
    "fr": 1717388344.1605754,
    "it": 1717388359.9704616,
    "ja": 1717388377.2148445,
    "ko": 1717388394.0161786,
    "pl": 1717388409.8722684,
    "pt-BR": 1717388425.633254,
    "ru": 1717388441.6395714,
    "tr": 1717388457.4315991
}