{
    "en-US": 1718345936.2967014,
    "ar": 1718345951.444654,
    "de": 1718345966.6111493,
    "es-ES": 1718345981.7069645,
    "es-MX": 1718345996.824341,
    "fr": 1718346011.9340532,
    "it": 1718346027.0813382,
    "ja": 1718346042.177837,
    "ko": 1718346057.2783322,
    "pl": 1718346072.3737814,
    "pt-BR": 1718346087.5003407,
    "ru": 1718346102.5979795,
    "tr": 1718346117.7180526
}