{
    "en-US": 1715012139.8712475,
    "ar": 1715012155.8889356,
    "de": 1715012171.5421214,
    "es-ES": 1715012187.144387,
    "es-MX": 1715012202.8263862,
    "fr": 1715012218.5766392,
    "it": 1715012234.3681245,
    "ja": 1715012253.6557748,
    "ko": 1715012271.238188,
    "pl": 1715012287.083369,
    "pt-BR": 1715012303.06423,
    "ru": 1715012318.7899618,
    "tr": 1715012334.5850608
}