{
    "en-US": 1717766244.251456,
    "ar": 1717766260.3867543,
    "de": 1717766276.3270895,
    "es-ES": 1717766292.1809916,
    "es-MX": 1717766307.3490827,
    "fr": 1717766322.4675953,
    "it": 1717766337.6254709,
    "ja": 1717766352.729724,
    "ko": 1717766367.8488233,
    "pl": 1717766382.9867702,
    "pt-BR": 1717766398.1227684,
    "ru": 1717766413.2437701,
    "tr": 1717766428.3683474
}