{
    "en-US": 1716974170.822457,
    "ar": 1716974186.622692,
    "de": 1716974202.2263749,
    "es-ES": 1716974217.81136,
    "es-MX": 1716974233.7543335,
    "fr": 1716974249.675336,
    "it": 1716974265.4098387,
    "ja": 1716974285.4791992,
    "ko": 1716974302.2340717,
    "pl": 1716974317.7120285,
    "pt-BR": 1716974333.4040797,
    "ru": 1716974348.9598489,
    "tr": 1716974367.2589328
}