{
    "en-US": 1718802988.897192,
    "ar": 1718803005.4174309,
    "de": 1718803021.370383,
    "es-ES": 1718803036.6484854,
    "es-MX": 1718803052.072587,
    "fr": 1718803067.3066123,
    "it": 1718803082.5523438,
    "ja": 1718803097.7944438,
    "ko": 1718803113.064143,
    "pl": 1718803128.285211,
    "pt-BR": 1718803143.5306964,
    "ru": 1718803158.7630005,
    "tr": 1718803174.0307283
}