{
    "en-US": 1715713801.7863283,
    "ar": 1715713818.1387768,
    "de": 1715713833.9930036,
    "es-ES": 1715713849.4303493,
    "es-MX": 1715713865.3926976,
    "fr": 1715713881.228817,
    "it": 1715713896.9512105,
    "ja": 1715713913.371908,
    "ko": 1715713929.6092882,
    "pl": 1715713945.1787114,
    "pt-BR": 1715713961.312125,
    "ru": 1715713977.0632877,
    "tr": 1715713993.3689783
}