{
    "en-US": 1715663635.313353,
    "ar": 1715663651.4076324,
    "de": 1715663666.8520977,
    "es-ES": 1715663682.4748104,
    "es-MX": 1715663698.203388,
    "fr": 1715663713.7148554,
    "it": 1715663729.4562986,
    "ja": 1715663746.8989224,
    "ko": 1715663763.683393,
    "pl": 1715663779.3684022,
    "pt-BR": 1715663795.0660534,
    "ru": 1715663810.8082724,
    "tr": 1715663826.6371684
}