{
    "en-US": 1721938474.4173007,
    "ar": 1721938489.5482943,
    "de": 1721938504.6611269,
    "es-ES": 1721938519.777954,
    "es-MX": 1721938534.9026358,
    "fr": 1721938549.996245,
    "it": 1721938565.1108491,
    "ja": 1721938580.2086587,
    "ko": 1721938595.328539,
    "pl": 1721938610.452864,
    "pt-BR": 1721938625.559777,
    "ru": 1721938640.7074587,
    "tr": 1721938655.8176286
}