{
    "en-US": 1721038526.1808064,
    "ar": 1721038541.294802,
    "de": 1721038556.4052794,
    "es-ES": 1721038571.5187736,
    "es-MX": 1721038586.6234782,
    "fr": 1721038601.7158816,
    "it": 1721038616.8133616,
    "ja": 1721038631.9196937,
    "ko": 1721038647.020991,
    "pl": 1721038662.1160653,
    "pt-BR": 1721038677.2187667,
    "ru": 1721038692.312027,
    "tr": 1721038707.3995996
}